time,temp,rhum,prcp,snwd,wdir,wspd,wpgt,pres,tsun,cldc,coco,station_id,station_name
2025-01-01 00:00:00,7.2,100,0.0,,304,11.5,,1018.9,,8,5,42137,Karnal
2025-01-01 00:00:00,7.2,100,0.0,,304,11.5,,1018.9,,8,5,42137,Karnal
2025-01-01 01:00:00,7.6,99,0.0,,293,11.2,,1018.9,,8,5,42137,Karnal
2025-01-01 01:00:00,7.6,99,0.0,,293,11.2,,1018.9,,8,5,42137,Karnal
2025-01-01 02:00:00,7.8,99,0.0,,286,10.1,,1018.9,,8,5,42137,Karnal
2025-01-01 02:00:00,7.8,99,0.0,,286,10.1,,1018.9,,8,5,42137,Karnal
2025-01-01 03:00:00,9.0,89,0.0,,0,0.0,,1021.0,,8,5,42137,Karnal
2025-01-01 03:00:00,9.0,89,0.0,,0,0.0,,1021.0,,8,5,42137,Karnal
2025-01-01 04:00:00,9.1,96,0.0,,301,13.3,,1020.2,,8,5,42137,Karnal
2025-01-01 04:00:00,9.1,96,0.0,,301,13.3,,1020.2,,8,5,42137,Karnal
2025-01-01 05:00:00,10.7,88,0.0,,302,12.6,,1020.4,,8,5,42137,Karnal
2025-01-01 05:00:00,10.7,88,0.0,,302,12.6,,1020.4,,8,5,42137,Karnal
2025-01-01 06:00:00,12.0,82,0.0,,301,12.2,,1020.0,,8,3,42137,Karnal
2025-01-01 06:00:00,12.0,82,0.0,,301,12.2,,1020.0,,8,3,42137,Karnal
2025-01-01 07:00:00,13.8,77,0.0,,297,10.1,,1019.0,,2,3,42137,Karnal
2025-01-01 07:00:00,13.8,77,0.0,,297,10.1,,1019.0,,2,3,42137,Karnal
2025-01-01 08:00:00,15.1,77,0.0,,291,9.7,,1017.6,,1,2,42137,Karnal
2025-01-01 08:00:00,15.1,77,0.0,,291,9.7,,1017.6,,1,2,42137,Karnal
2025-01-01 09:00:00,15.5,78,0.0,,279,10.1,,1016.8,,1,2,42137,Karnal
2025-01-01 09:00:00,15.5,78,0.0,,279,10.1,,1016.8,,1,2,42137,Karnal
2025-01-01 10:00:00,15.6,79,0.0,,271,11.2,,1016.7,,1,1,42137,Karnal
2025-01-01 10:00:00,15.6,79,0.0,,271,11.2,,1016.7,,1,1,42137,Karnal
2025-01-01 11:00:00,15.0,83,0.0,,270,9.7,,1016.6,,1,1,42137,Karnal
2025-01-01 11:00:00,15.0,83,0.0,,270,9.7,,1016.6,,1,1,42137,Karnal
2025-01-01 12:00:00,13.0,91,0.0,,273,8.3,,1016.8,,5,2,42137,Karnal
2025-01-01 12:00:00,13.0,91,0.0,,273,8.3,,1016.8,,5,2,42137,Karnal
2025-01-01 13:00:00,12.1,93,0.0,,285,9.0,,1017.6,,6,3,42137,Karnal
2025-01-01 13:00:00,12.1,93,0.0,,285,9.0,,1017.6,,6,3,42137,Karnal
2025-01-01 14:00:00,10.3,94,0.0,,297,7.6,,1019.2,,8,3,42137,Karnal
2025-01-01 14:00:00,10.3,94,0.0,,297,7.6,,1019.2,,8,3,42137,Karnal
2025-01-01 15:00:00,9.9,96,0.0,,304,7.6,,1019.6,,2,3,42137,Karnal
2025-01-01 15:00:00,9.9,96,0.0,,304,7.6,,1019.6,,2,3,42137,Karnal
2025-01-01 16:00:00,9.3,96,0.0,,303,6.8,,1019.5,,6,2,42137,Karnal
2025-01-01 16:00:00,9.3,96,0.0,,303,6.8,,1019.5,,6,2,42137,Karnal
2025-01-01 17:00:00,8.8,97,0.0,,301,7.2,,1019.5,,4,3,42137,Karnal
2025-01-01 17:00:00,8.8,97,0.0,,301,7.2,,1019.5,,4,3,42137,Karnal
2025-01-01 18:00:00,8.7,97,0.0,,306,7.9,,1019.1,,4,3,42137,Karnal
2025-01-01 18:00:00,8.7,97,0.0,,306,7.9,,1019.1,,4,3,42137,Karnal
2025-01-01 19:00:00,7.5,99,0.0,,305,6.8,,1018.4,,2,3,42137,Karnal
2025-01-01 19:00:00,7.5,99,0.0,,305,6.8,,1018.4,,2,3,42137,Karnal
2025-01-01 20:00:00,7.2,99,0.0,,290,7.6,,1017.9,,3,2,42137,Karnal
2025-01-01 20:00:00,7.2,99,0.0,,290,7.6,,1017.9,,3,2,42137,Karnal
2025-01-01 21:00:00,7.4,99,0.0,,311,9.0,,1017.2,,4,2,42137,Karnal
2025-01-01 21:00:00,7.4,99,0.0,,311,9.0,,1017.2,,4,2,42137,Karnal
2025-01-01 22:00:00,7.5,99,0.0,,291,9.4,,1016.9,,4,3,42137,Karnal
2025-01-01 22:00:00,7.5,99,0.0,,291,9.4,,1016.9,,4,3,42137,Karnal
2025-01-01 23:00:00,7.5,98,0.0,,281,11.2,,1017.0,,2,3,42137,Karnal
2025-01-01 23:00:00,7.5,98,0.0,,281,11.2,,1017.0,,2,3,42137,Karnal
2025-01-02 00:00:00,7.5,97,0.0,,288,11.9,,1016.7,,7,2,42137,Karnal
2025-01-02 00:00:00,7.5,97,0.0,,288,11.9,,1016.7,,7,2,42137,Karnal
2025-01-02 01:00:00,7.6,96,0.0,,284,11.9,,1017.1,,6,3,42137,Karnal
2025-01-02 01:00:00,7.6,96,0.0,,284,11.9,,1017.1,,6,3,42137,Karnal
2025-01-02 02:00:00,7.4,95,0.0,,284,10.4,,1018.1,,7,3,42137,Karnal
2025-01-02 02:00:00,7.4,95,0.0,,284,10.4,,1018.1,,7,3,42137,Karnal
2025-01-02 03:00:00,8.8,95,0.0,,0,0.0,,1020.0,,8,3,42137,Karnal
2025-01-02 03:00:00,8.8,95,0.0,,0,0.0,,1020.0,,8,3,42137,Karnal
2025-01-02 04:00:00,10.7,87,0.0,,301,9.4,,1020.0,,4,3,42137,Karnal
2025-01-02 04:00:00,10.7,87,0.0,,301,9.4,,1020.0,,4,3,42137,Karnal
2025-01-02 05:00:00,11.8,85,0.0,,317,8.6,,1020.4,,1,3,42137,Karnal
2025-01-02 05:00:00,11.8,85,0.0,,317,8.6,,1020.4,,1,3,42137,Karnal
2025-01-02 06:00:00,13.8,80,0.0,,311,8.6,,1019.9,,2,2,42137,Karnal
2025-01-02 06:00:00,13.8,80,0.0,,311,8.6,,1019.9,,2,2,42137,Karnal
2025-01-02 07:00:00,15.6,77,0.0,,304,8.6,,1018.7,,6,2,42137,Karnal
2025-01-02 07:00:00,15.6,77,0.0,,304,8.6,,1018.7,,6,2,42137,Karnal
2025-01-02 08:00:00,16.9,76,0.0,,294,10.4,,1017.6,,8,3,42137,Karnal
2025-01-02 08:00:00,16.9,76,0.0,,294,10.4,,1017.6,,8,3,42137,Karnal
2025-01-02 09:00:00,17.4,76,0.0,,288,11.2,,1016.8,,8,3,42137,Karnal
2025-01-02 09:00:00,17.4,76,0.0,,288,11.2,,1016.8,,8,3,42137,Karnal
2025-01-02 10:00:00,17.6,76,0.0,,293,11.2,,1016.7,,8,3,42137,Karnal
2025-01-02 10:00:00,17.6,76,0.0,,293,11.2,,1016.7,,8,3,42137,Karnal
2025-01-02 11:00:00,16.8,81,0.0,,284,8.6,,1016.7,,8,3,42137,Karnal
2025-01-02 11:00:00,16.8,81,0.0,,284,8.6,,1016.7,,8,3,42137,Karnal
2025-01-02 12:00:00,14.8,91,0.0,,274,7.9,,1016.7,,8,3,42137,Karnal
2025-01-02 12:00:00,14.8,91,0.0,,274,7.9,,1016.7,,8,3,42137,Karnal
2025-01-02 13:00:00,13.7,92,0.0,,281,9.0,,1017.3,,8,3,42137,Karnal
2025-01-02 13:00:00,13.7,92,0.0,,281,9.0,,1017.3,,8,3,42137,Karnal
2025-01-02 14:00:00,12.9,92,0.0,,290,9.0,,1017.6,,8,3,42137,Karnal
2025-01-02 14:00:00,12.9,92,0.0,,290,9.0,,1017.6,,8,3,42137,Karnal
2025-01-02 15:00:00,10.8,94,0.0,,297,6.8,,1018.4,,8,3,42137,Karnal
2025-01-02 15:00:00,10.8,94,0.0,,297,6.8,,1018.4,,8,3,42137,Karnal
2025-01-02 16:00:00,10.1,95,0.0,,304,6.5,,1018.7,,8,3,42137,Karnal
2025-01-02 16:00:00,10.1,95,0.0,,304,6.5,,1018.7,,8,3,42137,Karnal
2025-01-02 17:00:00,9.7,95,0.0,,313,6.1,,1018.7,,8,3,42137,Karnal
2025-01-02 17:00:00,9.7,95,0.0,,313,6.1,,1018.7,,8,3,42137,Karnal
2025-01-02 18:00:00,9.2,95,0.0,,323,6.1,,1018.6,,8,3,42137,Karnal
2025-01-02 18:00:00,9.2,95,0.0,,323,6.1,,1018.6,,8,3,42137,Karnal
2025-01-02 19:00:00,8.5,96,0.0,,315,5.0,,1018.3,,8,3,42137,Karnal
2025-01-02 19:00:00,8.5,96,0.0,,315,5.0,,1018.3,,8,3,42137,Karnal
2025-01-02 20:00:00,7.8,99,0.0,,292,5.4,,1018.2,,8,3,42137,Karnal
2025-01-02 20:00:00,7.8,99,0.0,,292,5.4,,1018.2,,8,3,42137,Karnal
2025-01-02 21:00:00,7.7,99,0.0,,283,5.8,,1018.1,,8,3,42137,Karnal
2025-01-02 21:00:00,7.7,99,0.0,,283,5.8,,1018.1,,8,3,42137,Karnal
2025-01-02 22:00:00,7.8,100,0.0,,288,6.8,,1017.8,,8,3,42137,Karnal
2025-01-02 22:00:00,7.8,100,0.0,,288,6.8,,1017.8,,8,3,42137,Karnal
2025-01-02 23:00:00,8.0,100,0.0,,300,7.6,,1017.4,,8,5,42137,Karnal
2025-01-02 23:00:00,8.0,100,0.0,,300,7.6,,1017.4,,8,5,42137,Karnal
2025-01-03 00:00:00,8.0,99,0.0,,296,7.2,,1017.4,,8,3,42137,Karnal
2025-01-03 00:00:00,8.0,99,0.0,,296,7.2,,1017.4,,8,3,42137,Karnal
2025-01-03 01:00:00,7.2,99,0.0,,284,6.1,,1018.6,,8,3,42137,Karnal
2025-01-03 01:00:00,7.2,99,0.0,,284,6.1,,1018.6,,8,3,42137,Karnal
2025-01-03 02:00:00,7.5,99,0.0,,311,5.8,,1019.1,,8,5,42137,Karnal
2025-01-03 02:00:00,7.5,99,0.0,,311,5.8,,1019.1,,8,5,42137,Karnal
2025-01-03 03:00:00,10.4,97,0.0,,0,0.0,,1020.4,,8,5,42137,Karnal
2025-01-03 03:00:00,10.4,97,0.0,,0,0.0,,1020.4,,8,5,42137,Karnal
2025-01-03 04:00:00,9.3,98,0.0,,331,5.4,,1020.1,,8,5,42137,Karnal
2025-01-03 04:00:00,9.3,98,0.0,,331,5.4,,1020.1,,8,5,42137,Karnal
2025-01-03 05:00:00,11.6,92,0.0,,298,4.3,,1020.5,,8,5,42137,Karnal
2025-01-03 05:00:00,11.6,92,0.0,,298,4.3,,1020.5,,8,5,42137,Karnal
2025-01-03 06:00:00,14.1,86,0.0,,290,4.7,,1020.0,,8,3,42137,Karnal
2025-01-03 06:00:00,14.1,86,0.0,,290,4.7,,1020.0,,8,3,42137,Karnal
2025-01-03 07:00:00,16.3,80,0.0,,294,5.4,,1018.9,,8,3,42137,Karnal
2025-01-03 07:00:00,16.3,80,0.0,,294,5.4,,1018.9,,8,3,42137,Karnal
2025-01-03 08:00:00,17.9,74,0.0,,298,6.1,,1017.7,,7,3,42137,Karnal
2025-01-03 08:00:00,17.9,74,0.0,,298,6.1,,1017.7,,7,3,42137,Karnal
2025-01-03 09:00:00,18.7,72,0.0,,297,6.8,,1016.8,,7,3,42137,Karnal
2025-01-03 09:00:00,18.7,72,0.0,,297,6.8,,1016.8,,7,3,42137,Karnal
2025-01-03 10:00:00,18.8,73,0.0,,294,6.8,,1016.1,,8,3,42137,Karnal
2025-01-03 10:00:00,18.8,73,0.0,,294,6.8,,1016.1,,8,3,42137,Karnal
2025-01-03 11:00:00,17.6,81,0.0,,287,5.4,,1016.0,,4,3,42137,Karnal
2025-01-03 11:00:00,17.6,81,0.0,,287,5.4,,1016.0,,4,3,42137,Karnal
2025-01-03 12:00:00,14.6,90,0.0,,292,6.8,,1016.1,,2,3,42137,Karnal
2025-01-03 12:00:00,14.6,90,0.0,,292,6.8,,1016.1,,2,3,42137,Karnal
2025-01-03 13:00:00,13.3,93,0.0,,293,7.6,,1016.3,,1,2,42137,Karnal
2025-01-03 13:00:00,13.3,93,0.0,,293,7.6,,1016.3,,1,2,42137,Karnal
2025-01-03 14:00:00,12.5,93,0.0,,297,7.6,,1016.5,,1,2,42137,Karnal
2025-01-03 14:00:00,12.5,93,0.0,,297,7.6,,1016.5,,1,2,42137,Karnal
2025-01-03 15:00:00,11.7,93,0.0,,302,7.6,,1016.7,,1,1,42137,Karnal
2025-01-03 15:00:00,11.7,93,0.0,,302,7.6,,1016.7,,1,1,42137,Karnal
2025-01-03 16:00:00,10.0,94,0.0,,316,6.8,,1017.3,,0,2,42137,Karnal
2025-01-03 16:00:00,10.0,94,0.0,,316,6.8,,1017.3,,0,2,42137,Karnal
2025-01-03 17:00:00,9.2,95,0.0,,324,6.5,,1017.3,,1,1,42137,Karnal
2025-01-03 17:00:00,9.2,95,0.0,,324,6.5,,1017.3,,1,1,42137,Karnal
2025-01-03 18:00:00,8.6,96,0.0,,322,5.8,,1017.1,,0,1,42137,Karnal
2025-01-03 18:00:00,8.6,96,0.0,,322,5.8,,1017.1,,0,1,42137,Karnal
2025-01-03 19:00:00,8.0,97,0.0,,316,5.8,,1016.8,,0,1,42137,Karnal
2025-01-03 19:00:00,8.0,97,0.0,,316,5.8,,1016.8,,0,1,42137,Karnal
2025-01-03 20:00:00,7.7,98,0.0,,310,5.8,,1016.6,,1,1,42137,Karnal
2025-01-03 20:00:00,7.7,98,0.0,,310,5.8,,1016.6,,1,1,42137,Karnal
2025-01-03 21:00:00,8.0,100,0.0,,300,6.8,,1015.8,,8,1,42137,Karnal
2025-01-03 21:00:00,8.0,100,0.0,,300,6.8,,1015.8,,8,1,42137,Karnal
2025-01-03 22:00:00,7.4,100,0.0,,310,6.5,,1015.3,,8,5,42137,Karnal
2025-01-03 22:00:00,7.4,100,0.0,,310,6.5,,1015.3,,8,5,42137,Karnal
2025-01-03 23:00:00,7.3,100,0.0,,311,6.8,,1015.0,,8,5,42137,Karnal
2025-01-03 23:00:00,7.3,100,0.0,,311,6.8,,1015.0,,8,5,42137,Karnal
2025-01-04 00:00:00,7.4,100,0.0,,322,6.1,,1014.9,,8,5,42137,Karnal
2025-01-04 00:00:00,7.4,100,0.0,,322,6.1,,1014.9,,8,5,42137,Karnal
2025-01-04 01:00:00,7.5,100,0.0,,325,4.7,,1015.1,,8,5,42137,Karnal
2025-01-04 01:00:00,7.5,100,0.0,,325,4.7,,1015.1,,8,5,42137,Karnal
2025-01-04 02:00:00,7.5,100,0.0,,327,4.0,,1015.9,,8,5,42137,Karnal
2025-01-04 02:00:00,7.5,100,0.0,,327,4.0,,1015.9,,8,5,42137,Karnal
2025-01-04 03:00:00,9.6,100,0.0,,0,0.0,,1018.1,,8,5,42137,Karnal
2025-01-04 03:00:00,9.6,100,0.0,,0,0.0,,1018.1,,8,5,42137,Karnal
2025-01-04 04:00:00,9.4,96,0.0,,27,2.9,,1017.6,,8,5,42137,Karnal
2025-01-04 04:00:00,9.4,96,0.0,,27,2.9,,1017.6,,8,5,42137,Karnal
2025-01-04 05:00:00,11.3,92,0.0,,79,2.9,,1018.1,,8,5,42137,Karnal
2025-01-04 05:00:00,11.3,92,0.0,,79,2.9,,1018.1,,8,5,42137,Karnal
2025-01-04 06:00:00,13.6,90,0.0,,85,2.2,,1017.7,,3,5,42137,Karnal
2025-01-04 06:00:00,13.6,90,0.0,,85,2.2,,1017.7,,3,5,42137,Karnal
2025-01-04 07:00:00,15.9,85,0.0,,120,2.2,,1016.6,,1,5,42137,Karnal
2025-01-04 07:00:00,15.9,85,0.0,,120,2.2,,1016.6,,1,5,42137,Karnal
2025-01-04 08:00:00,17.5,79,0.0,,150,2.9,,1015.4,,0,1,42137,Karnal
2025-01-04 08:00:00,17.5,79,0.0,,150,2.9,,1015.4,,0,1,42137,Karnal
2025-01-04 09:00:00,18.7,75,0.0,,161,2.9,,1014.4,,0,1,42137,Karnal
2025-01-04 09:00:00,18.7,75,0.0,,161,2.9,,1014.4,,0,1,42137,Karnal
2025-01-04 10:00:00,19.0,74,0.0,,165,3.2,,1013.9,,0,1,42137,Karnal
2025-01-04 10:00:00,19.0,74,0.0,,165,3.2,,1013.9,,0,1,42137,Karnal
2025-01-04 11:00:00,18.2,81,0.0,,151,2.9,,1013.7,,0,1,42137,Karnal
2025-01-04 11:00:00,18.2,81,0.0,,151,2.9,,1013.7,,0,1,42137,Karnal
2025-01-04 12:00:00,15.4,85,0.0,,120,4.3,,1013.8,,0,1,42137,Karnal
2025-01-04 12:00:00,15.4,85,0.0,,120,4.3,,1013.8,,0,1,42137,Karnal
2025-01-04 13:00:00,13.4,90,0.0,,107,6.1,,1014.4,,0,1,42137,Karnal
2025-01-04 13:00:00,13.4,90,0.0,,107,6.1,,1014.4,,0,1,42137,Karnal
2025-01-04 14:00:00,12.4,92,0.0,,105,7.2,,1015.1,,0,1,42137,Karnal
2025-01-04 14:00:00,12.4,92,0.0,,105,7.2,,1015.1,,0,1,42137,Karnal
2025-01-04 15:00:00,12.1,92,0.0,,113,7.6,,1015.7,,0,1,42137,Karnal
2025-01-04 15:00:00,12.1,92,0.0,,113,7.6,,1015.7,,0,1,42137,Karnal
2025-01-04 16:00:00,11.8,91,0.0,,123,7.9,,1016.1,,0,1,42137,Karnal
2025-01-04 16:00:00,11.8,91,0.0,,123,7.9,,1016.1,,0,1,42137,Karnal
2025-01-04 17:00:00,11.3,92,0.0,,125,7.6,,1016.3,,0,1,42137,Karnal
2025-01-04 17:00:00,11.3,92,0.0,,125,7.6,,1016.3,,0,1,42137,Karnal
2025-01-04 18:00:00,9.5,95,0.0,,120,6.8,,1016.8,,0,1,42137,Karnal
2025-01-04 18:00:00,9.5,95,0.0,,120,6.8,,1016.8,,0,1,42137,Karnal
2025-01-04 19:00:00,8.7,96,0.0,,113,6.5,,1016.5,,0,1,42137,Karnal
2025-01-04 19:00:00,8.7,96,0.0,,113,6.5,,1016.5,,0,1,42137,Karnal
2025-01-04 20:00:00,8.3,96,0.0,,102,6.1,,1016.3,,2,1,42137,Karnal
2025-01-04 20:00:00,8.3,96,0.0,,102,6.1,,1016.3,,2,1,42137,Karnal
2025-01-04 21:00:00,8.1,97,0.0,,97,6.8,,1015.9,,5,2,42137,Karnal
2025-01-04 21:00:00,8.1,97,0.0,,97,6.8,,1015.9,,5,2,42137,Karnal
2025-01-04 22:00:00,8.1,98,0.0,,98,7.9,,1015.6,,6,3,42137,Karnal
2025-01-04 22:00:00,8.1,98,0.0,,98,7.9,,1015.6,,6,3,42137,Karnal
2025-01-04 23:00:00,8.2,99,0.0,,96,8.3,,1015.2,,8,3,42137,Karnal
2025-01-04 23:00:00,8.2,99,0.0,,96,8.3,,1015.2,,8,3,42137,Karnal
2025-01-05 00:00:00,8.0,99,0.0,,96,9.0,,1015.4,,8,5,42137,Karnal
2025-01-05 00:00:00,8.0,99,0.0,,96,9.0,,1015.4,,8,5,42137,Karnal
2025-01-05 01:00:00,7.9,100,0.0,,106,9.7,,1015.7,,8,5,42137,Karnal
2025-01-05 01:00:00,7.9,100,0.0,,106,9.7,,1015.7,,8,5,42137,Karnal
2025-01-05 02:00:00,8.3,100,0.0,,105,10.4,,1016.6,,8,5,42137,Karnal
2025-01-05 02:00:00,8.3,100,0.0,,105,10.4,,1016.6,,8,5,42137,Karnal
2025-01-05 03:00:00,9.0,99,0.0,,109,11.5,,1017.3,,8,5,42137,Karnal
2025-01-05 03:00:00,9.0,99,0.0,,109,11.5,,1017.3,,8,5,42137,Karnal
2025-01-05 04:00:00,9.9,97,0.0,,115,13.3,,1018.2,,8,5,42137,Karnal
2025-01-05 04:00:00,9.9,97,0.0,,115,13.3,,1018.2,,8,5,42137,Karnal
2025-01-05 05:00:00,12.0,89,0.0,,116,12.2,,1018.6,,7,5,42137,Karnal
2025-01-05 05:00:00,12.0,89,0.0,,116,12.2,,1018.6,,7,5,42137,Karnal
2025-01-05 06:00:00,14.0,86,0.0,,114,8.6,,1018.3,,1,5,42137,Karnal
2025-01-05 06:00:00,14.0,86,0.0,,114,8.6,,1018.3,,1,5,42137,Karnal
2025-01-05 07:00:00,15.5,83,0.0,,108,7.2,,1017.1,,0,1,42137,Karnal
2025-01-05 07:00:00,15.5,83,0.0,,108,7.2,,1017.1,,0,1,42137,Karnal
2025-01-05 08:00:00,16.8,79,0.0,,102,7.6,,1015.7,,0,1,42137,Karnal
2025-01-05 08:00:00,16.8,79,0.0,,102,7.6,,1015.7,,0,1,42137,Karnal
2025-01-05 09:00:00,17.9,74,0.0,,110,10.1,,1015.1,,0,1,42137,Karnal
2025-01-05 09:00:00,17.9,74,0.0,,110,10.1,,1015.1,,0,1,42137,Karnal
2025-01-05 10:00:00,18.1,73,0.0,,113,11.2,,1014.3,,0,1,42137,Karnal
2025-01-05 10:00:00,18.1,73,0.0,,113,11.2,,1014.3,,0,1,42137,Karnal
2025-01-05 11:00:00,17.3,78,0.0,,111,8.6,,1014.0,,0,1,42137,Karnal
2025-01-05 11:00:00,17.3,78,0.0,,111,8.6,,1014.0,,0,1,42137,Karnal
2025-01-05 12:00:00,14.7,88,0.0,,103,7.2,,1014.2,,0,1,42137,Karnal
2025-01-05 12:00:00,14.7,88,0.0,,103,7.2,,1014.2,,0,1,42137,Karnal
2025-01-05 13:00:00,13.4,89,0.0,,103,7.6,,1015.0,,0,1,42137,Karnal
2025-01-05 13:00:00,13.4,89,0.0,,103,7.6,,1015.0,,0,1,42137,Karnal
2025-01-05 14:00:00,12.2,90,0.0,,106,7.2,,1016.3,,0,1,42137,Karnal
2025-01-05 14:00:00,12.2,90,0.0,,106,7.2,,1016.3,,0,1,42137,Karnal
2025-01-05 15:00:00,11.8,91,0.0,,110,7.9,,1016.9,,0,1,42137,Karnal
2025-01-05 15:00:00,11.8,91,0.0,,110,7.9,,1016.9,,0,1,42137,Karnal
2025-01-05 16:00:00,11.5,92,0.0,,113,8.3,,1017.3,,0,1,42137,Karnal
2025-01-05 16:00:00,11.5,92,0.0,,113,8.3,,1017.3,,0,1,42137,Karnal
2025-01-05 17:00:00,11.1,93,0.0,,111,8.6,,1017.3,,0,1,42137,Karnal
2025-01-05 17:00:00,11.1,93,0.0,,111,8.6,,1017.3,,0,1,42137,Karnal
2025-01-05 18:00:00,10.6,95,0.0,,113,7.2,,1017.4,,0,1,42137,Karnal
2025-01-05 18:00:00,10.6,95,0.0,,113,7.2,,1017.4,,0,1,42137,Karnal
2025-01-05 19:00:00,9.9,97,0.0,,125,6.8,,1016.8,,0,1,42137,Karnal
2025-01-05 19:00:00,9.9,97,0.0,,125,6.8,,1016.8,,0,1,42137,Karnal
2025-01-05 20:00:00,9.7,97,0.0,,114,6.5,,1016.6,,0,1,42137,Karnal
2025-01-05 20:00:00,9.7,97,0.0,,114,6.5,,1016.6,,0,1,42137,Karnal
2025-01-05 21:00:00,9.0,98,0.0,,103,5.0,,1016.4,,0,1,42137,Karnal
2025-01-05 21:00:00,9.0,98,0.0,,103,5.0,,1016.4,,0,1,42137,Karnal
2025-01-05 22:00:00,8.7,99,0.0,,77,5.0,,1015.7,,7,1,42137,Karnal
2025-01-05 22:00:00,8.7,99,0.0,,77,5.0,,1015.7,,7,1,42137,Karnal
2025-01-05 23:00:00,9.0,99,0.4,,38,2.5,,1016.0,,8,8,42137,Karnal
2025-01-05 23:00:00,9.0,99,0.4,,38,2.5,,1016.0,,8,8,42137,Karnal
2025-01-06 00:00:00,9.6,99,0.9,,298,2.9,,1016.7,,8,8,42137,Karnal
2025-01-06 00:00:00,9.6,99,0.9,,298,2.9,,1016.7,,8,8,42137,Karnal
2025-01-06 01:00:00,9.7,99,0.6,,43,6.5,,1016.6,,6,8,42137,Karnal
2025-01-06 01:00:00,9.7,99,0.6,,43,6.5,,1016.6,,6,8,42137,Karnal
2025-01-06 02:00:00,9.6,99,0.2,,72,6.5,,1017.1,,6,17,42137,Karnal
2025-01-06 02:00:00,9.6,99,0.2,,72,6.5,,1017.1,,6,17,42137,Karnal
2025-01-06 03:00:00,9.2,100,0.0,,0,0.0,,1018.7,,2,3,42137,Karnal
2025-01-06 03:00:00,9.2,100,0.0,,0,0.0,,1018.7,,2,3,42137,Karnal
2025-01-06 04:00:00,12.5,95,0.0,,99,4.3,,1018.3,,1,2,42137,Karnal
2025-01-06 04:00:00,12.5,95,0.0,,99,4.3,,1018.3,,1,2,42137,Karnal
2025-01-06 05:00:00,13.6,91,0.0,,142,4.0,,1019.7,,8,2,42137,Karnal
2025-01-06 05:00:00,13.6,91,0.0,,142,4.0,,1019.7,,8,2,42137,Karnal
2025-01-06 06:00:00,15.3,87,0.0,,256,1.8,,1018.8,,2,5,42137,Karnal
2025-01-06 06:00:00,15.3,87,0.0,,256,1.8,,1018.8,,2,5,42137,Karnal
2025-01-06 07:00:00,16.6,80,0.0,,289,2.5,,1018.3,,1,2,42137,Karnal
2025-01-06 07:00:00,16.6,80,0.0,,289,2.5,,1018.3,,1,2,42137,Karnal
2025-01-06 08:00:00,17.5,74,0.0,,271,5.0,,1017.3,,0,1,42137,Karnal
2025-01-06 08:00:00,17.5,74,0.0,,271,5.0,,1017.3,,0,1,42137,Karnal
2025-01-06 09:00:00,17.7,72,0.0,,287,8.6,,1016.4,,1,1,42137,Karnal
2025-01-06 09:00:00,17.7,72,0.0,,287,8.6,,1016.4,,1,1,42137,Karnal
2025-01-06 10:00:00,18.0,68,0.0,,338,8.3,,1016.4,,3,1,42137,Karnal
2025-01-06 10:00:00,18.0,68,0.0,,338,8.3,,1016.4,,3,1,42137,Karnal
2025-01-06 11:00:00,16.9,76,0.0,,328,9.0,,1016.1,,0,2,42137,Karnal
2025-01-06 11:00:00,16.9,76,0.0,,328,9.0,,1016.1,,0,2,42137,Karnal
2025-01-06 12:00:00,14.7,86,0.0,,304,9.0,,1016.1,,0,1,42137,Karnal
2025-01-06 12:00:00,14.7,86,0.0,,304,9.0,,1016.1,,0,1,42137,Karnal
2025-01-06 13:00:00,13.5,87,0.0,,303,11.9,,1016.6,,0,1,42137,Karnal
2025-01-06 13:00:00,13.5,87,0.0,,303,11.9,,1016.6,,0,1,42137,Karnal
2025-01-06 14:00:00,13.0,88,0.0,,302,11.9,,1016.9,,0,1,42137,Karnal
2025-01-06 14:00:00,13.0,88,0.0,,302,11.9,,1016.9,,0,1,42137,Karnal
2025-01-06 15:00:00,12.1,93,0.0,,301,12.2,,1018.0,,0,1,42137,Karnal
2025-01-06 15:00:00,12.1,93,0.0,,301,12.2,,1018.0,,0,1,42137,Karnal
2025-01-06 16:00:00,11.8,94,0.0,,302,12.2,,1018.2,,0,1,42137,Karnal
2025-01-06 16:00:00,11.8,94,0.0,,302,12.2,,1018.2,,0,1,42137,Karnal
2025-01-06 17:00:00,11.4,95,0.0,,300,11.5,,1018.4,,0,1,42137,Karnal
2025-01-06 17:00:00,11.4,95,0.0,,300,11.5,,1018.4,,0,1,42137,Karnal
2025-01-06 18:00:00,11.0,95,0.0,,299,11.5,,1018.2,,0,1,42137,Karnal
2025-01-06 18:00:00,11.0,95,0.0,,299,11.5,,1018.2,,0,1,42137,Karnal
2025-01-06 19:00:00,10.7,95,0.0,,298,12.6,,1017.9,,0,1,42137,Karnal
2025-01-06 19:00:00,10.7,95,0.0,,298,12.6,,1017.9,,0,1,42137,Karnal
2025-01-06 20:00:00,10.8,96,0.0,,300,13.0,,1017.5,,0,1,42137,Karnal
2025-01-06 20:00:00,10.8,96,0.0,,300,13.0,,1017.5,,0,1,42137,Karnal
2025-01-06 21:00:00,10.5,97,0.0,,301,12.6,,1017.2,,0,1,42137,Karnal
2025-01-06 21:00:00,10.5,97,0.0,,301,12.6,,1017.2,,0,1,42137,Karnal
2025-01-06 22:00:00,10.3,98,0.0,,302,12.6,,1017.1,,0,1,42137,Karnal
2025-01-06 22:00:00,10.3,98,0.0,,302,12.6,,1017.1,,0,1,42137,Karnal
2025-01-06 23:00:00,10.1,98,0.0,,301,12.6,,1016.9,,0,1,42137,Karnal
2025-01-06 23:00:00,10.1,98,0.0,,301,12.6,,1016.9,,0,1,42137,Karnal
2025-01-07 00:00:00,9.9,98,0.0,,300,13.0,,1016.8,,0,1,42137,Karnal
2025-01-07 00:00:00,9.9,98,0.0,,300,13.0,,1016.8,,0,1,42137,Karnal
2025-01-07 01:00:00,11.6,100,0.0,,305,14.4,,1017.7,,8,1,42137,Karnal
2025-01-07 01:00:00,11.6,100,0.0,,305,14.4,,1017.7,,8,1,42137,Karnal
2025-01-07 02:00:00,11.5,100,0.0,,303,12.6,,1017.9,,8,5,42137,Karnal
2025-01-07 02:00:00,11.5,100,0.0,,303,12.6,,1017.9,,8,5,42137,Karnal
2025-01-07 03:00:00,11.0,97,0.0,,0,0.0,,1020.2,,8,5,42137,Karnal
2025-01-07 03:00:00,11.0,97,0.0,,0,0.0,,1020.2,,8,5,42137,Karnal
2025-01-07 04:00:00,12.5,95,0.0,,299,15.5,,1019.3,,8,5,42137,Karnal
2025-01-07 04:00:00,12.5,95,0.0,,299,15.5,,1019.3,,8,5,42137,Karnal
2025-01-07 05:00:00,13.6,90,0.0,,300,16.2,,1019.8,,8,3,42137,Karnal
2025-01-07 05:00:00,13.6,90,0.0,,300,16.2,,1019.8,,8,3,42137,Karnal
2025-01-07 06:00:00,14.8,86,0.0,,300,16.6,,1019.3,,8,3,42137,Karnal
2025-01-07 06:00:00,14.8,86,0.0,,300,16.6,,1019.3,,8,3,42137,Karnal
2025-01-07 07:00:00,15.8,80,0.0,,296,16.6,,1018.3,,6,3,42137,Karnal
2025-01-07 07:00:00,15.8,80,0.0,,296,16.6,,1018.3,,6,3,42137,Karnal
2025-01-07 08:00:00,16.6,75,0.0,,292,16.2,,1017.0,,6,3,42137,Karnal
2025-01-07 08:00:00,16.6,75,0.0,,292,16.2,,1017.0,,6,3,42137,Karnal
2025-01-07 09:00:00,17.3,71,0.0,,293,15.8,,1016.0,,4,3,42137,Karnal
2025-01-07 09:00:00,17.3,71,0.0,,293,15.8,,1016.0,,4,3,42137,Karnal
2025-01-07 10:00:00,17.2,72,0.0,,291,13.7,,1015.3,,0,3,42137,Karnal
2025-01-07 10:00:00,17.2,72,0.0,,291,13.7,,1015.3,,0,3,42137,Karnal
2025-01-07 11:00:00,16.8,80,0.0,,287,14.0,,1015.3,,0,1,42137,Karnal
2025-01-07 11:00:00,16.8,80,0.0,,287,14.0,,1015.3,,0,1,42137,Karnal
2025-01-07 12:00:00,14.9,88,0.0,,285,12.6,,1015.3,,0,1,42137,Karnal
2025-01-07 12:00:00,14.9,88,0.0,,285,12.6,,1015.3,,0,1,42137,Karnal
2025-01-07 13:00:00,13.5,91,0.0,,284,12.6,,1015.8,,0,1,42137,Karnal
2025-01-07 13:00:00,13.5,91,0.0,,284,12.6,,1015.8,,0,1,42137,Karnal
2025-01-07 14:00:00,12.6,91,0.0,,284,12.6,,1016.0,,0,1,42137,Karnal
2025-01-07 14:00:00,12.6,91,0.0,,284,12.6,,1016.0,,0,1,42137,Karnal
2025-01-07 15:00:00,11.8,89,0.0,,289,13.0,,1016.3,,0,1,42137,Karnal
2025-01-07 15:00:00,11.8,89,0.0,,289,13.0,,1016.3,,0,1,42137,Karnal
2025-01-07 16:00:00,10.8,92,0.0,,293,11.9,,1017.0,,0,1,42137,Karnal
2025-01-07 16:00:00,10.8,92,0.0,,293,11.9,,1017.0,,0,1,42137,Karnal
2025-01-07 17:00:00,10.3,93,0.0,,292,12.2,,1016.9,,0,1,42137,Karnal
2025-01-07 17:00:00,10.3,93,0.0,,292,12.2,,1016.9,,0,1,42137,Karnal
2025-01-07 18:00:00,10.0,93,0.0,,294,13.0,,1016.4,,0,1,42137,Karnal
2025-01-07 18:00:00,10.0,93,0.0,,294,13.0,,1016.4,,0,1,42137,Karnal
2025-01-07 19:00:00,9.6,94,0.0,,293,12.2,,1016.0,,0,1,42137,Karnal
2025-01-07 19:00:00,9.6,94,0.0,,293,12.2,,1016.0,,0,1,42137,Karnal
2025-01-07 20:00:00,9.3,94,0.0,,291,12.6,,1015.5,,0,1,42137,Karnal
2025-01-07 20:00:00,9.3,94,0.0,,291,12.6,,1015.5,,0,1,42137,Karnal
2025-01-07 21:00:00,9.3,95,0.0,,293,12.2,,1014.5,,0,1,42137,Karnal
2025-01-07 21:00:00,9.3,95,0.0,,293,12.2,,1014.5,,0,1,42137,Karnal
2025-01-07 22:00:00,9.0,94,0.0,,292,13.3,,1014.1,,0,1,42137,Karnal
2025-01-07 22:00:00,9.0,94,0.0,,292,13.3,,1014.1,,0,1,42137,Karnal
2025-01-07 23:00:00,8.8,92,0.0,,293,14.4,,1013.9,,0,1,42137,Karnal
2025-01-07 23:00:00,8.8,92,0.0,,293,14.4,,1013.9,,0,1,42137,Karnal
2025-01-08 00:00:00,8.7,90,0.0,,299,14.8,,1014.0,,0,1,42137,Karnal
2025-01-08 00:00:00,8.7,90,0.0,,299,14.8,,1014.0,,0,1,42137,Karnal
2025-01-08 01:00:00,8.5,88,0.0,,299,14.4,,1014.3,,0,1,42137,Karnal
2025-01-08 01:00:00,8.5,88,0.0,,299,14.4,,1014.3,,0,1,42137,Karnal
2025-01-08 02:00:00,8.2,90,0.0,,288,14.4,,1015.4,,0,1,42137,Karnal
2025-01-08 02:00:00,8.2,90,0.0,,288,14.4,,1015.4,,0,1,42137,Karnal
2025-01-08 03:00:00,8.2,97,0.0,,270,1.8,,1016.4,,0,1,42137,Karnal
2025-01-08 03:00:00,8.2,97,0.0,,270,1.8,,1016.4,,0,1,42137,Karnal
2025-01-08 04:00:00,11.3,82,0.0,,282,13.7,,1016.7,,0,1,42137,Karnal
2025-01-08 04:00:00,11.3,82,0.0,,282,13.7,,1016.7,,0,1,42137,Karnal
2025-01-08 05:00:00,13.2,77,0.0,,282,13.3,,1016.9,,0,1,42137,Karnal
2025-01-08 05:00:00,13.2,77,0.0,,282,13.3,,1016.9,,0,1,42137,Karnal
2025-01-08 06:00:00,14.9,72,0.0,,278,13.0,,1016.5,,0,1,42137,Karnal
2025-01-08 06:00:00,14.9,72,0.0,,278,13.0,,1016.5,,0,1,42137,Karnal
2025-01-08 07:00:00,16.3,67,0.0,,277,14.4,,1015.9,,0,1,42137,Karnal
2025-01-08 07:00:00,16.3,67,0.0,,277,14.4,,1015.9,,0,1,42137,Karnal
2025-01-08 08:00:00,17.0,63,0.0,,279,15.5,,1015.2,,0,1,42137,Karnal
2025-01-08 08:00:00,17.0,63,0.0,,279,15.5,,1015.2,,0,1,42137,Karnal
2025-01-08 09:00:00,17.3,63,0.0,,280,14.8,,1014.7,,0,1,42137,Karnal
2025-01-08 09:00:00,17.3,63,0.0,,280,14.8,,1014.7,,0,1,42137,Karnal
2025-01-08 10:00:00,17.1,65,0.0,,283,13.7,,1014.6,,0,1,42137,Karnal
2025-01-08 10:00:00,17.1,65,0.0,,283,13.7,,1014.6,,0,1,42137,Karnal
2025-01-08 11:00:00,16.1,69,0.0,,288,11.9,,1014.6,,0,1,42137,Karnal
2025-01-08 11:00:00,16.1,69,0.0,,288,11.9,,1014.6,,0,1,42137,Karnal
2025-01-08 12:00:00,13.8,75,0.0,,289,10.8,,1014.6,,0,1,42137,Karnal
2025-01-08 12:00:00,13.8,75,0.0,,289,10.8,,1014.6,,0,1,42137,Karnal
2025-01-08 13:00:00,12.3,80,0.0,,289,11.5,,1015.0,,0,1,42137,Karnal
2025-01-08 13:00:00,12.3,80,0.0,,289,11.5,,1015.0,,0,1,42137,Karnal
2025-01-08 14:00:00,11.4,82,0.0,,288,11.2,,1015.5,,0,1,42137,Karnal
2025-01-08 14:00:00,11.4,82,0.0,,288,11.2,,1015.5,,0,1,42137,Karnal
2025-01-08 15:00:00,10.6,86,0.0,,287,9.7,,1016.0,,0,1,42137,Karnal
2025-01-08 15:00:00,10.6,86,0.0,,287,9.7,,1016.0,,0,1,42137,Karnal
2025-01-08 16:00:00,9.8,89,0.0,,293,8.3,,1016.5,,0,1,42137,Karnal
2025-01-08 16:00:00,9.8,89,0.0,,293,8.3,,1016.5,,0,1,42137,Karnal
2025-01-08 17:00:00,8.8,90,0.0,,304,7.2,,1016.9,,0,1,42137,Karnal
2025-01-08 17:00:00,8.8,90,0.0,,304,7.2,,1016.9,,0,1,42137,Karnal
2025-01-08 18:00:00,8.1,91,0.0,,314,6.8,,1017.3,,0,1,42137,Karnal
2025-01-08 18:00:00,8.1,91,0.0,,314,6.8,,1017.3,,0,1,42137,Karnal
2025-01-08 19:00:00,7.6,92,0.0,,333,6.5,,1017.2,,0,1,42137,Karnal
2025-01-08 19:00:00,7.6,92,0.0,,333,6.5,,1017.2,,0,1,42137,Karnal
2025-01-08 20:00:00,7.7,92,0.0,,339,7.2,,1017.1,,0,1,42137,Karnal
2025-01-08 20:00:00,7.7,92,0.0,,339,7.2,,1017.1,,0,1,42137,Karnal
2025-01-08 21:00:00,7.6,92,0.0,,340,8.3,,1017.0,,0,1,42137,Karnal
2025-01-08 21:00:00,7.6,92,0.0,,340,8.3,,1017.0,,0,1,42137,Karnal
2025-01-08 22:00:00,7.2,91,0.0,,338,7.9,,1016.7,,0,1,42137,Karnal
2025-01-08 22:00:00,7.2,91,0.0,,338,7.9,,1016.7,,0,1,42137,Karnal
2025-01-08 23:00:00,6.5,92,0.0,,330,4.0,,1016.5,,0,1,42137,Karnal
2025-01-08 23:00:00,6.5,92,0.0,,330,4.0,,1016.5,,0,1,42137,Karnal
2025-01-09 00:00:00,6.1,93,0.0,,257,2.5,,1016.7,,1,1,42137,Karnal
2025-01-09 00:00:00,6.1,93,0.0,,257,2.5,,1016.7,,1,1,42137,Karnal
2025-01-09 01:00:00,5.7,94,0.0,,257,3.6,,1017.5,,0,1,42137,Karnal
2025-01-09 01:00:00,5.7,94,0.0,,257,3.6,,1017.5,,0,1,42137,Karnal
2025-01-09 02:00:00,5.1,97,0.0,,308,4.0,,1018.2,,0,1,42137,Karnal
2025-01-09 02:00:00,5.1,97,0.0,,308,4.0,,1018.2,,0,1,42137,Karnal
2025-01-09 03:00:00,4.2,97,0.0,,0,0.0,,1019.9,,0,1,42137,Karnal
2025-01-09 03:00:00,4.2,97,0.0,,0,0.0,,1019.9,,0,1,42137,Karnal
2025-01-09 04:00:00,8.4,98,0.0,,55,8.6,,1020.1,,8,1,42137,Karnal
2025-01-09 04:00:00,8.4,98,0.0,,55,8.6,,1020.1,,8,1,42137,Karnal
2025-01-09 05:00:00,10.7,90,0.0,,70,8.6,,1020.8,,5,5,42137,Karnal
2025-01-09 05:00:00,10.7,90,0.0,,70,8.6,,1020.8,,5,5,42137,Karnal
2025-01-09 06:00:00,12.9,85,0.0,,92,6.1,,1020.5,,2,3,42137,Karnal
2025-01-09 06:00:00,12.9,85,0.0,,92,6.1,,1020.5,,2,3,42137,Karnal
2025-01-09 07:00:00,14.6,83,0.0,,116,4.3,,1019.5,,3,2,42137,Karnal
2025-01-09 07:00:00,14.6,83,0.0,,116,4.3,,1019.5,,3,2,42137,Karnal
2025-01-09 08:00:00,16.0,78,0.0,,160,3.2,,1018.6,,4,2,42137,Karnal
2025-01-09 08:00:00,16.0,78,0.0,,160,3.2,,1018.6,,4,2,42137,Karnal
2025-01-09 09:00:00,16.4,77,0.0,,210,3.6,,1017.8,,6,3,42137,Karnal
2025-01-09 09:00:00,16.4,77,0.0,,210,3.6,,1017.8,,6,3,42137,Karnal
2025-01-09 10:00:00,16.6,76,0.0,,242,4.0,,1017.4,,4,3,42137,Karnal
2025-01-09 10:00:00,16.6,76,0.0,,242,4.0,,1017.4,,4,3,42137,Karnal
2025-01-09 11:00:00,15.9,81,0.0,,256,2.9,,1017.4,,2,3,42137,Karnal
2025-01-09 11:00:00,15.9,81,0.0,,256,2.9,,1017.4,,2,3,42137,Karnal
2025-01-09 12:00:00,13.5,85,0.0,,280,2.2,,1017.5,,1,2,42137,Karnal
2025-01-09 12:00:00,13.5,85,0.0,,280,2.2,,1017.5,,1,2,42137,Karnal
2025-01-09 13:00:00,12.2,88,0.0,,293,2.2,,1018.0,,0,1,42137,Karnal
2025-01-09 13:00:00,12.2,88,0.0,,293,2.2,,1018.0,,0,1,42137,Karnal
2025-01-09 14:00:00,11.2,91,0.0,,334,1.4,,1019.0,,0,1,42137,Karnal
2025-01-09 14:00:00,11.2,91,0.0,,334,1.4,,1019.0,,0,1,42137,Karnal
2025-01-09 15:00:00,10.2,95,0.0,,360,1.8,,1019.7,,0,1,42137,Karnal
2025-01-09 15:00:00,10.2,95,0.0,,360,1.8,,1019.7,,0,1,42137,Karnal
2025-01-09 16:00:00,9.4,97,0.0,,22,1.8,,1020.1,,0,1,42137,Karnal
2025-01-09 16:00:00,9.4,97,0.0,,22,1.8,,1020.1,,0,1,42137,Karnal
2025-01-09 17:00:00,8.5,99,0.0,,34,2.5,,1020.2,,0,1,42137,Karnal
2025-01-09 17:00:00,8.5,99,0.0,,34,2.5,,1020.2,,0,1,42137,Karnal
2025-01-09 18:00:00,7.5,100,0.0,,43,2.5,,1020.3,,8,1,42137,Karnal
2025-01-09 18:00:00,7.5,100,0.0,,43,2.5,,1020.3,,8,1,42137,Karnal
2025-01-09 19:00:00,6.7,100,0.0,,84,2.5,,1019.9,,8,5,42137,Karnal
2025-01-09 19:00:00,6.7,100,0.0,,84,2.5,,1019.9,,8,5,42137,Karnal
2025-01-09 20:00:00,6.8,100,0.0,,94,2.5,,1019.7,,8,5,42137,Karnal
2025-01-09 20:00:00,6.8,100,0.0,,94,2.5,,1019.7,,8,5,42137,Karnal
2025-01-09 21:00:00,7.1,100,0.0,,62,2.2,,1019.5,,8,5,42137,Karnal
2025-01-09 21:00:00,7.1,100,0.0,,62,2.2,,1019.5,,8,5,42137,Karnal
2025-01-09 22:00:00,7.4,99,0.0,,48,1.8,,1019.4,,8,5,42137,Karnal
2025-01-09 22:00:00,7.4,99,0.0,,48,1.8,,1019.4,,8,5,42137,Karnal
2025-01-09 23:00:00,7.1,100,0.0,,52,1.1,,1019.2,,8,5,42137,Karnal
2025-01-09 23:00:00,7.1,100,0.0,,52,1.1,,1019.2,,8,5,42137,Karnal
2025-01-10 00:00:00,6.9,99,0.0,,37,0.7,,1019.4,,8,5,42137,Karnal
2025-01-10 00:00:00,6.9,99,0.0,,37,0.7,,1019.4,,8,5,42137,Karnal
2025-01-10 01:00:00,6.7,99,0.0,,26,1.1,,1020.1,,8,5,42137,Karnal
2025-01-10 01:00:00,6.7,99,0.0,,26,1.1,,1020.1,,8,5,42137,Karnal
2025-01-10 02:00:00,6.8,98,0.0,,54,1.4,,1021.0,,8,5,42137,Karnal
2025-01-10 02:00:00,6.8,98,0.0,,54,1.4,,1021.0,,8,5,42137,Karnal
2025-01-10 03:00:00,7.6,96,0.0,,85,2.2,,1022.0,,8,5,42137,Karnal
2025-01-10 03:00:00,7.6,96,0.0,,85,2.2,,1022.0,,8,5,42137,Karnal
2025-01-10 04:00:00,8.8,97,0.0,,100,3.2,,1023.2,,8,5,42137,Karnal
2025-01-10 04:00:00,8.8,97,0.0,,100,3.2,,1023.2,,8,5,42137,Karnal
2025-01-10 05:00:00,9.6,97,0.0,,103,5.0,,1023.7,,8,5,42137,Karnal
2025-01-10 05:00:00,9.6,97,0.0,,103,5.0,,1023.7,,8,5,42137,Karnal
2025-01-10 06:00:00,12.0,88,0.0,,97,5.4,,1023.1,,5,5,42137,Karnal
2025-01-10 06:00:00,12.0,88,0.0,,97,5.4,,1023.1,,5,5,42137,Karnal
2025-01-10 07:00:00,14.1,84,0.0,,86,4.3,,1022.0,,3,3,42137,Karnal
2025-01-10 07:00:00,14.1,84,0.0,,86,4.3,,1022.0,,3,3,42137,Karnal
2025-01-10 08:00:00,15.3,82,0.0,,83,4.0,,1020.6,,2,2,42137,Karnal
2025-01-10 08:00:00,15.3,82,0.0,,83,4.0,,1020.6,,2,2,42137,Karnal
2025-01-10 09:00:00,16.0,79,0.0,,93,3.2,,1019.5,,1,2,42137,Karnal
2025-01-10 09:00:00,16.0,79,0.0,,93,3.2,,1019.5,,1,2,42137,Karnal
2025-01-10 10:00:00,16.0,76,0.0,,96,3.6,,1019.1,,1,1,42137,Karnal
2025-01-10 10:00:00,16.0,76,0.0,,96,3.6,,1019.1,,1,1,42137,Karnal
2025-01-10 11:00:00,15.6,80,0.0,,95,3.2,,1018.8,,0,1,42137,Karnal
2025-01-10 11:00:00,15.6,80,0.0,,95,3.2,,1018.8,,0,1,42137,Karnal
2025-01-10 12:00:00,13.3,83,0.0,,95,2.9,,1018.6,,0,1,42137,Karnal
2025-01-10 12:00:00,13.3,83,0.0,,95,2.9,,1018.6,,0,1,42137,Karnal
2025-01-10 13:00:00,11.4,88,0.0,,102,4.3,,1018.9,,1,1,42137,Karnal
2025-01-10 13:00:00,11.4,88,0.0,,102,4.3,,1018.9,,1,1,42137,Karnal
2025-01-10 14:00:00,10.3,91,0.0,,108,5.4,,1019.3,,3,1,42137,Karnal
2025-01-10 14:00:00,10.3,91,0.0,,108,5.4,,1019.3,,3,1,42137,Karnal
2025-01-10 15:00:00,9.4,92,0.0,,98,5.0,,1019.4,,1,2,42137,Karnal
2025-01-10 15:00:00,9.4,92,0.0,,98,5.0,,1019.4,,1,2,42137,Karnal
2025-01-10 16:00:00,8.7,94,0.0,,112,5.8,,1019.2,,0,2,42137,Karnal
2025-01-10 16:00:00,8.7,94,0.0,,112,5.8,,1019.2,,0,2,42137,Karnal
2025-01-10 17:00:00,8.0,96,0.0,,116,6.5,,1019.4,,1,1,42137,Karnal
2025-01-10 17:00:00,8.0,96,0.0,,116,6.5,,1019.4,,1,1,42137,Karnal
2025-01-10 18:00:00,7.6,96,0.0,,117,6.8,,1019.4,,0,1,42137,Karnal
2025-01-10 18:00:00,7.6,96,0.0,,117,6.8,,1019.4,,0,1,42137,Karnal
2025-01-10 19:00:00,7.3,96,0.0,,111,6.8,,1019.3,,1,1,42137,Karnal
2025-01-10 19:00:00,7.3,96,0.0,,111,6.8,,1019.3,,1,1,42137,Karnal
2025-01-10 20:00:00,7.1,99,0.0,,95,6.8,,1019.1,,3,1,42137,Karnal
2025-01-10 20:00:00,7.1,99,0.0,,95,6.8,,1019.1,,3,1,42137,Karnal
2025-01-10 21:00:00,7.0,100,0.0,,91,6.8,,1019.2,,8,2,42137,Karnal
2025-01-10 21:00:00,7.0,100,0.0,,91,6.8,,1019.2,,8,2,42137,Karnal
2025-01-10 22:00:00,6.9,100,0.0,,82,6.8,,1019.2,,8,5,42137,Karnal
2025-01-10 22:00:00,6.9,100,0.0,,82,6.8,,1019.2,,8,5,42137,Karnal
2025-01-10 23:00:00,7.0,100,0.0,,78,7.9,,1019.1,,8,5,42137,Karnal
2025-01-10 23:00:00,7.0,100,0.0,,78,7.9,,1019.1,,8,5,42137,Karnal
2025-01-11 00:00:00,6.8,100,0.0,,76,8.6,,1019.4,,8,5,42137,Karnal
2025-01-11 00:00:00,6.8,100,0.0,,76,8.6,,1019.4,,8,5,42137,Karnal
2025-01-11 01:00:00,7.1,99,0.0,,78,9.0,,1019.9,,8,5,42137,Karnal
2025-01-11 01:00:00,7.1,99,0.0,,78,9.0,,1019.9,,8,5,42137,Karnal
2025-01-11 02:00:00,7.4,99,0.0,,90,9.7,,1020.2,,8,5,42137,Karnal
2025-01-11 02:00:00,7.4,99,0.0,,90,9.7,,1020.2,,8,5,42137,Karnal
2025-01-11 03:00:00,9.0,97,0.0,,90,1.8,,1020.8,,6,5,42137,Karnal
2025-01-11 03:00:00,9.0,97,0.0,,90,1.8,,1020.8,,6,5,42137,Karnal
2025-01-11 04:00:00,10.4,96,0.0,,102,10.8,,1021.1,,8,5,42137,Karnal
2025-01-11 04:00:00,10.4,96,0.0,,102,10.8,,1021.1,,8,5,42137,Karnal
2025-01-11 05:00:00,12.2,91,0.0,,111,8.3,,1021.5,,8,3,42137,Karnal
2025-01-11 05:00:00,12.2,91,0.0,,111,8.3,,1021.5,,8,3,42137,Karnal
2025-01-11 06:00:00,14.0,85,0.0,,118,10.4,,1020.8,,8,3,42137,Karnal
2025-01-11 06:00:00,14.0,85,0.0,,118,10.4,,1020.8,,8,3,42137,Karnal
2025-01-11 07:00:00,14.9,81,0.0,,111,10.1,,1019.4,,8,3,42137,Karnal
2025-01-11 07:00:00,14.9,81,0.0,,111,10.1,,1019.4,,8,3,42137,Karnal
2025-01-11 08:00:00,15.9,78,0.0,,154,9.7,,1018.0,,7,3,42137,Karnal
2025-01-11 08:00:00,15.9,78,0.0,,154,9.7,,1018.0,,7,3,42137,Karnal
2025-01-11 09:00:00,16.2,74,0.0,,182,8.3,,1017.1,,8,3,42137,Karnal
2025-01-11 09:00:00,16.2,74,0.0,,182,8.3,,1017.1,,8,3,42137,Karnal
2025-01-11 10:00:00,15.9,76,0.0,,201,3.2,,1016.3,,8,3,42137,Karnal
2025-01-11 10:00:00,15.9,76,0.0,,201,3.2,,1016.3,,8,3,42137,Karnal
2025-01-11 11:00:00,14.3,87,0.0,,4,3.6,,1016.8,,8,3,42137,Karnal
2025-01-11 11:00:00,14.3,87,0.0,,4,3.6,,1016.8,,8,3,42137,Karnal
2025-01-11 12:00:00,13.2,92,0.0,,299,5.4,,1017.3,,8,3,42137,Karnal
2025-01-11 12:00:00,13.2,92,0.0,,299,5.4,,1017.3,,8,3,42137,Karnal
2025-01-11 13:00:00,13.0,92,0.3,,25,10.4,,1017.2,,8,8,42137,Karnal
2025-01-11 13:00:00,13.0,92,0.3,,25,10.4,,1017.2,,8,8,42137,Karnal
2025-01-11 14:00:00,12.4,94,0.5,,43,9.4,,1017.8,,8,8,42137,Karnal
2025-01-11 14:00:00,12.4,94,0.5,,43,9.4,,1017.8,,8,8,42137,Karnal
2025-01-11 15:00:00,12.4,93,2.0,,71,12.2,,1018.3,,8,9,42137,Karnal
2025-01-11 15:00:00,12.4,93,2.0,,71,12.2,,1018.3,,8,9,42137,Karnal
2025-01-11 16:00:00,11.7,86,0.3,,67,11.9,,1018.6,,4,8,42137,Karnal
2025-01-11 16:00:00,11.7,86,0.3,,67,11.9,,1018.6,,4,8,42137,Karnal
2025-01-11 17:00:00,11.6,90,0.0,,57,14.0,,1018.5,,4,3,42137,Karnal
2025-01-11 17:00:00,11.6,90,0.0,,57,14.0,,1018.5,,4,3,42137,Karnal
2025-01-11 18:00:00,11.5,91,0.0,,112,11.9,,1019.0,,6,3,42137,Karnal
2025-01-11 18:00:00,11.5,91,0.0,,112,11.9,,1019.0,,6,3,42137,Karnal
2025-01-11 19:00:00,11.8,90,0.0,,96,11.9,,1018.6,,4,3,42137,Karnal
2025-01-11 19:00:00,11.8,90,0.0,,96,11.9,,1018.6,,4,3,42137,Karnal
2025-01-11 20:00:00,11.6,89,1.4,,91,13.3,,1018.1,,5,18,42137,Karnal
2025-01-11 20:00:00,11.6,89,1.4,,91,13.3,,1018.1,,5,18,42137,Karnal
2025-01-11 21:00:00,11.0,90,1.5,,100,12.2,,1018.1,,4,18,42137,Karnal
2025-01-11 21:00:00,11.0,90,1.5,,100,12.2,,1018.1,,4,18,42137,Karnal
2025-01-11 22:00:00,11.7,89,0.0,,104,15.5,,1017.8,,8,3,42137,Karnal
2025-01-11 22:00:00,11.7,89,0.0,,104,15.5,,1017.8,,8,3,42137,Karnal
2025-01-11 23:00:00,12.0,88,0.0,,121,16.6,,1017.8,,7,3,42137,Karnal
2025-01-11 23:00:00,12.0,88,0.0,,121,16.6,,1017.8,,7,3,42137,Karnal
2025-01-12 00:00:00,11.5,90,1.1,,124,17.6,,1018.5,,7,9,42137,Karnal
2025-01-12 00:00:00,11.5,90,1.1,,124,17.6,,1018.5,,7,9,42137,Karnal
2025-01-12 01:00:00,11.0,93,1.4,,82,16.6,,1019.0,,5,18,42137,Karnal
2025-01-12 01:00:00,11.0,93,1.4,,82,16.6,,1019.0,,5,18,42137,Karnal
2025-01-12 02:00:00,10.0,97,0.0,,106,11.9,,1020.0,,6,3,42137,Karnal
2025-01-12 02:00:00,10.0,97,0.0,,106,11.9,,1020.0,,6,3,42137,Karnal
2025-01-12 03:00:00,11.2,93,0.2,,104,10.8,,1020.8,,7,17,42137,Karnal
2025-01-12 03:00:00,11.2,93,0.2,,104,10.8,,1020.8,,7,17,42137,Karnal
2025-01-12 04:00:00,12.7,91,0.0,,93,11.5,,1021.3,,7,3,42137,Karnal
2025-01-12 04:00:00,12.7,91,0.0,,93,11.5,,1021.3,,7,3,42137,Karnal
2025-01-12 05:00:00,14.3,87,0.0,,112,10.1,,1021.6,,5,3,42137,Karnal
2025-01-12 05:00:00,14.3,87,0.0,,112,10.1,,1021.6,,5,3,42137,Karnal
2025-01-12 06:00:00,15.7,80,0.3,,89,10.4,,1021.2,,8,17,42137,Karnal
2025-01-12 06:00:00,15.7,80,0.3,,89,10.4,,1021.2,,8,17,42137,Karnal
2025-01-12 07:00:00,15.5,81,0.0,,88,12.6,,1020.6,,7,3,42137,Karnal
2025-01-12 07:00:00,15.5,81,0.0,,88,12.6,,1020.6,,7,3,42137,Karnal
2025-01-12 08:00:00,16.2,77,0.0,,90,11.5,,1019.2,,2,3,42137,Karnal
2025-01-12 08:00:00,16.2,77,0.0,,90,11.5,,1019.2,,2,3,42137,Karnal
2025-01-12 09:00:00,16.5,73,0.0,,97,10.4,,1018.3,,6,2,42137,Karnal
2025-01-12 09:00:00,16.5,73,0.0,,97,10.4,,1018.3,,6,2,42137,Karnal
2025-01-12 10:00:00,16.4,71,0.0,,88,9.0,,1018.2,,4,3,42137,Karnal
2025-01-12 10:00:00,16.4,71,0.0,,88,9.0,,1018.2,,4,3,42137,Karnal
2025-01-12 11:00:00,16.0,76,0.0,,80,7.2,,1018.5,,2,3,42137,Karnal
2025-01-12 11:00:00,16.0,76,0.0,,80,7.2,,1018.5,,2,3,42137,Karnal
2025-01-12 12:00:00,13.8,86,0.0,,54,5.0,,1018.9,,1,2,42137,Karnal
2025-01-12 12:00:00,13.8,86,0.0,,54,5.0,,1018.9,,1,2,42137,Karnal
2025-01-12 13:00:00,12.7,87,0.0,,11,2.9,,1019.4,,1,1,42137,Karnal
2025-01-12 13:00:00,12.7,87,0.0,,11,2.9,,1019.4,,1,1,42137,Karnal
2025-01-12 14:00:00,11.6,90,0.0,,354,4.3,,1019.7,,1,1,42137,Karnal
2025-01-12 14:00:00,11.6,90,0.0,,354,4.3,,1019.7,,1,1,42137,Karnal
2025-01-12 15:00:00,10.9,92,0.0,,347,5.4,,1020.0,,1,2,42137,Karnal
2025-01-12 15:00:00,10.9,92,0.0,,347,5.4,,1020.0,,1,2,42137,Karnal
2025-01-12 16:00:00,10.3,94,0.0,,0,5.8,,1020.7,,1,1,42137,Karnal
2025-01-12 16:00:00,10.3,94,0.0,,0,5.8,,1020.7,,1,1,42137,Karnal
2025-01-12 17:00:00,9.7,95,0.0,,12,5.8,,1020.9,,0,1,42137,Karnal
2025-01-12 17:00:00,9.7,95,0.0,,12,5.8,,1020.9,,0,1,42137,Karnal
2025-01-12 18:00:00,9.4,95,0.0,,320,7.9,,1020.7,,0,1,42137,Karnal
2025-01-12 18:00:00,9.4,95,0.0,,320,7.9,,1020.7,,0,1,42137,Karnal
2025-01-12 19:00:00,9.2,95,0.0,,314,8.6,,1020.3,,0,1,42137,Karnal
2025-01-12 19:00:00,9.2,95,0.0,,314,8.6,,1020.3,,0,1,42137,Karnal
2025-01-12 20:00:00,9.1,95,0.0,,323,9.7,,1020.0,,0,1,42137,Karnal
2025-01-12 20:00:00,9.1,95,0.0,,323,9.7,,1020.0,,0,1,42137,Karnal
2025-01-12 21:00:00,9.1,94,0.0,,328,9.7,,1019.6,,0,1,42137,Karnal
2025-01-12 21:00:00,9.1,94,0.0,,328,9.7,,1019.6,,0,1,42137,Karnal
2025-01-12 22:00:00,8.9,94,0.0,,322,9.0,,1019.3,,0,1,42137,Karnal
2025-01-12 22:00:00,8.9,94,0.0,,322,9.0,,1019.3,,0,1,42137,Karnal
2025-01-12 23:00:00,8.4,94,0.0,,301,9.0,,1018.9,,0,1,42137,Karnal
2025-01-12 23:00:00,8.4,94,0.0,,301,9.0,,1018.9,,0,1,42137,Karnal
2025-01-13 00:00:00,8.1,94,0.0,,294,9.0,,1019.1,,0,1,42137,Karnal
2025-01-13 00:00:00,8.1,94,0.0,,294,9.0,,1019.1,,0,1,42137,Karnal
2025-01-13 01:00:00,8.0,93,0.0,,303,9.4,,1019.3,,0,1,42137,Karnal
2025-01-13 01:00:00,8.0,93,0.0,,303,9.4,,1019.3,,0,1,42137,Karnal
2025-01-13 02:00:00,8.0,92,0.0,,316,9.7,,1019.6,,0,1,42137,Karnal
2025-01-13 02:00:00,8.0,92,0.0,,316,9.7,,1019.6,,0,1,42137,Karnal
2025-01-13 03:00:00,7.2,97,0.0,,0,0.0,,1020.7,,0,1,42137,Karnal
2025-01-13 03:00:00,7.2,97,0.0,,0,0.0,,1020.7,,0,1,42137,Karnal
2025-01-13 04:00:00,12.0,85,0.0,,335,9.7,,1020.6,,0,1,42137,Karnal
2025-01-13 04:00:00,12.0,85,0.0,,335,9.7,,1020.6,,0,1,42137,Karnal
2025-01-13 05:00:00,13.9,79,0.0,,334,9.4,,1020.9,,0,1,42137,Karnal
2025-01-13 05:00:00,13.9,79,0.0,,334,9.4,,1020.9,,0,1,42137,Karnal
2025-01-13 06:00:00,15.7,77,0.0,,328,9.4,,1020.1,,0,1,42137,Karnal
2025-01-13 06:00:00,15.7,77,0.0,,328,9.4,,1020.1,,0,1,42137,Karnal
2025-01-13 07:00:00,17.2,74,0.0,,322,9.0,,1019.2,,0,1,42137,Karnal
2025-01-13 07:00:00,17.2,74,0.0,,322,9.0,,1019.2,,0,1,42137,Karnal
2025-01-13 08:00:00,18.3,70,0.0,,313,9.7,,1018.0,,0,1,42137,Karnal
2025-01-13 08:00:00,18.3,70,0.0,,313,9.7,,1018.0,,0,1,42137,Karnal
2025-01-13 09:00:00,19.2,66,0.0,,310,11.9,,1016.7,,0,1,42137,Karnal
2025-01-13 09:00:00,19.2,66,0.0,,310,11.9,,1016.7,,0,1,42137,Karnal
2025-01-13 10:00:00,18.8,68,0.0,,304,12.2,,1016.5,,0,1,42137,Karnal
2025-01-13 10:00:00,18.8,68,0.0,,304,12.2,,1016.5,,0,1,42137,Karnal
2025-01-13 11:00:00,17.7,75,0.0,,299,11.2,,1016.4,,0,1,42137,Karnal
2025-01-13 11:00:00,17.7,75,0.0,,299,11.2,,1016.4,,0,1,42137,Karnal
2025-01-13 12:00:00,15.6,81,0.0,,300,11.5,,1016.7,,0,1,42137,Karnal
2025-01-13 12:00:00,15.6,81,0.0,,300,11.5,,1016.7,,0,1,42137,Karnal
2025-01-13 13:00:00,13.9,85,0.0,,306,12.2,,1017.2,,0,1,42137,Karnal
2025-01-13 13:00:00,13.9,85,0.0,,306,12.2,,1017.2,,0,1,42137,Karnal
2025-01-13 14:00:00,13.2,86,0.0,,307,12.6,,1017.6,,0,1,42137,Karnal
2025-01-13 14:00:00,13.2,86,0.0,,307,12.6,,1017.6,,0,1,42137,Karnal
2025-01-13 15:00:00,12.4,89,0.0,,304,12.2,,1017.9,,0,1,42137,Karnal
2025-01-13 15:00:00,12.4,89,0.0,,304,12.2,,1017.9,,0,1,42137,Karnal
2025-01-13 16:00:00,11.8,90,0.0,,300,12.2,,1018.1,,0,1,42137,Karnal
2025-01-13 16:00:00,11.8,90,0.0,,300,12.2,,1018.1,,0,1,42137,Karnal
2025-01-13 17:00:00,11.3,91,0.0,,296,11.9,,1018.3,,0,1,42137,Karnal
2025-01-13 17:00:00,11.3,91,0.0,,296,11.9,,1018.3,,0,1,42137,Karnal
2025-01-13 18:00:00,10.9,92,0.0,,296,11.9,,1018.0,,0,1,42137,Karnal
2025-01-13 18:00:00,10.9,92,0.0,,296,11.9,,1018.0,,0,1,42137,Karnal
2025-01-13 19:00:00,10.8,93,0.0,,302,11.5,,1017.4,,0,1,42137,Karnal
2025-01-13 19:00:00,10.8,93,0.0,,302,11.5,,1017.4,,0,1,42137,Karnal
2025-01-13 20:00:00,10.3,94,0.0,,303,10.1,,1017.3,,0,1,42137,Karnal
2025-01-13 20:00:00,10.3,94,0.0,,303,10.1,,1017.3,,0,1,42137,Karnal
2025-01-13 21:00:00,9.7,95,0.0,,301,9.4,,1017.0,,0,1,42137,Karnal
2025-01-13 21:00:00,9.7,95,0.0,,301,9.4,,1017.0,,0,1,42137,Karnal
2025-01-13 22:00:00,9.1,95,0.0,,300,9.0,,1016.8,,0,1,42137,Karnal
2025-01-13 22:00:00,9.1,95,0.0,,300,9.0,,1016.8,,0,1,42137,Karnal
2025-01-13 23:00:00,8.6,95,0.0,,296,8.6,,1016.9,,0,1,42137,Karnal
2025-01-13 23:00:00,8.6,95,0.0,,296,8.6,,1016.9,,0,1,42137,Karnal
2025-01-14 00:00:00,8.1,94,0.0,,297,9.0,,1017.2,,0,1,42137,Karnal
2025-01-14 00:00:00,8.1,94,0.0,,297,9.0,,1017.2,,0,1,42137,Karnal
2025-01-14 01:00:00,7.7,94,0.0,,302,8.6,,1017.9,,0,1,42137,Karnal
2025-01-14 01:00:00,7.7,94,0.0,,302,8.6,,1017.9,,0,1,42137,Karnal
2025-01-14 02:00:00,7.3,94,0.0,,300,7.6,,1018.8,,0,1,42137,Karnal
2025-01-14 02:00:00,7.3,94,0.0,,300,7.6,,1018.8,,0,1,42137,Karnal
2025-01-14 03:00:00,7.0,94,0.0,,0,0.0,,1019.9,,0,1,42137,Karnal
2025-01-14 03:00:00,7.0,94,0.0,,0,0.0,,1019.9,,0,1,42137,Karnal
2025-01-14 04:00:00,10.7,88,0.0,,295,6.8,,1020.6,,0,1,42137,Karnal
2025-01-14 04:00:00,10.7,88,0.0,,295,6.8,,1020.6,,0,1,42137,Karnal
2025-01-14 05:00:00,13.2,82,0.0,,298,6.5,,1021.0,,0,1,42137,Karnal
2025-01-14 05:00:00,13.2,82,0.0,,298,6.5,,1021.0,,0,1,42137,Karnal
2025-01-14 06:00:00,14.8,79,0.0,,299,6.1,,1020.7,,0,1,42137,Karnal
2025-01-14 06:00:00,14.8,79,0.0,,299,6.1,,1020.7,,0,1,42137,Karnal
2025-01-14 07:00:00,16.2,76,0.0,,301,5.8,,1020.0,,0,1,42137,Karnal
2025-01-14 07:00:00,16.2,76,0.0,,301,5.8,,1020.0,,0,1,42137,Karnal
2025-01-14 08:00:00,17.2,74,0.0,,306,6.1,,1019.2,,0,1,42137,Karnal
2025-01-14 08:00:00,17.2,74,0.0,,306,6.1,,1019.2,,0,1,42137,Karnal
2025-01-14 09:00:00,17.7,73,0.0,,299,6.5,,1018.6,,0,1,42137,Karnal
2025-01-14 09:00:00,17.7,73,0.0,,299,6.5,,1018.6,,0,1,42137,Karnal
2025-01-14 10:00:00,17.4,73,0.0,,296,5.0,,1018.4,,0,1,42137,Karnal
2025-01-14 10:00:00,17.4,73,0.0,,296,5.0,,1018.4,,0,1,42137,Karnal
2025-01-14 11:00:00,16.8,77,0.0,,294,5.0,,1018.4,,0,1,42137,Karnal
2025-01-14 11:00:00,16.8,77,0.0,,294,5.0,,1018.4,,0,1,42137,Karnal
2025-01-14 12:00:00,14.3,85,0.0,,302,5.0,,1018.7,,0,1,42137,Karnal
2025-01-14 12:00:00,14.3,85,0.0,,302,5.0,,1018.7,,0,1,42137,Karnal
2025-01-14 13:00:00,12.6,88,0.0,,320,5.8,,1019.2,,0,1,42137,Karnal
2025-01-14 13:00:00,12.6,88,0.0,,320,5.8,,1019.2,,0,1,42137,Karnal
2025-01-14 14:00:00,11.6,90,0.0,,331,6.8,,1019.6,,0,1,42137,Karnal
2025-01-14 14:00:00,11.6,90,0.0,,331,6.8,,1019.6,,0,1,42137,Karnal
2025-01-14 15:00:00,10.9,94,0.0,,4,6.5,,1020.1,,1,1,42137,Karnal
2025-01-14 15:00:00,10.9,94,0.0,,4,6.5,,1020.1,,1,1,42137,Karnal
2025-01-14 16:00:00,10.1,97,0.0,,34,4.7,,1020.4,,0,1,42137,Karnal
2025-01-14 16:00:00,10.1,97,0.0,,34,4.7,,1020.4,,0,1,42137,Karnal
2025-01-14 17:00:00,9.3,100,0.0,,123,5.4,,1020.8,,5,1,42137,Karnal
2025-01-14 17:00:00,9.3,100,0.0,,123,5.4,,1020.8,,5,1,42137,Karnal
2025-01-14 18:00:00,8.6,100,0.0,,166,4.7,,1020.6,,8,5,42137,Karnal
2025-01-14 18:00:00,8.6,100,0.0,,166,4.7,,1020.6,,8,5,42137,Karnal
2025-01-14 19:00:00,7.9,100,0.0,,309,1.8,,1020.3,,8,5,42137,Karnal
2025-01-14 19:00:00,7.9,100,0.0,,309,1.8,,1020.3,,8,5,42137,Karnal
2025-01-14 20:00:00,7.9,100,0.0,,112,3.2,,1020.1,,8,5,42137,Karnal
2025-01-14 20:00:00,7.9,100,0.0,,112,3.2,,1020.1,,8,5,42137,Karnal
2025-01-14 21:00:00,8.2,100,0.0,,118,3.6,,1020.1,,8,5,42137,Karnal
2025-01-14 21:00:00,8.2,100,0.0,,118,3.6,,1020.1,,8,5,42137,Karnal
2025-01-14 22:00:00,8.3,100,0.0,,39,3.2,,1020.0,,8,5,42137,Karnal
2025-01-14 22:00:00,8.3,100,0.0,,39,3.2,,1020.0,,8,5,42137,Karnal
2025-01-14 23:00:00,8.3,99,0.0,,57,4.0,,1020.4,,8,5,42137,Karnal
2025-01-14 23:00:00,8.3,99,0.0,,57,4.0,,1020.4,,8,5,42137,Karnal
2025-01-15 00:00:00,8.4,99,0.0,,72,4.7,,1020.8,,8,5,42137,Karnal
2025-01-15 00:00:00,8.4,99,0.0,,72,4.7,,1020.8,,8,5,42137,Karnal
2025-01-15 01:00:00,8.8,100,0.0,,78,4.7,,1021.8,,8,5,42137,Karnal
2025-01-15 01:00:00,8.8,100,0.0,,78,4.7,,1021.8,,8,5,42137,Karnal
2025-01-15 02:00:00,9.2,100,0.0,,62,4.3,,1022.5,,8,5,42137,Karnal
2025-01-15 02:00:00,9.2,100,0.0,,62,4.3,,1022.5,,8,5,42137,Karnal
2025-01-15 03:00:00,7.6,97,0.0,,90,1.8,,1023.2,,8,5,42137,Karnal
2025-01-15 03:00:00,7.6,97,0.0,,90,1.8,,1023.2,,8,5,42137,Karnal
2025-01-15 04:00:00,10.7,98,0.0,,84,7.6,,1023.4,,8,5,42137,Karnal
2025-01-15 04:00:00,10.7,98,0.0,,84,7.6,,1023.4,,8,5,42137,Karnal
2025-01-15 05:00:00,11.9,99,0.0,,84,6.1,,1023.5,,8,5,42137,Karnal
2025-01-15 05:00:00,11.9,99,0.0,,84,6.1,,1023.5,,8,5,42137,Karnal
2025-01-15 06:00:00,14.0,90,0.0,,104,5.4,,1022.8,,8,5,42137,Karnal
2025-01-15 06:00:00,14.0,90,0.0,,104,5.4,,1022.8,,8,5,42137,Karnal
2025-01-15 07:00:00,15.5,83,0.0,,133,4.7,,1021.6,,6,3,42137,Karnal
2025-01-15 07:00:00,15.5,83,0.0,,133,4.7,,1021.6,,6,3,42137,Karnal
2025-01-15 08:00:00,16.7,77,0.0,,178,3.2,,1020.1,,2,3,42137,Karnal
2025-01-15 08:00:00,16.7,77,0.0,,178,3.2,,1020.1,,2,3,42137,Karnal
2025-01-15 09:00:00,17.1,76,0.0,,196,2.2,,1018.9,,0,2,42137,Karnal
2025-01-15 09:00:00,17.1,76,0.0,,196,2.2,,1018.9,,0,2,42137,Karnal
2025-01-15 10:00:00,17.2,74,0.0,,237,1.4,,1017.8,,0,1,42137,Karnal
2025-01-15 10:00:00,17.2,74,0.0,,237,1.4,,1017.8,,0,1,42137,Karnal
2025-01-15 11:00:00,16.9,76,0.0,,296,2.2,,1017.4,,0,1,42137,Karnal
2025-01-15 11:00:00,16.9,76,0.0,,296,2.2,,1017.4,,0,1,42137,Karnal
2025-01-15 12:00:00,14.9,82,0.0,,233,1.4,,1017.6,,0,1,42137,Karnal
2025-01-15 12:00:00,14.9,82,0.0,,233,1.4,,1017.6,,0,1,42137,Karnal
2025-01-15 13:00:00,12.9,87,0.0,,238,2.9,,1018.1,,0,1,42137,Karnal
2025-01-15 13:00:00,12.9,87,0.0,,238,2.9,,1018.1,,0,1,42137,Karnal
2025-01-15 14:00:00,12.0,89,0.0,,285,2.5,,1018.6,,0,1,42137,Karnal
2025-01-15 14:00:00,12.0,89,0.0,,285,2.5,,1018.6,,0,1,42137,Karnal
2025-01-15 15:00:00,11.7,89,0.0,,339,1.4,,1019.0,,0,1,42137,Karnal
2025-01-15 15:00:00,11.7,89,0.0,,339,1.4,,1019.0,,0,1,42137,Karnal
2025-01-15 16:00:00,10.4,96,0.0,,107,5.8,,1020.1,,3,1,42137,Karnal
2025-01-15 16:00:00,10.4,96,0.0,,107,5.8,,1020.1,,3,1,42137,Karnal
2025-01-15 17:00:00,10.3,96,0.0,,94,6.8,,1020.3,,5,3,42137,Karnal
2025-01-15 17:00:00,10.3,96,0.0,,94,6.8,,1020.3,,5,3,42137,Karnal
2025-01-15 18:00:00,10.8,94,1.0,,100,9.4,,1020.3,,6,18,42137,Karnal
2025-01-15 18:00:00,10.8,94,1.0,,100,9.4,,1020.3,,6,18,42137,Karnal
2025-01-15 19:00:00,11.2,89,0.3,,130,10.8,,1020.4,,6,17,42137,Karnal
2025-01-15 19:00:00,11.2,89,0.3,,130,10.8,,1020.4,,6,17,42137,Karnal
2025-01-15 20:00:00,11.5,81,0.6,,107,9.4,,1020.3,,5,17,42137,Karnal
2025-01-15 20:00:00,11.5,81,0.6,,107,9.4,,1020.3,,5,17,42137,Karnal
2025-01-15 21:00:00,11.1,94,1.9,,117,6.5,,1020.0,,8,18,42137,Karnal
2025-01-15 21:00:00,11.1,94,1.9,,117,6.5,,1020.0,,8,18,42137,Karnal
2025-01-15 22:00:00,11.4,92,2.2,,75,11.5,,1019.4,,7,9,42137,Karnal
2025-01-15 22:00:00,11.4,92,2.2,,75,11.5,,1019.4,,7,9,42137,Karnal
2025-01-15 23:00:00,11.1,92,1.5,,58,9.4,,1018.9,,4,9,42137,Karnal
2025-01-15 23:00:00,11.1,92,1.5,,58,9.4,,1018.9,,4,9,42137,Karnal
2025-01-16 00:00:00,10.4,92,0.0,,66,8.3,,1019.3,,8,3,42137,Karnal
2025-01-16 00:00:00,10.4,92,0.0,,66,8.3,,1019.3,,8,3,42137,Karnal
2025-01-16 01:00:00,10.2,91,0.0,,69,7.2,,1020.0,,8,3,42137,Karnal
2025-01-16 01:00:00,10.2,91,0.0,,69,7.2,,1020.0,,8,3,42137,Karnal
2025-01-16 02:00:00,11.0,92,0.0,,88,7.2,,1020.8,,8,3,42137,Karnal
2025-01-16 02:00:00,11.0,92,0.0,,88,7.2,,1020.8,,8,3,42137,Karnal
2025-01-16 03:00:00,11.2,97,0.0,,0,0.0,,1023.6,,7,3,42137,Karnal
2025-01-16 03:00:00,11.2,97,0.0,,0,0.0,,1023.6,,7,3,42137,Karnal
2025-01-16 04:00:00,13.4,88,0.0,,114,6.1,,1022.3,,5,3,42137,Karnal
2025-01-16 04:00:00,13.4,88,0.0,,114,6.1,,1022.3,,5,3,42137,Karnal
2025-01-16 05:00:00,14.6,87,0.0,,133,6.5,,1023.0,,2,3,42137,Karnal
2025-01-16 05:00:00,14.6,87,0.0,,133,6.5,,1023.0,,2,3,42137,Karnal
2025-01-16 06:00:00,15.7,80,0.0,,148,7.2,,1022.7,,0,2,42137,Karnal
2025-01-16 06:00:00,15.7,80,0.0,,148,7.2,,1022.7,,0,2,42137,Karnal
2025-01-16 07:00:00,16.3,73,0.0,,140,7.9,,1021.8,,0,1,42137,Karnal
2025-01-16 07:00:00,16.3,73,0.0,,140,7.9,,1021.8,,0,1,42137,Karnal
2025-01-16 08:00:00,17.0,70,0.0,,167,5.4,,1021.0,,1,1,42137,Karnal
2025-01-16 08:00:00,17.0,70,0.0,,167,5.4,,1021.0,,1,1,42137,Karnal
2025-01-16 09:00:00,17.3,67,0.0,,268,2.5,,1020.7,,2,2,42137,Karnal
2025-01-16 09:00:00,17.3,67,0.0,,268,2.5,,1020.7,,2,2,42137,Karnal
2025-01-16 10:00:00,17.4,65,0.0,,330,3.6,,1020.6,,2,2,42137,Karnal
2025-01-16 10:00:00,17.4,65,0.0,,330,3.6,,1020.6,,2,2,42137,Karnal
2025-01-16 11:00:00,17.0,72,0.0,,352,4.3,,1020.2,,4,2,42137,Karnal
2025-01-16 11:00:00,17.0,72,0.0,,352,4.3,,1020.2,,4,2,42137,Karnal
2025-01-16 12:00:00,14.4,83,0.0,,356,5.4,,1020.4,,0,3,42137,Karnal
2025-01-16 12:00:00,14.4,83,0.0,,356,5.4,,1020.4,,0,3,42137,Karnal
2025-01-16 13:00:00,12.1,85,0.0,,350,6.1,,1021.1,,0,1,42137,Karnal
2025-01-16 13:00:00,12.1,85,0.0,,350,6.1,,1021.1,,0,1,42137,Karnal
2025-01-16 14:00:00,11.4,87,0.0,,336,6.8,,1022.0,,0,1,42137,Karnal
2025-01-16 14:00:00,11.4,87,0.0,,336,6.8,,1022.0,,0,1,42137,Karnal
2025-01-16 15:00:00,10.9,89,0.0,,338,6.8,,1022.7,,0,1,42137,Karnal
2025-01-16 15:00:00,10.9,89,0.0,,338,6.8,,1022.7,,0,1,42137,Karnal
2025-01-16 16:00:00,10.5,91,0.0,,336,6.8,,1023.2,,0,1,42137,Karnal
2025-01-16 16:00:00,10.5,91,0.0,,336,6.8,,1023.2,,0,1,42137,Karnal
2025-01-16 17:00:00,10.4,93,0.0,,327,7.2,,1023.5,,0,1,42137,Karnal
2025-01-16 17:00:00,10.4,93,0.0,,327,7.2,,1023.5,,0,1,42137,Karnal
2025-01-16 18:00:00,9.7,94,0.0,,314,7.2,,1023.3,,0,1,42137,Karnal
2025-01-16 18:00:00,9.7,94,0.0,,314,7.2,,1023.3,,0,1,42137,Karnal
2025-01-16 19:00:00,9.2,95,0.0,,316,8.3,,1023.3,,3,1,42137,Karnal
2025-01-16 19:00:00,9.2,95,0.0,,316,8.3,,1023.3,,3,1,42137,Karnal
2025-01-16 20:00:00,9.1,95,0.0,,323,9.7,,1022.7,,7,3,42137,Karnal
2025-01-16 20:00:00,9.1,95,0.0,,323,9.7,,1022.7,,7,3,42137,Karnal
2025-01-16 21:00:00,9.0,95,0.0,,320,10.1,,1022.3,,6,3,42137,Karnal
2025-01-16 21:00:00,9.0,95,0.0,,320,10.1,,1022.3,,6,3,42137,Karnal
2025-01-16 22:00:00,8.8,94,0.0,,316,10.4,,1022.0,,1,3,42137,Karnal
2025-01-16 22:00:00,8.8,94,0.0,,316,10.4,,1022.0,,1,3,42137,Karnal
2025-01-16 23:00:00,8.5,93,0.0,,320,11.2,,1021.6,,0,2,42137,Karnal
2025-01-16 23:00:00,8.5,93,0.0,,320,11.2,,1021.6,,0,2,42137,Karnal
2025-01-17 00:00:00,8.1,93,0.0,,311,9.0,,1021.8,,0,1,42137,Karnal
2025-01-17 00:00:00,8.1,93,0.0,,311,9.0,,1021.8,,0,1,42137,Karnal
2025-01-17 01:00:00,7.8,92,0.0,,312,9.7,,1021.8,,0,1,42137,Karnal
2025-01-17 01:00:00,7.8,92,0.0,,312,9.7,,1021.8,,0,1,42137,Karnal
2025-01-17 02:00:00,7.7,92,0.0,,314,10.1,,1022.0,,0,1,42137,Karnal
2025-01-17 02:00:00,7.7,92,0.0,,314,10.1,,1022.0,,0,1,42137,Karnal
2025-01-17 03:00:00,9.0,97,0.0,,0,0.0,,1022.9,,0,1,42137,Karnal
2025-01-17 03:00:00,9.0,97,0.0,,0,0.0,,1022.9,,0,1,42137,Karnal
2025-01-17 04:00:00,11.4,86,0.0,,316,8.3,,1022.6,,0,1,42137,Karnal
2025-01-17 04:00:00,11.4,86,0.0,,316,8.3,,1022.6,,0,1,42137,Karnal
2025-01-17 05:00:00,13.6,80,0.0,,315,9.4,,1022.6,,0,1,42137,Karnal
2025-01-17 05:00:00,13.6,80,0.0,,315,9.4,,1022.6,,0,1,42137,Karnal
2025-01-17 06:00:00,15.6,78,0.0,,305,9.7,,1021.5,,0,1,42137,Karnal
2025-01-17 06:00:00,15.6,78,0.0,,305,9.7,,1021.5,,0,1,42137,Karnal
2025-01-17 07:00:00,17.0,73,0.0,,296,10.4,,1020.1,,0,1,42137,Karnal
2025-01-17 07:00:00,17.0,73,0.0,,296,10.4,,1020.1,,0,1,42137,Karnal
2025-01-17 08:00:00,18.0,71,0.0,,291,11.9,,1018.8,,0,1,42137,Karnal
2025-01-17 08:00:00,18.0,71,0.0,,291,11.9,,1018.8,,0,1,42137,Karnal
2025-01-17 09:00:00,18.4,68,0.0,,288,13.3,,1017.7,,0,1,42137,Karnal
2025-01-17 09:00:00,18.4,68,0.0,,288,13.3,,1017.7,,0,1,42137,Karnal
2025-01-17 10:00:00,18.1,70,0.0,,286,12.6,,1017.5,,0,1,42137,Karnal
2025-01-17 10:00:00,18.1,70,0.0,,286,12.6,,1017.5,,0,1,42137,Karnal
2025-01-17 11:00:00,17.1,76,0.0,,286,10.8,,1017.4,,0,1,42137,Karnal
2025-01-17 11:00:00,17.1,76,0.0,,286,10.8,,1017.4,,0,1,42137,Karnal
2025-01-17 12:00:00,15.1,85,0.0,,291,10.1,,1017.5,,0,1,42137,Karnal
2025-01-17 12:00:00,15.1,85,0.0,,291,10.1,,1017.5,,0,1,42137,Karnal
2025-01-17 13:00:00,13.3,91,0.0,,301,10.4,,1017.8,,0,1,42137,Karnal
2025-01-17 13:00:00,13.3,91,0.0,,301,10.4,,1017.8,,0,1,42137,Karnal
2025-01-17 14:00:00,11.9,92,0.0,,304,10.1,,1018.7,,1,1,42137,Karnal
2025-01-17 14:00:00,11.9,92,0.0,,304,10.1,,1018.7,,1,1,42137,Karnal
2025-01-17 15:00:00,11.1,93,0.0,,301,9.4,,1019.3,,0,1,42137,Karnal
2025-01-17 15:00:00,11.1,93,0.0,,301,9.4,,1019.3,,0,1,42137,Karnal
2025-01-17 16:00:00,10.4,94,0.0,,302,9.4,,1019.6,,0,1,42137,Karnal
2025-01-17 16:00:00,10.4,94,0.0,,302,9.4,,1019.6,,0,1,42137,Karnal
2025-01-17 17:00:00,9.8,95,0.0,,303,9.4,,1019.7,,8,1,42137,Karnal
2025-01-17 17:00:00,9.8,95,0.0,,303,9.4,,1019.7,,8,1,42137,Karnal
2025-01-17 18:00:00,9.4,95,0.0,,310,8.3,,1019.6,,8,3,42137,Karnal
2025-01-17 18:00:00,9.4,95,0.0,,310,8.3,,1019.6,,8,3,42137,Karnal
2025-01-17 19:00:00,9.5,95,0.0,,301,8.3,,1019.4,,8,3,42137,Karnal
2025-01-17 19:00:00,9.5,95,0.0,,301,8.3,,1019.4,,8,3,42137,Karnal
2025-01-17 20:00:00,9.2,96,0.0,,317,7.6,,1018.7,,8,3,42137,Karnal
2025-01-17 20:00:00,9.2,96,0.0,,317,7.6,,1018.7,,8,3,42137,Karnal
2025-01-17 21:00:00,8.6,96,0.0,,311,6.1,,1018.4,,8,3,42137,Karnal
2025-01-17 21:00:00,8.6,96,0.0,,311,6.1,,1018.4,,8,3,42137,Karnal
2025-01-17 22:00:00,8.1,96,0.0,,293,5.0,,1018.2,,7,3,42137,Karnal
2025-01-17 22:00:00,8.1,96,0.0,,293,5.0,,1018.2,,7,3,42137,Karnal
2025-01-17 23:00:00,7.0,97,0.0,,284,5.0,,1018.1,,7,3,42137,Karnal
2025-01-17 23:00:00,7.0,97,0.0,,284,5.0,,1018.1,,7,3,42137,Karnal
2025-01-18 00:00:00,7.9,98,0.0,,276,7.6,,1018.4,,3,3,42137,Karnal
2025-01-18 00:00:00,7.9,98,0.0,,276,7.6,,1018.4,,3,3,42137,Karnal
2025-01-18 01:00:00,7.3,98,0.0,,275,7.2,,1019.0,,3,3,42137,Karnal
2025-01-18 01:00:00,7.3,98,0.0,,275,7.2,,1019.0,,3,3,42137,Karnal
2025-01-18 02:00:00,6.9,98,0.0,,280,7.2,,1019.8,,6,2,42137,Karnal
2025-01-18 02:00:00,6.9,98,0.0,,280,7.2,,1019.8,,6,2,42137,Karnal
2025-01-18 03:00:00,9.6,97,0.0,,270,1.8,,1021.0,,8,3,42137,Karnal
2025-01-18 03:00:00,9.6,97,0.0,,270,1.8,,1021.0,,8,3,42137,Karnal
2025-01-18 04:00:00,10.8,92,0.0,,290,6.5,,1021.3,,7,3,42137,Karnal
2025-01-18 04:00:00,10.8,92,0.0,,290,6.5,,1021.3,,7,3,42137,Karnal
2025-01-18 05:00:00,11.3,91,0.0,,331,7.2,,1021.9,,8,3,42137,Karnal
2025-01-18 05:00:00,11.3,91,0.0,,331,7.2,,1021.9,,8,3,42137,Karnal
2025-01-18 06:00:00,13.3,87,0.0,,293,6.8,,1021.6,,8,3,42137,Karnal
2025-01-18 06:00:00,13.3,87,0.0,,293,6.8,,1021.6,,8,3,42137,Karnal
2025-01-18 07:00:00,15.0,82,0.0,,313,5.4,,1020.3,,1,3,42137,Karnal
2025-01-18 07:00:00,15.0,82,0.0,,313,5.4,,1020.3,,1,3,42137,Karnal
2025-01-18 08:00:00,16.5,76,0.0,,307,4.7,,1018.8,,8,1,42137,Karnal
2025-01-18 08:00:00,16.5,76,0.0,,307,4.7,,1018.8,,8,1,42137,Karnal
2025-01-18 09:00:00,17.2,70,0.0,,305,4.3,,1017.7,,7,3,42137,Karnal
2025-01-18 09:00:00,17.2,70,0.0,,305,4.3,,1017.7,,7,3,42137,Karnal
2025-01-18 10:00:00,16.5,78,0.0,,277,3.6,,1016.7,,5,3,42137,Karnal
2025-01-18 10:00:00,16.5,78,0.0,,277,3.6,,1016.7,,5,3,42137,Karnal
2025-01-18 11:00:00,16.1,81,0.0,,294,5.0,,1016.6,,6,3,42137,Karnal
2025-01-18 11:00:00,16.1,81,0.0,,294,5.0,,1016.6,,6,3,42137,Karnal
2025-01-18 12:00:00,14.3,90,0.0,,298,5.0,,1016.8,,8,3,42137,Karnal
2025-01-18 12:00:00,14.3,90,0.0,,298,5.0,,1016.8,,8,3,42137,Karnal
2025-01-18 13:00:00,12.7,91,0.0,,335,3.6,,1016.5,,7,3,42137,Karnal
2025-01-18 13:00:00,12.7,91,0.0,,335,3.6,,1016.5,,7,3,42137,Karnal
2025-01-18 14:00:00,12.2,92,0.0,,314,3.6,,1016.5,,7,3,42137,Karnal
2025-01-18 14:00:00,12.2,92,0.0,,314,3.6,,1016.5,,7,3,42137,Karnal
2025-01-18 15:00:00,10.6,96,0.0,,322,5.0,,1017.6,,6,3,42137,Karnal
2025-01-18 15:00:00,10.6,96,0.0,,322,5.0,,1017.6,,6,3,42137,Karnal
2025-01-18 16:00:00,10.5,96,0.0,,308,6.1,,1017.9,,6,3,42137,Karnal
2025-01-18 16:00:00,10.5,96,0.0,,308,6.1,,1017.9,,6,3,42137,Karnal
2025-01-18 17:00:00,10.3,98,0.0,,306,6.5,,1018.3,,7,3,42137,Karnal
2025-01-18 17:00:00,10.3,98,0.0,,306,6.5,,1018.3,,7,3,42137,Karnal
2025-01-18 18:00:00,10.4,98,0.0,,294,7.2,,1018.4,,7,3,42137,Karnal
2025-01-18 18:00:00,10.4,98,0.0,,294,7.2,,1018.4,,7,3,42137,Karnal
2025-01-18 19:00:00,10.1,99,0.0,,293,6.1,,1018.2,,7,3,42137,Karnal
2025-01-18 19:00:00,10.1,99,0.0,,293,6.1,,1018.2,,7,3,42137,Karnal
2025-01-18 20:00:00,9.9,100,0.0,,278,5.0,,1017.6,,8,3,42137,Karnal
2025-01-18 20:00:00,9.9,100,0.0,,278,5.0,,1017.6,,8,3,42137,Karnal
2025-01-18 21:00:00,10.1,100,0.0,,301,5.8,,1017.2,,8,5,42137,Karnal
2025-01-18 21:00:00,10.1,100,0.0,,301,5.8,,1017.2,,8,5,42137,Karnal
2025-01-18 22:00:00,9.7,100,0.0,,303,5.4,,1017.1,,8,5,42137,Karnal
2025-01-18 22:00:00,9.7,100,0.0,,303,5.4,,1017.1,,8,5,42137,Karnal
2025-01-18 23:00:00,9.3,100,0.0,,339,5.0,,1017.0,,8,5,42137,Karnal
2025-01-18 23:00:00,9.3,100,0.0,,339,5.0,,1017.0,,8,5,42137,Karnal
2025-01-19 00:00:00,9.3,100,0.0,,328,4.7,,1017.2,,8,5,42137,Karnal
2025-01-19 00:00:00,9.3,100,0.0,,328,4.7,,1017.2,,8,5,42137,Karnal
2025-01-19 01:00:00,9.0,100,0.0,,289,3.6,,1017.6,,8,5,42137,Karnal
2025-01-19 01:00:00,9.0,100,0.0,,289,3.6,,1017.6,,8,5,42137,Karnal
2025-01-19 02:00:00,8.7,99,0.0,,305,4.7,,1018.5,,8,5,42137,Karnal
2025-01-19 02:00:00,8.7,99,0.0,,305,4.7,,1018.5,,8,5,42137,Karnal
2025-01-19 03:00:00,9.3,98,0.0,,335,5.8,,1019.5,,8,5,42137,Karnal
2025-01-19 03:00:00,9.3,98,0.0,,335,5.8,,1019.5,,8,5,42137,Karnal
2025-01-19 04:00:00,10.3,96,0.0,,347,6.5,,1020.4,,7,5,42137,Karnal
2025-01-19 04:00:00,10.3,96,0.0,,347,6.5,,1020.4,,7,5,42137,Karnal
2025-01-19 05:00:00,12.6,90,0.0,,346,5.4,,1020.6,,2,5,42137,Karnal
2025-01-19 05:00:00,12.6,90,0.0,,346,5.4,,1020.6,,2,5,42137,Karnal
2025-01-19 06:00:00,15.1,86,0.0,,324,4.0,,1020.0,,5,2,42137,Karnal
2025-01-19 06:00:00,15.1,86,0.0,,324,4.0,,1020.0,,5,2,42137,Karnal
2025-01-19 07:00:00,17.7,74,0.0,,326,4.7,,1018.8,,5,3,42137,Karnal
2025-01-19 07:00:00,17.7,74,0.0,,326,4.7,,1018.8,,5,3,42137,Karnal
2025-01-19 08:00:00,19.2,68,0.0,,321,5.4,,1017.3,,1,3,42137,Karnal
2025-01-19 08:00:00,19.2,68,0.0,,321,5.4,,1017.3,,1,3,42137,Karnal
2025-01-19 09:00:00,20.0,67,0.0,,304,5.8,,1016.3,,5,1,42137,Karnal
2025-01-19 09:00:00,20.0,67,0.0,,304,5.8,,1016.3,,5,1,42137,Karnal
2025-01-19 10:00:00,20.1,68,0.0,,288,7.2,,1015.6,,8,3,42137,Karnal
2025-01-19 10:00:00,20.1,68,0.0,,288,7.2,,1015.6,,8,3,42137,Karnal
2025-01-19 11:00:00,19.6,75,0.0,,278,5.8,,1015.5,,8,3,42137,Karnal
2025-01-19 11:00:00,19.6,75,0.0,,278,5.8,,1015.5,,8,3,42137,Karnal
2025-01-19 12:00:00,17.4,82,0.0,,292,6.5,,1015.2,,8,3,42137,Karnal
2025-01-19 12:00:00,17.4,82,0.0,,292,6.5,,1015.2,,8,3,42137,Karnal
2025-01-19 13:00:00,16.1,86,0.0,,306,7.2,,1015.4,,8,3,42137,Karnal
2025-01-19 13:00:00,16.1,86,0.0,,306,7.2,,1015.4,,8,3,42137,Karnal
2025-01-19 14:00:00,15.3,89,0.0,,312,6.8,,1015.5,,8,3,42137,Karnal
2025-01-19 14:00:00,15.3,89,0.0,,312,6.8,,1015.5,,8,3,42137,Karnal
2025-01-19 15:00:00,14.8,90,0.0,,320,6.1,,1015.6,,8,3,42137,Karnal
2025-01-19 15:00:00,14.8,90,0.0,,320,6.1,,1015.6,,8,3,42137,Karnal
2025-01-19 16:00:00,14.7,90,0.0,,314,5.8,,1016.5,,8,3,42137,Karnal
2025-01-19 16:00:00,14.7,90,0.0,,314,5.8,,1016.5,,8,3,42137,Karnal
2025-01-19 17:00:00,14.4,92,0.0,,280,7.6,,1016.5,,8,3,42137,Karnal
2025-01-19 17:00:00,14.4,92,0.0,,280,7.6,,1016.5,,8,3,42137,Karnal
2025-01-19 18:00:00,14.2,91,0.0,,294,8.6,,1016.5,,5,3,42137,Karnal
2025-01-19 18:00:00,14.2,91,0.0,,294,8.6,,1016.5,,5,3,42137,Karnal
2025-01-19 19:00:00,13.7,90,0.0,,308,9.4,,1016.2,,2,3,42137,Karnal
2025-01-19 19:00:00,13.7,90,0.0,,308,9.4,,1016.2,,2,3,42137,Karnal
2025-01-19 20:00:00,13.3,91,0.0,,310,9.0,,1015.7,,3,2,42137,Karnal
2025-01-19 20:00:00,13.3,91,0.0,,310,9.0,,1015.7,,3,2,42137,Karnal
2025-01-19 21:00:00,13.0,90,0.0,,324,9.7,,1014.7,,8,3,42137,Karnal
2025-01-19 21:00:00,13.0,90,0.0,,324,9.7,,1014.7,,8,3,42137,Karnal
2025-01-19 22:00:00,12.8,90,0.0,,323,9.7,,1014.4,,0,3,42137,Karnal
2025-01-19 22:00:00,12.8,90,0.0,,323,9.7,,1014.4,,0,3,42137,Karnal
2025-01-19 23:00:00,12.3,90,0.0,,311,9.4,,1014.1,,4,1,42137,Karnal
2025-01-19 23:00:00,12.3,90,0.0,,311,9.4,,1014.1,,4,1,42137,Karnal
2025-01-20 00:00:00,11.8,91,0.0,,295,9.0,,1014.2,,5,3,42137,Karnal
2025-01-20 00:00:00,11.8,91,0.0,,295,9.0,,1014.2,,5,3,42137,Karnal
2025-01-20 01:00:00,11.6,91,0.0,,295,10.1,,1015.0,,2,3,42137,Karnal
2025-01-20 01:00:00,11.6,91,0.0,,295,10.1,,1015.0,,2,3,42137,Karnal
2025-01-20 02:00:00,11.7,91,0.0,,291,10.4,,1015.9,,3,2,42137,Karnal
2025-01-20 02:00:00,11.7,91,0.0,,291,10.4,,1015.9,,3,2,42137,Karnal
2025-01-20 03:00:00,10.8,92,0.0,,0,0.0,,1016.6,,4,2,42137,Karnal
2025-01-20 03:00:00,10.8,92,0.0,,0,0.0,,1016.6,,4,2,42137,Karnal
2025-01-20 04:00:00,15.0,85,0.0,,281,10.4,,1016.8,,3,2,42137,Karnal
2025-01-20 04:00:00,15.0,85,0.0,,281,10.4,,1016.8,,3,2,42137,Karnal
2025-01-20 05:00:00,17.1,80,0.0,,293,10.1,,1017.2,,2,3,42137,Karnal
2025-01-20 05:00:00,17.1,80,0.0,,293,10.1,,1017.2,,2,3,42137,Karnal
2025-01-20 06:00:00,19.1,76,0.0,,307,10.8,,1016.9,,1,2,42137,Karnal
2025-01-20 06:00:00,19.1,76,0.0,,307,10.8,,1016.9,,1,2,42137,Karnal
2025-01-20 07:00:00,20.3,74,0.0,,301,12.2,,1016.1,,1,2,42137,Karnal
2025-01-20 07:00:00,20.3,74,0.0,,301,12.2,,1016.1,,1,2,42137,Karnal
2025-01-20 08:00:00,21.1,71,0.0,,304,13.0,,1014.9,,0,1,42137,Karnal
2025-01-20 08:00:00,21.1,71,0.0,,304,13.0,,1014.9,,0,1,42137,Karnal
2025-01-20 09:00:00,21.3,69,0.0,,302,13.7,,1014.1,,0,1,42137,Karnal
2025-01-20 09:00:00,21.3,69,0.0,,302,13.7,,1014.1,,0,1,42137,Karnal
2025-01-20 10:00:00,21.0,71,0.0,,297,13.0,,1013.8,,0,1,42137,Karnal
2025-01-20 10:00:00,21.0,71,0.0,,297,13.0,,1013.8,,0,1,42137,Karnal
2025-01-20 11:00:00,20.1,77,0.0,,288,10.4,,1013.5,,0,1,42137,Karnal
2025-01-20 11:00:00,20.1,77,0.0,,288,10.4,,1013.5,,0,1,42137,Karnal
2025-01-20 12:00:00,18.0,84,0.0,,279,9.0,,1013.4,,2,1,42137,Karnal
2025-01-20 12:00:00,18.0,84,0.0,,279,9.0,,1013.4,,2,1,42137,Karnal
2025-01-20 13:00:00,16.3,90,0.0,,278,10.1,,1013.8,,3,2,42137,Karnal
2025-01-20 13:00:00,16.3,90,0.0,,278,10.1,,1013.8,,3,2,42137,Karnal
2025-01-20 14:00:00,15.7,91,0.0,,284,10.8,,1014.4,,1,2,42137,Karnal
2025-01-20 14:00:00,15.7,91,0.0,,284,10.8,,1014.4,,1,2,42137,Karnal
2025-01-20 15:00:00,15.1,92,0.0,,298,11.5,,1015.0,,0,1,42137,Karnal
2025-01-20 15:00:00,15.1,92,0.0,,298,11.5,,1015.0,,0,1,42137,Karnal
2025-01-20 16:00:00,14.7,92,0.0,,306,11.9,,1015.4,,0,1,42137,Karnal
2025-01-20 16:00:00,14.7,92,0.0,,306,11.9,,1015.4,,0,1,42137,Karnal
2025-01-20 17:00:00,14.7,92,0.0,,309,13.0,,1015.5,,0,1,42137,Karnal
2025-01-20 17:00:00,14.7,92,0.0,,309,13.0,,1015.5,,0,1,42137,Karnal
2025-01-20 18:00:00,14.1,92,0.0,,310,12.6,,1015.5,,0,1,42137,Karnal
2025-01-20 18:00:00,14.1,92,0.0,,310,12.6,,1015.5,,0,1,42137,Karnal
2025-01-20 19:00:00,13.6,92,0.0,,312,11.9,,1015.1,,0,1,42137,Karnal
2025-01-20 19:00:00,13.6,92,0.0,,312,11.9,,1015.1,,0,1,42137,Karnal
2025-01-20 20:00:00,13.1,92,0.0,,314,11.2,,1014.7,,0,1,42137,Karnal
2025-01-20 20:00:00,13.1,92,0.0,,314,11.2,,1014.7,,0,1,42137,Karnal
2025-01-20 21:00:00,12.6,92,0.0,,312,9.7,,1014.3,,0,1,42137,Karnal
2025-01-20 21:00:00,12.6,92,0.0,,312,9.7,,1014.3,,0,1,42137,Karnal
2025-01-20 22:00:00,12.2,91,0.0,,309,11.2,,1013.6,,0,1,42137,Karnal
2025-01-20 22:00:00,12.2,91,0.0,,309,11.2,,1013.6,,0,1,42137,Karnal
2025-01-20 23:00:00,11.7,91,0.0,,310,10.8,,1013.3,,0,1,42137,Karnal
2025-01-20 23:00:00,11.7,91,0.0,,310,10.8,,1013.3,,0,1,42137,Karnal
2025-01-21 00:00:00,11.3,91,0.0,,310,10.1,,1013.2,,0,1,42137,Karnal
2025-01-21 00:00:00,11.3,91,0.0,,310,10.1,,1013.2,,0,1,42137,Karnal
2025-01-21 01:00:00,10.8,91,0.0,,308,9.0,,1013.5,,0,1,42137,Karnal
2025-01-21 01:00:00,10.8,91,0.0,,308,9.0,,1013.5,,0,1,42137,Karnal
2025-01-21 02:00:00,10.3,92,0.0,,303,8.3,,1014.1,,0,1,42137,Karnal
2025-01-21 02:00:00,10.3,92,0.0,,303,8.3,,1014.1,,0,1,42137,Karnal
2025-01-21 03:00:00,9.6,89,0.0,,0,0.0,,1015.2,,0,1,42137,Karnal
2025-01-21 03:00:00,9.6,89,0.0,,0,0.0,,1015.2,,0,1,42137,Karnal
2025-01-21 04:00:00,14.1,81,0.0,,283,6.8,,1015.7,,1,1,42137,Karnal
2025-01-21 04:00:00,14.1,81,0.0,,283,6.8,,1015.7,,1,1,42137,Karnal
2025-01-21 05:00:00,16.0,77,0.0,,287,7.2,,1016.5,,0,1,42137,Karnal
2025-01-21 05:00:00,16.0,77,0.0,,287,7.2,,1016.5,,0,1,42137,Karnal
2025-01-21 06:00:00,17.7,73,0.0,,293,8.6,,1016.1,,0,1,42137,Karnal
2025-01-21 06:00:00,17.7,73,0.0,,293,8.6,,1016.1,,0,1,42137,Karnal
2025-01-21 07:00:00,19.0,70,0.0,,295,10.1,,1015.1,,0,1,42137,Karnal
2025-01-21 07:00:00,19.0,70,0.0,,295,10.1,,1015.1,,0,1,42137,Karnal
2025-01-21 08:00:00,19.9,69,0.0,,295,10.8,,1013.8,,0,1,42137,Karnal
2025-01-21 08:00:00,19.9,69,0.0,,295,10.8,,1013.8,,0,1,42137,Karnal
2025-01-21 09:00:00,20.0,69,0.0,,289,13.7,,1013.0,,0,1,42137,Karnal
2025-01-21 09:00:00,20.0,69,0.0,,289,13.7,,1013.0,,0,1,42137,Karnal
2025-01-21 10:00:00,19.8,71,0.0,,288,13.0,,1012.3,,0,1,42137,Karnal
2025-01-21 10:00:00,19.8,71,0.0,,288,13.0,,1012.3,,0,1,42137,Karnal
2025-01-21 11:00:00,19.0,74,0.0,,286,12.6,,1012.2,,0,1,42137,Karnal
2025-01-21 11:00:00,19.0,74,0.0,,286,12.6,,1012.2,,0,1,42137,Karnal
2025-01-21 12:00:00,17.1,79,0.0,,286,11.5,,1012.1,,0,1,42137,Karnal
2025-01-21 12:00:00,17.1,79,0.0,,286,11.5,,1012.1,,0,1,42137,Karnal
2025-01-21 13:00:00,15.4,85,0.0,,287,11.5,,1012.4,,0,1,42137,Karnal
2025-01-21 13:00:00,15.4,85,0.0,,287,11.5,,1012.4,,0,1,42137,Karnal
2025-01-21 14:00:00,15.0,87,0.0,,292,12.2,,1013.5,,0,1,42137,Karnal
2025-01-21 14:00:00,15.0,87,0.0,,292,12.2,,1013.5,,0,1,42137,Karnal
2025-01-21 15:00:00,14.4,88,0.0,,297,12.2,,1014.0,,0,1,42137,Karnal
2025-01-21 15:00:00,14.4,88,0.0,,297,12.2,,1014.0,,0,1,42137,Karnal
2025-01-21 16:00:00,13.8,89,0.0,,301,12.2,,1014.3,,0,1,42137,Karnal
2025-01-21 16:00:00,13.8,89,0.0,,301,12.2,,1014.3,,0,1,42137,Karnal
2025-01-21 17:00:00,13.3,89,0.0,,304,11.9,,1014.4,,0,1,42137,Karnal
2025-01-21 17:00:00,13.3,89,0.0,,304,11.9,,1014.4,,0,1,42137,Karnal
2025-01-21 18:00:00,12.8,90,0.0,,308,11.9,,1014.5,,0,1,42137,Karnal
2025-01-21 18:00:00,12.8,90,0.0,,308,11.9,,1014.5,,0,1,42137,Karnal
2025-01-21 19:00:00,12.4,90,0.0,,315,11.9,,1014.4,,0,1,42137,Karnal
2025-01-21 19:00:00,12.4,90,0.0,,315,11.9,,1014.4,,0,1,42137,Karnal
2025-01-21 20:00:00,11.9,90,0.0,,321,11.2,,1014.4,,0,1,42137,Karnal
2025-01-21 20:00:00,11.9,90,0.0,,321,11.2,,1014.4,,0,1,42137,Karnal
2025-01-21 21:00:00,11.4,90,0.0,,321,10.8,,1014.0,,0,1,42137,Karnal
2025-01-21 21:00:00,11.4,90,0.0,,321,10.8,,1014.0,,0,1,42137,Karnal
2025-01-21 22:00:00,11.0,91,0.0,,319,10.8,,1013.4,,0,1,42137,Karnal
2025-01-21 22:00:00,11.0,91,0.0,,319,10.8,,1013.4,,0,1,42137,Karnal
2025-01-21 23:00:00,10.5,92,0.0,,321,10.4,,1012.8,,0,1,42137,Karnal
2025-01-21 23:00:00,10.5,92,0.0,,321,10.4,,1012.8,,0,1,42137,Karnal
2025-01-22 00:00:00,10.1,93,0.0,,332,7.9,,1012.7,,0,1,42137,Karnal
2025-01-22 00:00:00,10.1,93,0.0,,332,7.9,,1012.7,,0,1,42137,Karnal
2025-01-22 01:00:00,9.3,94,0.0,,327,6.8,,1013.4,,0,1,42137,Karnal
2025-01-22 01:00:00,9.3,94,0.0,,327,6.8,,1013.4,,0,1,42137,Karnal
2025-01-22 02:00:00,8.7,95,0.0,,313,6.1,,1014.1,,0,1,42137,Karnal
2025-01-22 02:00:00,8.7,95,0.0,,313,6.1,,1014.1,,0,1,42137,Karnal
2025-01-22 03:00:00,7.6,97,0.0,,0,0.0,,1015.5,,0,1,42137,Karnal
2025-01-22 03:00:00,7.6,97,0.0,,0,0.0,,1015.5,,0,1,42137,Karnal
2025-01-22 04:00:00,13.4,87,0.0,,310,5.4,,1015.2,,0,1,42137,Karnal
2025-01-22 04:00:00,13.4,87,0.0,,310,5.4,,1015.2,,0,1,42137,Karnal
2025-01-22 05:00:00,15.6,83,0.0,,314,5.0,,1016.1,,0,1,42137,Karnal
2025-01-22 05:00:00,15.6,83,0.0,,314,5.0,,1016.1,,0,1,42137,Karnal
2025-01-22 06:00:00,17.8,79,0.0,,320,5.4,,1015.6,,0,1,42137,Karnal
2025-01-22 06:00:00,17.8,79,0.0,,320,5.4,,1015.6,,0,1,42137,Karnal
2025-01-22 07:00:00,19.6,74,0.0,,327,5.8,,1014.6,,0,1,42137,Karnal
2025-01-22 07:00:00,19.6,74,0.0,,327,5.8,,1014.6,,0,1,42137,Karnal
2025-01-22 08:00:00,20.8,66,0.0,,350,7.6,,1013.2,,0,1,42137,Karnal
2025-01-22 08:00:00,20.8,66,0.0,,350,7.6,,1013.2,,0,1,42137,Karnal
2025-01-22 09:00:00,21.3,63,0.0,,327,5.8,,1012.4,,1,1,42137,Karnal
2025-01-22 09:00:00,21.3,63,0.0,,327,5.8,,1012.4,,1,1,42137,Karnal
2025-01-22 10:00:00,21.0,62,0.0,,329,5.4,,1011.8,,2,2,42137,Karnal
2025-01-22 10:00:00,21.0,62,0.0,,329,5.4,,1011.8,,2,2,42137,Karnal
2025-01-22 11:00:00,20.2,75,0.0,,300,3.6,,1011.7,,0,2,42137,Karnal
2025-01-22 11:00:00,20.2,75,0.0,,300,3.6,,1011.7,,0,2,42137,Karnal
2025-01-22 12:00:00,17.7,81,0.0,,294,5.8,,1011.7,,0,1,42137,Karnal
2025-01-22 12:00:00,17.7,81,0.0,,294,5.8,,1011.7,,0,1,42137,Karnal
2025-01-22 13:00:00,15.9,87,0.0,,283,8.6,,1012.5,,1,1,42137,Karnal
2025-01-22 13:00:00,15.9,87,0.0,,283,8.6,,1012.5,,1,1,42137,Karnal
2025-01-22 14:00:00,15.2,90,0.0,,311,8.6,,1013.4,,1,1,42137,Karnal
2025-01-22 14:00:00,15.2,90,0.0,,311,8.6,,1013.4,,1,1,42137,Karnal
2025-01-22 15:00:00,14.3,91,0.0,,280,6.1,,1014.1,,2,2,42137,Karnal
2025-01-22 15:00:00,14.3,91,0.0,,280,6.1,,1014.1,,2,2,42137,Karnal
2025-01-22 16:00:00,13.6,92,0.0,,256,9.0,,1014.9,,5,2,42137,Karnal
2025-01-22 16:00:00,13.6,92,0.0,,256,9.0,,1014.9,,5,2,42137,Karnal
2025-01-22 17:00:00,13.3,91,0.0,,230,4.7,,1014.9,,2,3,42137,Karnal
2025-01-22 17:00:00,13.3,91,0.0,,230,4.7,,1014.9,,2,3,42137,Karnal
2025-01-22 18:00:00,12.5,93,0.0,,194,6.8,,1015.4,,2,2,42137,Karnal
2025-01-22 18:00:00,12.5,93,0.0,,194,6.8,,1015.4,,2,2,42137,Karnal
2025-01-22 19:00:00,12.2,92,0.0,,272,3.6,,1015.0,,2,2,42137,Karnal
2025-01-22 19:00:00,12.2,92,0.0,,272,3.6,,1015.0,,2,2,42137,Karnal
2025-01-22 20:00:00,11.7,91,0.0,,330,7.6,,1014.7,,0,2,42137,Karnal
2025-01-22 20:00:00,11.7,91,0.0,,330,7.6,,1014.7,,0,2,42137,Karnal
2025-01-22 21:00:00,10.9,92,0.0,,336,6.8,,1014.3,,0,1,42137,Karnal
2025-01-22 21:00:00,10.9,92,0.0,,336,6.8,,1014.3,,0,1,42137,Karnal
2025-01-22 22:00:00,10.3,94,0.0,,341,7.2,,1013.9,,0,1,42137,Karnal
2025-01-22 22:00:00,10.3,94,0.0,,341,7.2,,1013.9,,0,1,42137,Karnal
2025-01-22 23:00:00,10.5,94,0.0,,336,7.9,,1013.8,,0,1,42137,Karnal
2025-01-22 23:00:00,10.5,94,0.0,,336,7.9,,1013.8,,0,1,42137,Karnal
2025-01-23 00:00:00,10.3,94,0.0,,326,7.9,,1013.9,,0,1,42137,Karnal
2025-01-23 00:00:00,10.3,94,0.0,,326,7.9,,1013.9,,0,1,42137,Karnal
2025-01-23 01:00:00,9.8,96,0.0,,322,7.2,,1014.5,,0,1,42137,Karnal
2025-01-23 01:00:00,9.8,96,0.0,,322,7.2,,1014.5,,0,1,42137,Karnal
2025-01-23 02:00:00,9.9,96,0.0,,318,7.6,,1015.0,,0,1,42137,Karnal
2025-01-23 02:00:00,9.9,96,0.0,,318,7.6,,1015.0,,0,1,42137,Karnal
2025-01-23 03:00:00,11.6,92,0.0,,316,10.1,,1015.9,,0,1,42137,Karnal
2025-01-23 03:00:00,11.6,92,0.0,,316,10.1,,1015.9,,0,1,42137,Karnal
2025-01-23 04:00:00,13.9,89,0.0,,308,9.0,,1016.6,,0,1,42137,Karnal
2025-01-23 04:00:00,13.9,89,0.0,,308,9.0,,1016.6,,0,1,42137,Karnal
2025-01-23 05:00:00,15.9,84,0.0,,309,9.7,,1017.3,,0,1,42137,Karnal
2025-01-23 05:00:00,15.9,84,0.0,,309,9.7,,1017.3,,0,1,42137,Karnal
2025-01-23 06:00:00,17.6,78,0.0,,312,9.7,,1016.8,,0,1,42137,Karnal
2025-01-23 06:00:00,17.6,78,0.0,,312,9.7,,1016.8,,0,1,42137,Karnal
2025-01-23 07:00:00,19.0,74,0.0,,310,10.1,,1015.9,,0,1,42137,Karnal
2025-01-23 07:00:00,19.0,74,0.0,,310,10.1,,1015.9,,0,1,42137,Karnal
2025-01-23 08:00:00,20.1,69,0.0,,306,10.8,,1015.1,,0,1,42137,Karnal
2025-01-23 08:00:00,20.1,69,0.0,,306,10.8,,1015.1,,0,1,42137,Karnal
2025-01-23 09:00:00,20.5,63,0.0,,302,12.6,,1014.3,,0,1,42137,Karnal
2025-01-23 09:00:00,20.5,63,0.0,,302,12.6,,1014.3,,0,1,42137,Karnal
2025-01-23 10:00:00,20.2,64,0.0,,298,12.6,,1014.1,,0,1,42137,Karnal
2025-01-23 10:00:00,20.2,64,0.0,,298,12.6,,1014.1,,0,1,42137,Karnal
2025-01-23 11:00:00,18.8,68,0.0,,295,11.2,,1014.4,,0,1,42137,Karnal
2025-01-23 11:00:00,18.8,68,0.0,,295,11.2,,1014.4,,0,1,42137,Karnal
2025-01-23 12:00:00,16.8,74,0.0,,290,10.8,,1014.6,,0,1,42137,Karnal
2025-01-23 12:00:00,16.8,74,0.0,,290,10.8,,1014.6,,0,1,42137,Karnal
2025-01-23 13:00:00,15.1,80,0.0,,296,11.2,,1015.1,,0,1,42137,Karnal
2025-01-23 13:00:00,15.1,80,0.0,,296,11.2,,1015.1,,0,1,42137,Karnal
2025-01-23 14:00:00,14.2,81,0.0,,298,11.2,,1015.8,,0,1,42137,Karnal
2025-01-23 14:00:00,14.2,81,0.0,,298,11.2,,1015.8,,0,1,42137,Karnal
2025-01-23 15:00:00,13.4,80,0.0,,297,11.5,,1016.3,,0,1,42137,Karnal
2025-01-23 15:00:00,13.4,80,0.0,,297,11.5,,1016.3,,0,1,42137,Karnal
2025-01-23 16:00:00,13.0,78,0.0,,297,12.2,,1016.7,,0,1,42137,Karnal
2025-01-23 16:00:00,13.0,78,0.0,,297,12.2,,1016.7,,0,1,42137,Karnal
2025-01-23 17:00:00,12.4,78,0.0,,300,12.2,,1016.7,,0,1,42137,Karnal
2025-01-23 17:00:00,12.4,78,0.0,,300,12.2,,1016.7,,0,1,42137,Karnal
2025-01-23 18:00:00,11.8,78,0.0,,301,12.2,,1016.5,,0,1,42137,Karnal
2025-01-23 18:00:00,11.8,78,0.0,,301,12.2,,1016.5,,0,1,42137,Karnal
2025-01-23 19:00:00,11.5,79,0.0,,304,12.2,,1016.3,,0,1,42137,Karnal
2025-01-23 19:00:00,11.5,79,0.0,,304,12.2,,1016.3,,0,1,42137,Karnal
2025-01-23 20:00:00,11.0,80,0.0,,305,12.2,,1015.9,,0,1,42137,Karnal
2025-01-23 20:00:00,11.0,80,0.0,,305,12.2,,1015.9,,0,1,42137,Karnal
2025-01-23 21:00:00,10.8,81,0.0,,300,12.2,,1014.7,,0,1,42137,Karnal
2025-01-23 21:00:00,10.8,81,0.0,,300,12.2,,1014.7,,0,1,42137,Karnal
2025-01-23 22:00:00,10.5,82,0.0,,305,11.9,,1014.5,,0,1,42137,Karnal
2025-01-23 22:00:00,10.5,82,0.0,,305,11.9,,1014.5,,0,1,42137,Karnal
2025-01-23 23:00:00,10.0,84,0.0,,307,11.5,,1014.3,,0,1,42137,Karnal
2025-01-23 23:00:00,10.0,84,0.0,,307,11.5,,1014.3,,0,1,42137,Karnal
2025-01-24 00:00:00,9.6,85,0.0,,304,11.9,,1014.5,,0,1,42137,Karnal
2025-01-24 00:00:00,9.6,85,0.0,,304,11.9,,1014.5,,0,1,42137,Karnal
2025-01-24 01:00:00,9.2,85,0.0,,300,11.5,,1015.1,,0,1,42137,Karnal
2025-01-24 01:00:00,9.2,85,0.0,,300,11.5,,1015.1,,0,1,42137,Karnal
2025-01-24 02:00:00,9.4,88,0.0,,296,11.5,,1015.8,,0,1,42137,Karnal
2025-01-24 02:00:00,9.4,88,0.0,,296,11.5,,1015.8,,0,1,42137,Karnal
2025-01-24 03:00:00,8.2,92,0.0,,0,0.0,,1016.4,,0,1,42137,Karnal
2025-01-24 03:00:00,8.2,92,0.0,,0,0.0,,1016.4,,0,1,42137,Karnal
2025-01-24 04:00:00,13.1,78,0.0,,285,10.4,,1016.9,,0,1,42137,Karnal
2025-01-24 04:00:00,13.1,78,0.0,,285,10.4,,1016.9,,0,1,42137,Karnal
2025-01-24 05:00:00,15.1,73,0.0,,281,10.8,,1017.4,,0,1,42137,Karnal
2025-01-24 05:00:00,15.1,73,0.0,,281,10.8,,1017.4,,0,1,42137,Karnal
2025-01-24 06:00:00,16.9,69,0.0,,279,11.9,,1017.4,,0,1,42137,Karnal
2025-01-24 06:00:00,16.9,69,0.0,,279,11.9,,1017.4,,0,1,42137,Karnal
2025-01-24 07:00:00,18.3,67,0.0,,283,12.6,,1016.1,,0,1,42137,Karnal
2025-01-24 07:00:00,18.3,67,0.0,,283,12.6,,1016.1,,0,1,42137,Karnal
2025-01-24 08:00:00,19.2,65,0.0,,288,13.7,,1015.0,,0,1,42137,Karnal
2025-01-24 08:00:00,19.2,65,0.0,,288,13.7,,1015.0,,0,1,42137,Karnal
2025-01-24 09:00:00,19.5,64,0.0,,286,14.8,,1014.4,,0,1,42137,Karnal
2025-01-24 09:00:00,19.5,64,0.0,,286,14.8,,1014.4,,0,1,42137,Karnal
2025-01-24 10:00:00,19.3,66,0.0,,283,14.8,,1014.1,,0,1,42137,Karnal
2025-01-24 10:00:00,19.3,66,0.0,,283,14.8,,1014.1,,0,1,42137,Karnal
2025-01-24 11:00:00,18.5,70,0.0,,290,14.0,,1013.9,,0,1,42137,Karnal
2025-01-24 11:00:00,18.5,70,0.0,,290,14.0,,1013.9,,0,1,42137,Karnal
2025-01-24 12:00:00,16.7,75,0.0,,288,13.3,,1014.0,,0,1,42137,Karnal
2025-01-24 12:00:00,16.7,75,0.0,,288,13.3,,1014.0,,0,1,42137,Karnal
2025-01-24 13:00:00,15.0,81,0.0,,283,12.6,,1014.4,,0,1,42137,Karnal
2025-01-24 13:00:00,15.0,81,0.0,,283,12.6,,1014.4,,0,1,42137,Karnal
2025-01-24 14:00:00,14.0,82,0.0,,286,13.0,,1015.0,,0,1,42137,Karnal
2025-01-24 14:00:00,14.0,82,0.0,,286,13.0,,1015.0,,0,1,42137,Karnal
2025-01-24 15:00:00,13.2,80,0.0,,293,13.3,,1015.3,,0,1,42137,Karnal
2025-01-24 15:00:00,13.2,80,0.0,,293,13.3,,1015.3,,0,1,42137,Karnal
2025-01-24 16:00:00,12.5,78,0.0,,295,14.0,,1015.7,,0,1,42137,Karnal
2025-01-24 16:00:00,12.5,78,0.0,,295,14.0,,1015.7,,0,1,42137,Karnal
2025-01-24 17:00:00,12.3,76,0.0,,301,14.8,,1015.6,,0,1,42137,Karnal
2025-01-24 17:00:00,12.3,76,0.0,,301,14.8,,1015.6,,0,1,42137,Karnal
2025-01-24 18:00:00,11.9,74,0.0,,302,15.1,,1015.4,,0,1,42137,Karnal
2025-01-24 18:00:00,11.9,74,0.0,,302,15.1,,1015.4,,0,1,42137,Karnal
2025-01-24 19:00:00,11.3,73,0.0,,303,15.1,,1015.0,,0,1,42137,Karnal
2025-01-24 19:00:00,11.3,73,0.0,,303,15.1,,1015.0,,0,1,42137,Karnal
2025-01-24 20:00:00,10.9,72,0.0,,304,15.1,,1014.7,,0,1,42137,Karnal
2025-01-24 20:00:00,10.9,72,0.0,,304,15.1,,1014.7,,0,1,42137,Karnal
2025-01-24 21:00:00,10.4,72,0.0,,301,14.4,,1014.3,,0,1,42137,Karnal
2025-01-24 21:00:00,10.4,72,0.0,,301,14.4,,1014.3,,0,1,42137,Karnal
2025-01-24 22:00:00,10.4,74,0.0,,299,13.7,,1013.5,,0,1,42137,Karnal
2025-01-24 22:00:00,10.4,74,0.0,,299,13.7,,1013.5,,0,1,42137,Karnal
2025-01-24 23:00:00,10.0,74,0.0,,296,13.7,,1013.4,,0,1,42137,Karnal
2025-01-24 23:00:00,10.0,74,0.0,,296,13.7,,1013.4,,0,1,42137,Karnal
2025-01-25 00:00:00,9.6,72,0.0,,290,13.3,,1013.5,,0,1,42137,Karnal
2025-01-25 00:00:00,9.6,72,0.0,,290,13.3,,1013.5,,0,1,42137,Karnal
2025-01-25 01:00:00,9.1,72,0.0,,280,13.0,,1014.0,,0,1,42137,Karnal
2025-01-25 01:00:00,9.1,72,0.0,,280,13.0,,1014.0,,0,1,42137,Karnal
2025-01-25 02:00:00,8.6,72,0.0,,274,13.3,,1015.0,,0,1,42137,Karnal
2025-01-25 02:00:00,8.6,72,0.0,,274,13.3,,1015.0,,0,1,42137,Karnal
2025-01-25 03:00:00,7.0,88,0.0,,0,0.0,,1015.7,,0,1,42137,Karnal
2025-01-25 03:00:00,7.0,88,0.0,,0,0.0,,1015.7,,0,1,42137,Karnal
2025-01-25 04:00:00,11.7,74,0.0,,278,12.6,,1016.6,,0,1,42137,Karnal
2025-01-25 04:00:00,11.7,74,0.0,,278,12.6,,1016.6,,0,1,42137,Karnal
2025-01-25 05:00:00,13.8,70,0.0,,284,10.8,,1017.2,,0,1,42137,Karnal
2025-01-25 05:00:00,13.8,70,0.0,,284,10.8,,1017.2,,0,1,42137,Karnal
2025-01-25 06:00:00,15.7,66,0.0,,285,10.4,,1016.9,,0,1,42137,Karnal
2025-01-25 06:00:00,15.7,66,0.0,,285,10.4,,1016.9,,0,1,42137,Karnal
2025-01-25 07:00:00,17.2,62,0.0,,289,10.8,,1016.0,,0,1,42137,Karnal
2025-01-25 07:00:00,17.2,62,0.0,,289,10.8,,1016.0,,0,1,42137,Karnal
2025-01-25 08:00:00,18.2,61,0.0,,292,11.5,,1014.8,,0,1,42137,Karnal
2025-01-25 08:00:00,18.2,61,0.0,,292,11.5,,1014.8,,0,1,42137,Karnal
2025-01-25 09:00:00,18.7,64,0.0,,284,12.2,,1013.8,,0,1,42137,Karnal
2025-01-25 09:00:00,18.7,64,0.0,,284,12.2,,1013.8,,0,1,42137,Karnal
2025-01-25 10:00:00,18.6,66,0.0,,276,11.9,,1013.4,,0,1,42137,Karnal
2025-01-25 10:00:00,18.6,66,0.0,,276,11.9,,1013.4,,0,1,42137,Karnal
2025-01-25 11:00:00,17.7,71,0.0,,269,10.4,,1013.3,,0,1,42137,Karnal
2025-01-25 11:00:00,17.7,71,0.0,,269,10.4,,1013.3,,0,1,42137,Karnal
2025-01-25 12:00:00,15.5,81,0.0,,264,9.4,,1013.5,,0,1,42137,Karnal
2025-01-25 12:00:00,15.5,81,0.0,,264,9.4,,1013.5,,0,1,42137,Karnal
2025-01-25 13:00:00,13.6,85,0.0,,268,10.1,,1013.9,,0,1,42137,Karnal
2025-01-25 13:00:00,13.6,85,0.0,,268,10.1,,1013.9,,0,1,42137,Karnal
2025-01-25 14:00:00,13.6,80,0.0,,277,11.5,,1014.5,,0,1,42137,Karnal
2025-01-25 14:00:00,13.6,80,0.0,,277,11.5,,1014.5,,0,1,42137,Karnal
2025-01-25 15:00:00,12.8,79,0.0,,286,11.9,,1015.1,,0,1,42137,Karnal
2025-01-25 15:00:00,12.8,79,0.0,,286,11.9,,1015.1,,0,1,42137,Karnal
2025-01-25 16:00:00,12.0,78,0.0,,292,11.9,,1015.4,,0,1,42137,Karnal
2025-01-25 16:00:00,12.0,78,0.0,,292,11.9,,1015.4,,0,1,42137,Karnal
2025-01-25 17:00:00,11.3,79,0.0,,298,11.5,,1015.5,,0,1,42137,Karnal
2025-01-25 17:00:00,11.3,79,0.0,,298,11.5,,1015.5,,0,1,42137,Karnal
2025-01-25 18:00:00,10.6,79,0.0,,303,11.5,,1015.3,,0,1,42137,Karnal
2025-01-25 18:00:00,10.6,79,0.0,,303,11.5,,1015.3,,0,1,42137,Karnal
2025-01-25 19:00:00,10.0,81,0.0,,301,11.2,,1015.0,,0,1,42137,Karnal
2025-01-25 19:00:00,10.0,81,0.0,,301,11.2,,1015.0,,0,1,42137,Karnal
2025-01-25 20:00:00,9.3,83,0.0,,300,10.4,,1014.7,,0,1,42137,Karnal
2025-01-25 20:00:00,9.3,83,0.0,,300,10.4,,1014.7,,0,1,42137,Karnal
2025-01-25 21:00:00,8.8,84,0.0,,298,10.8,,1014.3,,0,1,42137,Karnal
2025-01-25 21:00:00,8.8,84,0.0,,298,10.8,,1014.3,,0,1,42137,Karnal
2025-01-25 22:00:00,8.5,86,0.0,,298,11.2,,1014.0,,0,1,42137,Karnal
2025-01-25 22:00:00,8.5,86,0.0,,298,11.2,,1014.0,,0,1,42137,Karnal
2025-01-25 23:00:00,8.2,87,0.0,,300,11.2,,1013.7,,0,1,42137,Karnal
2025-01-25 23:00:00,8.2,87,0.0,,300,11.2,,1013.7,,0,1,42137,Karnal
2025-01-26 00:00:00,8.3,85,0.0,,297,11.2,,1013.8,,0,1,42137,Karnal
2025-01-26 00:00:00,8.3,85,0.0,,297,11.2,,1013.8,,0,1,42137,Karnal
2025-01-26 01:00:00,7.8,87,0.0,,296,10.1,,1014.5,,0,1,42137,Karnal
2025-01-26 01:00:00,7.8,87,0.0,,296,10.1,,1014.5,,0,1,42137,Karnal
2025-01-26 02:00:00,7.4,89,0.0,,297,9.7,,1015.2,,0,1,42137,Karnal
2025-01-26 02:00:00,7.4,89,0.0,,297,9.7,,1015.2,,0,1,42137,Karnal
2025-01-26 03:00:00,9.0,85,0.0,,299,10.8,,1015.9,,0,1,42137,Karnal
2025-01-26 03:00:00,9.0,85,0.0,,299,10.8,,1015.9,,0,1,42137,Karnal
2025-01-26 04:00:00,11.5,80,0.0,,291,7.9,,1016.7,,0,1,42137,Karnal
2025-01-26 04:00:00,11.5,80,0.0,,291,7.9,,1016.7,,0,1,42137,Karnal
2025-01-26 05:00:00,13.6,75,0.0,,293,6.8,,1017.2,,0,1,42137,Karnal
2025-01-26 05:00:00,13.6,75,0.0,,293,6.8,,1017.2,,0,1,42137,Karnal
2025-01-26 06:00:00,15.6,69,0.0,,283,7.6,,1016.8,,0,1,42137,Karnal
2025-01-26 06:00:00,15.6,69,0.0,,283,7.6,,1016.8,,0,1,42137,Karnal
2025-01-26 07:00:00,17.3,65,0.0,,279,9.4,,1015.6,,0,1,42137,Karnal
2025-01-26 07:00:00,17.3,65,0.0,,279,9.4,,1015.6,,0,1,42137,Karnal
2025-01-26 08:00:00,18.5,63,0.0,,277,10.8,,1014.4,,0,1,42137,Karnal
2025-01-26 08:00:00,18.5,63,0.0,,277,10.8,,1014.4,,0,1,42137,Karnal
2025-01-26 09:00:00,19.1,63,0.0,,278,11.9,,1013.4,,0,1,42137,Karnal
2025-01-26 09:00:00,19.1,63,0.0,,278,11.9,,1013.4,,0,1,42137,Karnal
2025-01-26 10:00:00,19.0,65,0.0,,272,12.2,,1012.8,,0,1,42137,Karnal
2025-01-26 10:00:00,19.0,65,0.0,,272,12.2,,1012.8,,0,1,42137,Karnal
2025-01-26 11:00:00,18.2,69,0.0,,268,9.7,,1012.7,,0,1,42137,Karnal
2025-01-26 11:00:00,18.2,69,0.0,,268,9.7,,1012.7,,0,1,42137,Karnal
2025-01-26 12:00:00,15.8,78,0.0,,259,7.9,,1012.6,,0,1,42137,Karnal
2025-01-26 12:00:00,15.8,78,0.0,,259,7.9,,1012.6,,0,1,42137,Karnal
2025-01-26 13:00:00,13.5,82,0.0,,259,8.3,,1013.1,,0,1,42137,Karnal
2025-01-26 13:00:00,13.5,82,0.0,,259,8.3,,1013.1,,0,1,42137,Karnal
2025-01-26 14:00:00,12.3,84,0.0,,270,7.9,,1013.8,,0,1,42137,Karnal
2025-01-26 14:00:00,12.3,84,0.0,,270,7.9,,1013.8,,0,1,42137,Karnal
2025-01-26 15:00:00,11.8,86,0.0,,276,7.9,,1014.1,,0,1,42137,Karnal
2025-01-26 15:00:00,11.8,86,0.0,,276,7.9,,1014.1,,0,1,42137,Karnal
2025-01-26 16:00:00,10.8,88,0.0,,285,7.6,,1014.7,,0,1,42137,Karnal
2025-01-26 16:00:00,10.8,88,0.0,,285,7.6,,1014.7,,0,1,42137,Karnal
2025-01-26 17:00:00,9.8,88,0.0,,292,7.2,,1014.9,,0,1,42137,Karnal
2025-01-26 17:00:00,9.8,88,0.0,,292,7.2,,1014.9,,0,1,42137,Karnal
2025-01-26 18:00:00,8.9,88,0.0,,295,6.8,,1014.8,,0,1,42137,Karnal
2025-01-26 18:00:00,8.9,88,0.0,,295,6.8,,1014.8,,0,1,42137,Karnal
2025-01-26 19:00:00,8.4,89,0.0,,296,6.8,,1014.7,,0,1,42137,Karnal
2025-01-26 19:00:00,8.4,89,0.0,,296,6.8,,1014.7,,0,1,42137,Karnal
2025-01-26 20:00:00,8.2,89,0.0,,302,7.2,,1014.0,,0,1,42137,Karnal
2025-01-26 20:00:00,8.2,89,0.0,,302,7.2,,1014.0,,0,1,42137,Karnal
2025-01-26 21:00:00,7.7,89,0.0,,302,7.2,,1013.7,,0,1,42137,Karnal
2025-01-26 21:00:00,7.7,89,0.0,,302,7.2,,1013.7,,0,1,42137,Karnal
2025-01-26 22:00:00,7.3,89,0.0,,301,7.6,,1013.4,,0,1,42137,Karnal
2025-01-26 22:00:00,7.3,89,0.0,,301,7.6,,1013.4,,0,1,42137,Karnal
2025-01-26 23:00:00,6.9,89,0.0,,303,8.3,,1013.2,,0,1,42137,Karnal
2025-01-26 23:00:00,6.9,89,0.0,,303,8.3,,1013.2,,0,1,42137,Karnal
2025-01-27 00:00:00,6.6,89,0.0,,311,8.6,,1013.2,,0,1,42137,Karnal
2025-01-27 00:00:00,6.6,89,0.0,,311,8.6,,1013.2,,0,1,42137,Karnal
2025-01-27 01:00:00,6.6,91,0.0,,318,8.3,,1013.9,,0,1,42137,Karnal
2025-01-27 01:00:00,6.6,91,0.0,,318,8.3,,1013.9,,0,1,42137,Karnal
2025-01-27 02:00:00,6.3,91,0.0,,320,7.6,,1014.5,,0,1,42137,Karnal
2025-01-27 02:00:00,6.3,91,0.0,,320,7.6,,1014.5,,0,1,42137,Karnal
2025-01-27 03:00:00,5.2,91,0.0,,0,0.0,,1015.8,,0,1,42137,Karnal
2025-01-27 03:00:00,5.2,91,0.0,,0,0.0,,1015.8,,0,1,42137,Karnal
2025-01-27 04:00:00,11.0,85,0.0,,314,5.0,,1015.7,,0,1,42137,Karnal
2025-01-27 04:00:00,11.0,85,0.0,,314,5.0,,1015.7,,0,1,42137,Karnal
2025-01-27 05:00:00,13.6,78,0.0,,310,4.7,,1016.2,,0,1,42137,Karnal
2025-01-27 05:00:00,13.6,78,0.0,,310,4.7,,1016.2,,0,1,42137,Karnal
2025-01-27 06:00:00,15.8,71,0.0,,298,5.4,,1015.6,,0,1,42137,Karnal
2025-01-27 06:00:00,15.8,71,0.0,,298,5.4,,1015.6,,0,1,42137,Karnal
2025-01-27 07:00:00,17.4,66,0.0,,282,7.2,,1014.6,,0,1,42137,Karnal
2025-01-27 07:00:00,17.4,66,0.0,,282,7.2,,1014.6,,0,1,42137,Karnal
2025-01-27 08:00:00,18.5,64,0.0,,277,9.4,,1013.4,,0,1,42137,Karnal
2025-01-27 08:00:00,18.5,64,0.0,,277,9.4,,1013.4,,0,1,42137,Karnal
2025-01-27 09:00:00,19.2,64,0.0,,277,11.5,,1012.3,,0,1,42137,Karnal
2025-01-27 09:00:00,19.2,64,0.0,,277,11.5,,1012.3,,0,1,42137,Karnal
2025-01-27 10:00:00,19.2,63,0.0,,278,12.2,,1011.4,,0,1,42137,Karnal
2025-01-27 10:00:00,19.2,63,0.0,,278,12.2,,1011.4,,0,1,42137,Karnal
2025-01-27 11:00:00,18.3,69,0.0,,280,10.4,,1011.3,,0,1,42137,Karnal
2025-01-27 11:00:00,18.3,69,0.0,,280,10.4,,1011.3,,0,1,42137,Karnal
2025-01-27 12:00:00,16.1,76,0.0,,272,8.3,,1011.2,,0,1,42137,Karnal
2025-01-27 12:00:00,16.1,76,0.0,,272,8.3,,1011.2,,0,1,42137,Karnal
2025-01-27 13:00:00,14.0,80,0.0,,271,9.7,,1011.4,,0,1,42137,Karnal
2025-01-27 13:00:00,14.0,80,0.0,,271,9.7,,1011.4,,0,1,42137,Karnal
2025-01-27 14:00:00,13.2,79,0.0,,279,10.8,,1011.8,,0,1,42137,Karnal
2025-01-27 14:00:00,13.2,79,0.0,,279,10.8,,1011.8,,0,1,42137,Karnal
2025-01-27 15:00:00,12.2,80,0.0,,277,10.8,,1012.3,,0,1,42137,Karnal
2025-01-27 15:00:00,12.2,80,0.0,,277,10.8,,1012.3,,0,1,42137,Karnal
2025-01-27 16:00:00,11.6,82,0.0,,282,10.8,,1012.5,,0,1,42137,Karnal
2025-01-27 16:00:00,11.6,82,0.0,,282,10.8,,1012.5,,0,1,42137,Karnal
2025-01-27 17:00:00,10.8,83,0.0,,285,10.4,,1012.6,,0,1,42137,Karnal
2025-01-27 17:00:00,10.8,83,0.0,,285,10.4,,1012.6,,0,1,42137,Karnal
2025-01-27 18:00:00,10.1,82,0.0,,288,10.1,,1012.5,,0,1,42137,Karnal
2025-01-27 18:00:00,10.1,82,0.0,,288,10.1,,1012.5,,0,1,42137,Karnal
2025-01-27 19:00:00,9.5,81,0.0,,292,9.4,,1012.3,,0,1,42137,Karnal
2025-01-27 19:00:00,9.5,81,0.0,,292,9.4,,1012.3,,0,1,42137,Karnal
2025-01-27 20:00:00,8.8,81,0.0,,300,9.0,,1012.0,,0,1,42137,Karnal
2025-01-27 20:00:00,8.8,81,0.0,,300,9.0,,1012.0,,0,1,42137,Karnal
2025-01-27 21:00:00,8.6,85,0.0,,306,9.4,,1011.6,,0,1,42137,Karnal
2025-01-27 21:00:00,8.6,85,0.0,,306,9.4,,1011.6,,0,1,42137,Karnal
2025-01-27 22:00:00,8.2,86,0.0,,312,9.4,,1011.5,,0,1,42137,Karnal
2025-01-27 22:00:00,8.2,86,0.0,,312,9.4,,1011.5,,0,1,42137,Karnal
2025-01-27 23:00:00,8.0,86,0.0,,318,9.7,,1011.2,,0,1,42137,Karnal
2025-01-27 23:00:00,8.0,86,0.0,,318,9.7,,1011.2,,0,1,42137,Karnal
2025-01-28 00:00:00,7.7,86,0.0,,321,9.0,,1011.4,,0,1,42137,Karnal
2025-01-28 00:00:00,7.7,86,0.0,,321,9.0,,1011.4,,0,1,42137,Karnal
2025-01-28 01:00:00,7.3,87,0.0,,320,8.3,,1012.0,,0,1,42137,Karnal
2025-01-28 01:00:00,7.3,87,0.0,,320,8.3,,1012.0,,0,1,42137,Karnal
2025-01-28 02:00:00,6.8,91,0.0,,311,7.2,,1013.3,,0,1,42137,Karnal
2025-01-28 02:00:00,6.8,91,0.0,,311,7.2,,1013.3,,0,1,42137,Karnal
2025-01-28 03:00:00,6.6,91,0.0,,0,0.0,,1014.4,,0,1,42137,Karnal
2025-01-28 03:00:00,6.6,91,0.0,,0,0.0,,1014.4,,0,1,42137,Karnal
2025-01-28 04:00:00,11.4,83,0.0,,271,3.2,,1015.1,,0,1,42137,Karnal
2025-01-28 04:00:00,11.4,83,0.0,,271,3.2,,1015.1,,0,1,42137,Karnal
2025-01-28 05:00:00,13.8,77,0.0,,260,2.9,,1015.5,,0,1,42137,Karnal
2025-01-28 05:00:00,13.8,77,0.0,,260,2.9,,1015.5,,0,1,42137,Karnal
2025-01-28 06:00:00,15.8,73,0.0,,268,3.2,,1015.2,,0,1,42137,Karnal
2025-01-28 06:00:00,15.8,73,0.0,,268,3.2,,1015.2,,0,1,42137,Karnal
2025-01-28 07:00:00,17.4,69,0.0,,283,4.0,,1014.1,,0,1,42137,Karnal
2025-01-28 07:00:00,17.4,69,0.0,,283,4.0,,1014.1,,0,1,42137,Karnal
2025-01-28 08:00:00,18.6,66,0.0,,264,5.0,,1013.1,,0,1,42137,Karnal
2025-01-28 08:00:00,18.6,66,0.0,,264,5.0,,1013.1,,0,1,42137,Karnal
2025-01-28 09:00:00,19.3,64,0.0,,263,6.5,,1012.3,,0,1,42137,Karnal
2025-01-28 09:00:00,19.3,64,0.0,,263,6.5,,1012.3,,0,1,42137,Karnal
2025-01-28 10:00:00,19.4,66,0.0,,262,7.6,,1011.7,,0,1,42137,Karnal
2025-01-28 10:00:00,19.4,66,0.0,,262,7.6,,1011.7,,0,1,42137,Karnal
2025-01-28 11:00:00,18.7,73,0.0,,250,6.5,,1011.5,,0,1,42137,Karnal
2025-01-28 11:00:00,18.7,73,0.0,,250,6.5,,1011.5,,0,1,42137,Karnal
2025-01-28 12:00:00,16.3,83,0.0,,229,6.1,,1011.5,,0,1,42137,Karnal
2025-01-28 12:00:00,16.3,83,0.0,,229,6.1,,1011.5,,0,1,42137,Karnal
2025-01-28 13:00:00,14.1,84,0.0,,222,5.8,,1011.9,,0,1,42137,Karnal
2025-01-28 13:00:00,14.1,84,0.0,,222,5.8,,1011.9,,0,1,42137,Karnal
2025-01-28 14:00:00,12.9,86,0.0,,194,5.8,,1012.6,,0,1,42137,Karnal
2025-01-28 14:00:00,12.9,86,0.0,,194,5.8,,1012.6,,0,1,42137,Karnal
2025-01-28 15:00:00,11.8,91,0.0,,173,5.4,,1013.4,,0,1,42137,Karnal
2025-01-28 15:00:00,11.8,91,0.0,,173,5.4,,1013.4,,0,1,42137,Karnal
2025-01-28 16:00:00,11.2,92,0.0,,138,4.3,,1013.9,,0,1,42137,Karnal
2025-01-28 16:00:00,11.2,92,0.0,,138,4.3,,1013.9,,0,1,42137,Karnal
2025-01-28 17:00:00,10.7,94,0.0,,125,4.7,,1014.5,,0,1,42137,Karnal
2025-01-28 17:00:00,10.7,94,0.0,,125,4.7,,1014.5,,0,1,42137,Karnal
2025-01-28 18:00:00,10.0,97,0.0,,121,5.8,,1014.6,,0,1,42137,Karnal
2025-01-28 18:00:00,10.0,97,0.0,,121,5.8,,1014.6,,0,1,42137,Karnal
2025-01-28 19:00:00,9.6,97,0.0,,114,6.5,,1014.8,,0,1,42137,Karnal
2025-01-28 19:00:00,9.6,97,0.0,,114,6.5,,1014.8,,0,1,42137,Karnal
2025-01-28 20:00:00,9.5,96,0.0,,98,7.6,,1015.1,,0,1,42137,Karnal
2025-01-28 20:00:00,9.5,96,0.0,,98,7.6,,1015.1,,0,1,42137,Karnal
2025-01-28 21:00:00,9.5,96,0.0,,86,7.9,,1015.1,,0,1,42137,Karnal
2025-01-28 21:00:00,9.5,96,0.0,,86,7.9,,1015.1,,0,1,42137,Karnal
2025-01-28 22:00:00,9.4,96,0.0,,79,8.3,,1014.5,,0,1,42137,Karnal
2025-01-28 22:00:00,9.4,96,0.0,,79,8.3,,1014.5,,0,1,42137,Karnal
2025-01-28 23:00:00,9.3,97,0.0,,82,9.4,,1014.2,,0,1,42137,Karnal
2025-01-28 23:00:00,9.3,97,0.0,,82,9.4,,1014.2,,0,1,42137,Karnal
2025-01-29 00:00:00,9.2,97,0.0,,87,9.7,,1014.3,,0,1,42137,Karnal
2025-01-29 00:00:00,9.2,97,0.0,,87,9.7,,1014.3,,0,1,42137,Karnal
2025-01-29 01:00:00,9.0,97,0.0,,95,9.7,,1015.0,,0,1,42137,Karnal
2025-01-29 01:00:00,9.0,97,0.0,,95,9.7,,1015.0,,0,1,42137,Karnal
2025-01-29 02:00:00,9.1,96,0.0,,103,10.1,,1015.9,,0,1,42137,Karnal
2025-01-29 02:00:00,9.1,96,0.0,,103,10.1,,1015.9,,0,1,42137,Karnal
2025-01-29 03:00:00,9.6,97,0.0,,0,0.0,,1017.1,,4,1,42137,Karnal
2025-01-29 03:00:00,9.6,97,0.0,,0,0.0,,1017.1,,4,1,42137,Karnal
2025-01-29 04:00:00,12.5,95,0.0,,110,10.1,,1017.7,,0,3,42137,Karnal
2025-01-29 04:00:00,12.5,95,0.0,,110,10.1,,1017.7,,0,3,42137,Karnal
2025-01-29 05:00:00,15.1,89,0.0,,114,10.4,,1018.0,,0,1,42137,Karnal
2025-01-29 05:00:00,15.1,89,0.0,,114,10.4,,1018.0,,0,1,42137,Karnal
2025-01-29 06:00:00,17.3,81,0.0,,118,11.9,,1017.5,,0,1,42137,Karnal
2025-01-29 06:00:00,17.3,81,0.0,,118,11.9,,1017.5,,0,1,42137,Karnal
2025-01-29 07:00:00,18.9,72,0.0,,122,12.2,,1016.4,,0,1,42137,Karnal
2025-01-29 07:00:00,18.9,72,0.0,,122,12.2,,1016.4,,0,1,42137,Karnal
2025-01-29 08:00:00,19.8,64,0.0,,125,12.2,,1015.0,,0,1,42137,Karnal
2025-01-29 08:00:00,19.8,64,0.0,,125,12.2,,1015.0,,0,1,42137,Karnal
2025-01-29 09:00:00,20.3,62,0.0,,129,11.2,,1014.1,,0,1,42137,Karnal
2025-01-29 09:00:00,20.3,62,0.0,,129,11.2,,1014.1,,0,1,42137,Karnal
2025-01-29 10:00:00,20.2,63,0.0,,129,10.4,,1013.3,,0,1,42137,Karnal
2025-01-29 10:00:00,20.2,63,0.0,,129,10.4,,1013.3,,0,1,42137,Karnal
2025-01-29 11:00:00,19.5,69,0.0,,121,7.6,,1013.1,,0,1,42137,Karnal
2025-01-29 11:00:00,19.5,69,0.0,,121,7.6,,1013.1,,0,1,42137,Karnal
2025-01-29 12:00:00,17.1,77,0.0,,114,6.5,,1012.9,,0,1,42137,Karnal
2025-01-29 12:00:00,17.1,77,0.0,,114,6.5,,1012.9,,0,1,42137,Karnal
2025-01-29 13:00:00,15.3,81,0.0,,115,8.6,,1013.2,,0,1,42137,Karnal
2025-01-29 13:00:00,15.3,81,0.0,,115,8.6,,1013.2,,0,1,42137,Karnal
2025-01-29 14:00:00,14.7,81,0.0,,112,8.6,,1013.7,,0,1,42137,Karnal
2025-01-29 14:00:00,14.7,81,0.0,,112,8.6,,1013.7,,0,1,42137,Karnal
2025-01-29 15:00:00,13.9,83,0.0,,108,9.0,,1014.1,,0,1,42137,Karnal
2025-01-29 15:00:00,13.9,83,0.0,,108,9.0,,1014.1,,0,1,42137,Karnal
2025-01-29 16:00:00,13.2,85,0.0,,109,9.0,,1014.3,,1,1,42137,Karnal
2025-01-29 16:00:00,13.2,85,0.0,,109,9.0,,1014.3,,1,1,42137,Karnal
2025-01-29 17:00:00,12.6,88,0.0,,107,9.7,,1014.5,,0,1,42137,Karnal
2025-01-29 17:00:00,12.6,88,0.0,,107,9.7,,1014.5,,0,1,42137,Karnal
2025-01-29 18:00:00,12.3,89,0.0,,108,10.4,,1014.3,,0,1,42137,Karnal
2025-01-29 18:00:00,12.3,89,0.0,,108,10.4,,1014.3,,0,1,42137,Karnal
2025-01-29 19:00:00,12.0,90,0.0,,113,10.1,,1013.9,,0,1,42137,Karnal
2025-01-29 19:00:00,12.0,90,0.0,,113,10.1,,1013.9,,0,1,42137,Karnal
2025-01-29 20:00:00,11.5,91,0.0,,111,8.3,,1013.7,,0,1,42137,Karnal
2025-01-29 20:00:00,11.5,91,0.0,,111,8.3,,1013.7,,0,1,42137,Karnal
2025-01-29 21:00:00,11.0,92,0.0,,104,8.6,,1013.3,,0,1,42137,Karnal
2025-01-29 21:00:00,11.0,92,0.0,,104,8.6,,1013.3,,0,1,42137,Karnal
2025-01-29 22:00:00,10.7,93,0.0,,98,8.6,,1012.6,,0,1,42137,Karnal
2025-01-29 22:00:00,10.7,93,0.0,,98,8.6,,1012.6,,0,1,42137,Karnal
2025-01-29 23:00:00,10.5,94,0.0,,91,8.6,,1012.0,,0,1,42137,Karnal
2025-01-29 23:00:00,10.5,94,0.0,,91,8.6,,1012.0,,0,1,42137,Karnal
2025-01-30 00:00:00,9.6,96,0.0,,89,7.2,,1011.6,,0,1,42137,Karnal
2025-01-30 00:00:00,9.6,96,0.0,,89,7.2,,1011.6,,0,1,42137,Karnal
2025-01-30 01:00:00,9.4,96,0.0,,87,7.2,,1011.7,,0,1,42137,Karnal
2025-01-30 01:00:00,9.4,96,0.0,,87,7.2,,1011.7,,0,1,42137,Karnal
2025-01-30 02:00:00,9.3,96,0.0,,83,6.8,,1012.3,,0,1,42137,Karnal
2025-01-30 02:00:00,9.3,96,0.0,,83,6.8,,1012.3,,0,1,42137,Karnal
2025-01-30 03:00:00,11.0,92,0.0,,0,0.0,,1013.7,,0,1,42137,Karnal
2025-01-30 03:00:00,11.0,92,0.0,,0,0.0,,1013.7,,0,1,42137,Karnal
2025-01-30 04:00:00,14.1,90,0.0,,91,6.5,,1013.5,,1,1,42137,Karnal
2025-01-30 04:00:00,14.1,90,0.0,,91,6.5,,1013.5,,1,1,42137,Karnal
2025-01-30 05:00:00,16.6,85,0.0,,114,5.8,,1013.8,,0,1,42137,Karnal
2025-01-30 05:00:00,16.6,85,0.0,,114,5.8,,1013.8,,0,1,42137,Karnal
2025-01-30 06:00:00,18.6,77,0.0,,123,6.1,,1013.4,,0,1,42137,Karnal
2025-01-30 06:00:00,18.6,77,0.0,,123,6.1,,1013.4,,0,1,42137,Karnal
2025-01-30 07:00:00,20.0,71,0.0,,132,6.1,,1012.5,,0,1,42137,Karnal
2025-01-30 07:00:00,20.0,71,0.0,,132,6.1,,1012.5,,0,1,42137,Karnal
2025-01-30 08:00:00,20.9,66,0.0,,146,5.4,,1011.1,,0,1,42137,Karnal
2025-01-30 08:00:00,20.9,66,0.0,,146,5.4,,1011.1,,0,1,42137,Karnal
2025-01-30 09:00:00,21.4,64,0.0,,164,4.3,,1010.1,,0,1,42137,Karnal
2025-01-30 09:00:00,21.4,64,0.0,,164,4.3,,1010.1,,0,1,42137,Karnal
2025-01-30 10:00:00,21.3,63,0.0,,178,3.6,,1009.7,,0,1,42137,Karnal
2025-01-30 10:00:00,21.3,63,0.0,,178,3.6,,1009.7,,0,1,42137,Karnal
2025-01-30 11:00:00,20.9,67,0.0,,186,2.9,,1009.3,,0,1,42137,Karnal
2025-01-30 11:00:00,20.9,67,0.0,,186,2.9,,1009.3,,0,1,42137,Karnal
2025-01-30 12:00:00,19.2,75,0.0,,241,1.1,,1009.2,,0,1,42137,Karnal
2025-01-30 12:00:00,19.2,75,0.0,,241,1.1,,1009.2,,0,1,42137,Karnal
2025-01-30 13:00:00,17.1,80,0.0,,351,1.4,,1009.6,,0,1,42137,Karnal
2025-01-30 13:00:00,17.1,80,0.0,,351,1.4,,1009.6,,0,1,42137,Karnal
2025-01-30 14:00:00,15.0,88,0.0,,24,4.3,,1010.0,,0,1,42137,Karnal
2025-01-30 14:00:00,15.0,88,0.0,,24,4.3,,1010.0,,0,1,42137,Karnal
2025-01-30 15:00:00,14.3,88,0.0,,34,5.8,,1010.6,,0,1,42137,Karnal
2025-01-30 15:00:00,14.3,88,0.0,,34,5.8,,1010.6,,0,1,42137,Karnal
2025-01-30 16:00:00,13.7,88,0.0,,40,6.1,,1011.0,,0,1,42137,Karnal
2025-01-30 16:00:00,13.7,88,0.0,,40,6.1,,1011.0,,0,1,42137,Karnal
2025-01-30 17:00:00,13.3,88,0.0,,55,6.1,,1011.1,,0,1,42137,Karnal
2025-01-30 17:00:00,13.3,88,0.0,,55,6.1,,1011.1,,0,1,42137,Karnal
2025-01-30 18:00:00,13.0,87,0.0,,72,5.4,,1011.0,,0,1,42137,Karnal
2025-01-30 18:00:00,13.0,87,0.0,,72,5.4,,1011.0,,0,1,42137,Karnal
2025-01-30 19:00:00,12.5,87,0.0,,87,5.4,,1010.8,,0,1,42137,Karnal
2025-01-30 19:00:00,12.5,87,0.0,,87,5.4,,1010.8,,0,1,42137,Karnal
2025-01-30 20:00:00,11.6,90,0.0,,98,6.1,,1010.4,,0,1,42137,Karnal
2025-01-30 20:00:00,11.6,90,0.0,,98,6.1,,1010.4,,0,1,42137,Karnal
2025-01-30 21:00:00,11.1,92,0.0,,105,6.1,,1010.1,,0,1,42137,Karnal
2025-01-30 21:00:00,11.1,92,0.0,,105,6.1,,1010.1,,0,1,42137,Karnal
2025-01-30 22:00:00,10.8,93,0.0,,105,6.1,,1009.8,,0,1,42137,Karnal
2025-01-30 22:00:00,10.8,93,0.0,,105,6.1,,1009.8,,0,1,42137,Karnal
2025-01-30 23:00:00,10.6,93,0.0,,100,6.5,,1009.7,,0,1,42137,Karnal
2025-01-30 23:00:00,10.6,93,0.0,,100,6.5,,1009.7,,0,1,42137,Karnal
2025-01-31 00:00:00,10.4,93,0.0,,103,6.8,,1009.6,,0,1,42137,Karnal
2025-01-31 00:00:00,10.4,93,0.0,,103,6.8,,1009.6,,0,1,42137,Karnal
2025-01-31 01:00:00,10.3,94,0.0,,117,6.8,,1010.1,,0,1,42137,Karnal
2025-01-31 01:00:00,10.3,94,0.0,,117,6.8,,1010.1,,0,1,42137,Karnal
2025-01-31 02:00:00,10.2,94,0.0,,134,6.8,,1010.9,,0,1,42137,Karnal
2025-01-31 02:00:00,10.2,94,0.0,,134,6.8,,1010.9,,0,1,42137,Karnal
2025-01-31 03:00:00,11.4,90,0.0,,0,0.0,,1012.0,,0,1,42137,Karnal
2025-01-31 03:00:00,11.4,90,0.0,,0,0.0,,1012.0,,0,1,42137,Karnal
2025-01-31 04:00:00,15.3,86,0.0,,125,7.9,,1012.3,,0,1,42137,Karnal
2025-01-31 04:00:00,15.3,86,0.0,,125,7.9,,1012.3,,0,1,42137,Karnal
2025-01-31 05:00:00,17.9,81,0.0,,129,6.1,,1012.9,,0,1,42137,Karnal
2025-01-31 05:00:00,17.9,81,0.0,,129,6.1,,1012.9,,0,1,42137,Karnal
2025-01-31 06:00:00,19.9,79,0.0,,142,7.2,,1012.7,,0,1,42137,Karnal
2025-01-31 06:00:00,19.9,79,0.0,,142,7.2,,1012.7,,0,1,42137,Karnal
2025-01-31 07:00:00,21.2,74,0.0,,158,7.6,,1011.9,,0,1,42137,Karnal
2025-01-31 07:00:00,21.2,74,0.0,,158,7.6,,1011.9,,0,1,42137,Karnal
2025-01-31 08:00:00,22.0,68,0.0,,159,6.8,,1010.9,,0,1,42137,Karnal
2025-01-31 08:00:00,22.0,68,0.0,,159,6.8,,1010.9,,0,1,42137,Karnal
2025-01-31 09:00:00,22.4,61,0.0,,160,6.5,,1010.0,,1,1,42137,Karnal
2025-01-31 09:00:00,22.4,61,0.0,,160,6.5,,1010.0,,1,1,42137,Karnal
2025-01-31 10:00:00,22.3,59,0.0,,164,6.1,,1009.6,,0,1,42137,Karnal
2025-01-31 10:00:00,22.3,59,0.0,,164,6.1,,1009.6,,0,1,42137,Karnal
2025-01-31 11:00:00,21.2,70,0.0,,179,4.7,,1009.9,,0,1,42137,Karnal
2025-01-31 11:00:00,21.2,70,0.0,,179,4.7,,1009.9,,0,1,42137,Karnal
2025-01-31 12:00:00,19.5,78,0.0,,201,3.2,,1010.0,,0,1,42137,Karnal
2025-01-31 12:00:00,19.5,78,0.0,,201,3.2,,1010.0,,0,1,42137,Karnal
2025-01-31 13:00:00,17.8,80,0.0,,297,0.7,,1010.6,,0,1,42137,Karnal
2025-01-31 13:00:00,17.8,80,0.0,,297,0.7,,1010.6,,0,1,42137,Karnal
2025-01-31 14:00:00,16.5,84,0.0,,342,1.4,,1011.2,,0,1,42137,Karnal
2025-01-31 14:00:00,16.5,84,0.0,,342,1.4,,1011.2,,0,1,42137,Karnal
2025-01-31 15:00:00,15.5,89,0.0,,9,3.2,,1012.0,,0,1,42137,Karnal
2025-01-31 15:00:00,15.5,89,0.0,,9,3.2,,1012.0,,0,1,42137,Karnal
2025-01-31 16:00:00,14.0,90,0.0,,30,6.5,,1012.7,,0,1,42137,Karnal
2025-01-31 16:00:00,14.0,90,0.0,,30,6.5,,1012.7,,0,1,42137,Karnal
2025-01-31 17:00:00,13.7,89,0.0,,52,9.4,,1013.0,,0,1,42137,Karnal
2025-01-31 17:00:00,13.7,89,0.0,,52,9.4,,1013.0,,0,1,42137,Karnal
2025-01-31 18:00:00,13.6,81,0.0,,61,10.1,,1012.7,,0,1,42137,Karnal
2025-01-31 18:00:00,13.6,81,0.0,,61,10.1,,1012.7,,0,1,42137,Karnal
2025-01-31 19:00:00,13.4,77,0.0,,75,10.8,,1012.5,,0,1,42137,Karnal
2025-01-31 19:00:00,13.4,77,0.0,,75,10.8,,1012.5,,0,1,42137,Karnal
2025-01-31 20:00:00,13.1,76,0.0,,78,10.1,,1012.3,,0,1,42137,Karnal
2025-01-31 20:00:00,13.1,76,0.0,,78,10.1,,1012.3,,0,1,42137,Karnal
2025-01-31 21:00:00,12.2,83,0.0,,75,8.6,,1011.7,,0,1,42137,Karnal
2025-01-31 21:00:00,12.2,83,0.0,,75,8.6,,1011.7,,0,1,42137,Karnal
2025-01-31 22:00:00,11.4,85,0.0,,85,7.2,,1011.5,,1,1,42137,Karnal
2025-01-31 22:00:00,11.4,85,0.0,,85,7.2,,1011.5,,1,1,42137,Karnal
2025-01-31 23:00:00,11.4,84,0.0,,90,7.2,,1011.5,,1,1,42137,Karnal
2025-01-31 23:00:00,11.4,84,0.0,,90,7.2,,1011.5,,1,1,42137,Karnal
2025-02-01 00:00:00,11.0,84,0.0,,94,7.2,,1011.3,,0,1,42137,Karnal
2025-02-01 00:00:00,11.0,84,0.0,,94,7.2,,1011.3,,0,1,42137,Karnal
2025-01-01 00:00:00,7.5,100,0.0,,300,10.1,,1018.6,,8,5,42139,Meerut
2025-01-01 00:00:00,7.5,100,0.0,,300,10.1,,1018.6,,8,5,42139,Meerut
2025-01-01 01:00:00,7.6,100,0.0,,301,10.4,,1018.9,,8,5,42139,Meerut
2025-01-01 01:00:00,7.6,100,0.0,,301,10.4,,1018.9,,8,5,42139,Meerut
2025-01-01 02:00:00,7.7,100,0.0,,296,10.1,,1019.1,,8,5,42139,Meerut
2025-01-01 02:00:00,7.7,100,0.0,,296,10.1,,1019.1,,8,5,42139,Meerut
2025-01-01 03:00:00,9.0,87,0.0,,320,3.6,,1020.3,,8,5,42139,Meerut
2025-01-01 03:00:00,9.0,87,0.0,,320,3.6,,1020.3,,8,5,42139,Meerut
2025-01-01 04:00:00,9.0,98,0.0,,287,12.6,,1020.2,,8,5,42139,Meerut
2025-01-01 04:00:00,9.0,98,0.0,,287,12.6,,1020.2,,8,5,42139,Meerut
2025-01-01 05:00:00,10.7,88,0.0,,295,13.3,,1020.4,,8,5,42139,Meerut
2025-01-01 05:00:00,10.7,88,0.0,,295,13.3,,1020.4,,8,5,42139,Meerut
2025-01-01 06:00:00,10.2,84,0.0,,230,3.6,,1021.1,,4,3,42139,Meerut
2025-01-01 06:00:00,10.2,84,0.0,,230,3.6,,1021.1,,4,3,42139,Meerut
2025-01-01 07:00:00,14.4,71,0.0,,301,10.4,,1018.9,,2,3,42139,Meerut
2025-01-01 07:00:00,14.4,71,0.0,,301,10.4,,1018.9,,2,3,42139,Meerut
2025-01-01 08:00:00,15.5,68,0.0,,294,10.4,,1017.7,,1,2,42139,Meerut
2025-01-01 08:00:00,15.5,68,0.0,,294,10.4,,1017.7,,1,2,42139,Meerut
2025-01-01 09:00:00,13.2,73,0.0,,230,3.6,,1018.2,,0,2,42139,Meerut
2025-01-01 09:00:00,13.2,73,0.0,,230,3.6,,1018.2,,0,2,42139,Meerut
2025-01-01 10:00:00,16.4,68,0.0,,293,10.1,,1016.5,,0,1,42139,Meerut
2025-01-01 10:00:00,16.4,68,0.0,,293,10.1,,1016.5,,0,1,42139,Meerut
2025-01-01 11:00:00,15.8,71,0.0,,294,8.3,,1016.5,,0,1,42139,Meerut
2025-01-01 11:00:00,15.8,71,0.0,,294,8.3,,1016.5,,0,1,42139,Meerut
2025-01-01 12:00:00,11.8,83,0.0,,0,0.0,,1017.8,,2,1,42139,Meerut
2025-01-01 12:00:00,11.8,83,0.0,,0,0.0,,1017.8,,2,1,42139,Meerut
2025-01-01 13:00:00,11.5,87,0.0,,304,7.9,,1017.6,,1,2,42139,Meerut
2025-01-01 13:00:00,11.5,87,0.0,,304,7.9,,1017.6,,1,2,42139,Meerut
2025-01-01 14:00:00,9.9,92,0.0,,306,8.6,,1019.1,,0,2,42139,Meerut
2025-01-01 14:00:00,9.9,92,0.0,,306,8.6,,1019.1,,0,2,42139,Meerut
2025-01-01 15:00:00,9.4,94,0.0,,310,9.0,,1019.5,,1,1,42139,Meerut
2025-01-01 15:00:00,9.4,94,0.0,,310,9.0,,1019.5,,1,1,42139,Meerut
2025-01-01 16:00:00,9.0,95,0.0,,302,8.6,,1019.4,,0,1,42139,Meerut
2025-01-01 16:00:00,9.0,95,0.0,,302,8.6,,1019.4,,0,1,42139,Meerut
2025-01-01 17:00:00,9.1,95,0.0,,300,9.4,,1019.2,,0,1,42139,Meerut
2025-01-01 17:00:00,9.1,95,0.0,,300,9.4,,1019.2,,0,1,42139,Meerut
2025-01-01 18:00:00,9.0,96,0.0,,302,9.7,,1018.8,,1,1,42139,Meerut
2025-01-01 18:00:00,9.0,96,0.0,,302,9.7,,1018.8,,1,1,42139,Meerut
2025-01-01 19:00:00,7.9,98,0.0,,305,9.0,,1018.3,,3,2,42139,Meerut
2025-01-01 19:00:00,7.9,98,0.0,,305,9.0,,1018.3,,3,2,42139,Meerut
2025-01-01 20:00:00,7.9,98,0.0,,306,9.4,,1017.5,,1,2,42139,Meerut
2025-01-01 20:00:00,7.9,98,0.0,,306,9.4,,1017.5,,1,2,42139,Meerut
2025-01-01 21:00:00,7.7,99,0.0,,296,9.4,,1017.0,,4,2,42139,Meerut
2025-01-01 21:00:00,7.7,99,0.0,,296,9.4,,1017.0,,4,2,42139,Meerut
2025-01-01 22:00:00,7.8,99,0.0,,286,11.2,,1017.0,,4,3,42139,Meerut
2025-01-01 22:00:00,7.8,99,0.0,,286,11.2,,1017.0,,4,3,42139,Meerut
2025-01-01 23:00:00,7.7,100,0.0,,282,10.8,,1016.8,,8,3,42139,Meerut
2025-01-01 23:00:00,7.7,100,0.0,,282,10.8,,1016.8,,8,3,42139,Meerut
2025-01-02 00:00:00,7.8,100,0.0,,280,10.8,,1017.0,,8,3,42139,Meerut
2025-01-02 00:00:00,7.8,100,0.0,,280,10.8,,1017.0,,8,3,42139,Meerut
2025-01-02 01:00:00,7.9,100,0.0,,272,12.2,,1017.6,,8,3,42139,Meerut
2025-01-02 01:00:00,7.9,100,0.0,,272,12.2,,1017.6,,8,3,42139,Meerut
2025-01-02 02:00:00,7.9,100,0.0,,282,11.9,,1018.5,,8,3,42139,Meerut
2025-01-02 02:00:00,7.9,100,0.0,,282,11.9,,1018.5,,8,3,42139,Meerut
2025-01-02 03:00:00,10.0,90,0.0,,320,3.6,,1019.0,,8,5,42139,Meerut
2025-01-02 03:00:00,10.0,90,0.0,,320,3.6,,1019.0,,8,5,42139,Meerut
2025-01-02 04:00:00,9.9,92,0.0,,313,12.6,,1020.1,,8,5,42139,Meerut
2025-01-02 04:00:00,9.9,92,0.0,,313,12.6,,1020.1,,8,5,42139,Meerut
2025-01-02 05:00:00,12.0,81,0.0,,326,9.0,,1020.4,,3,3,42139,Meerut
2025-01-02 05:00:00,12.0,81,0.0,,326,9.0,,1020.4,,3,3,42139,Meerut
2025-01-02 06:00:00,11.2,85,0.0,,230,3.6,,1020.7,,5,3,42139,Meerut
2025-01-02 06:00:00,11.2,85,0.0,,230,3.6,,1020.7,,5,3,42139,Meerut
2025-01-02 07:00:00,16.1,67,0.0,,321,8.6,,1018.7,,5,3,42139,Meerut
2025-01-02 07:00:00,16.1,67,0.0,,321,8.6,,1018.7,,5,3,42139,Meerut
2025-01-02 08:00:00,17.5,61,0.0,,302,9.0,,1017.5,,8,3,42139,Meerut
2025-01-02 08:00:00,17.5,61,0.0,,302,9.0,,1017.5,,8,3,42139,Meerut
2025-01-02 09:00:00,14.4,74,0.0,,0,0.0,,1018.1,,8,3,42139,Meerut
2025-01-02 09:00:00,14.4,74,0.0,,0,0.0,,1018.1,,8,3,42139,Meerut
2025-01-02 10:00:00,18.5,64,0.0,,291,11.2,,1016.6,,8,3,42139,Meerut
2025-01-02 10:00:00,18.5,64,0.0,,291,11.2,,1016.6,,8,3,42139,Meerut
2025-01-02 11:00:00,17.5,70,0.0,,288,8.6,,1016.7,,8,3,42139,Meerut
2025-01-02 11:00:00,17.5,70,0.0,,288,8.6,,1016.7,,8,3,42139,Meerut
2025-01-02 12:00:00,14.2,82,0.0,,0,0.0,,1017.3,,8,3,42139,Meerut
2025-01-02 12:00:00,14.2,82,0.0,,0,0.0,,1017.3,,8,3,42139,Meerut
2025-01-02 13:00:00,13.1,89,0.0,,293,9.0,,1017.3,,8,3,42139,Meerut
2025-01-02 13:00:00,13.1,89,0.0,,293,9.0,,1017.3,,8,3,42139,Meerut
2025-01-02 14:00:00,12.7,90,0.0,,300,8.6,,1017.7,,8,3,42139,Meerut
2025-01-02 14:00:00,12.7,90,0.0,,300,8.6,,1017.7,,8,3,42139,Meerut
2025-01-02 15:00:00,10.9,91,0.0,,310,7.2,,1018.4,,8,3,42139,Meerut
2025-01-02 15:00:00,10.9,91,0.0,,310,7.2,,1018.4,,8,3,42139,Meerut
2025-01-02 16:00:00,10.2,94,0.0,,323,7.2,,1018.6,,8,3,42139,Meerut
2025-01-02 16:00:00,10.2,94,0.0,,323,7.2,,1018.6,,8,3,42139,Meerut
2025-01-02 17:00:00,9.5,96,0.0,,302,6.1,,1018.7,,8,3,42139,Meerut
2025-01-02 17:00:00,9.5,96,0.0,,302,6.1,,1018.7,,8,3,42139,Meerut
2025-01-02 18:00:00,8.8,98,0.0,,277,6.5,,1018.8,,8,3,42139,Meerut
2025-01-02 18:00:00,8.8,98,0.0,,277,6.5,,1018.8,,8,3,42139,Meerut
2025-01-02 19:00:00,8.2,99,0.0,,270,6.8,,1018.3,,8,3,42139,Meerut
2025-01-02 19:00:00,8.2,99,0.0,,270,6.8,,1018.3,,8,3,42139,Meerut
2025-01-02 20:00:00,7.6,100,0.0,,274,7.9,,1018.1,,8,3,42139,Meerut
2025-01-02 20:00:00,7.6,100,0.0,,274,7.9,,1018.1,,8,3,42139,Meerut
2025-01-02 21:00:00,7.4,100,0.0,,294,8.3,,1017.9,,8,5,42139,Meerut
2025-01-02 21:00:00,7.4,100,0.0,,294,8.3,,1017.9,,8,5,42139,Meerut
2025-01-02 22:00:00,7.7,100,0.0,,315,8.6,,1017.5,,8,5,42139,Meerut
2025-01-02 22:00:00,7.7,100,0.0,,315,8.6,,1017.5,,8,5,42139,Meerut
2025-01-02 23:00:00,8.1,100,0.0,,322,9.4,,1017.2,,8,3,42139,Meerut
2025-01-02 23:00:00,8.1,100,0.0,,322,9.4,,1017.2,,8,3,42139,Meerut
2025-01-03 00:00:00,8.1,100,0.0,,287,9.0,,1017.5,,8,5,42139,Meerut
2025-01-03 00:00:00,8.1,100,0.0,,287,9.0,,1017.5,,8,5,42139,Meerut
2025-01-03 01:00:00,7.7,100,0.0,,284,8.3,,1018.6,,8,5,42139,Meerut
2025-01-03 01:00:00,7.7,100,0.0,,284,8.3,,1018.6,,8,5,42139,Meerut
2025-01-03 02:00:00,7.9,99,0.0,,318,8.6,,1018.9,,8,5,42139,Meerut
2025-01-03 02:00:00,7.9,99,0.0,,318,8.6,,1018.9,,8,5,42139,Meerut
2025-01-03 03:00:00,10.2,97,0.0,,0,0.0,,1020.4,,8,5,42139,Meerut
2025-01-03 03:00:00,10.2,97,0.0,,0,0.0,,1020.4,,8,5,42139,Meerut
2025-01-03 04:00:00,10.1,98,0.0,,304,7.2,,1020.0,,8,5,42139,Meerut
2025-01-03 04:00:00,10.1,98,0.0,,304,7.2,,1020.0,,8,5,42139,Meerut
2025-01-03 05:00:00,12.1,92,0.0,,308,5.4,,1020.3,,8,5,42139,Meerut
2025-01-03 05:00:00,12.1,92,0.0,,308,5.4,,1020.3,,8,5,42139,Meerut
2025-01-03 06:00:00,11.4,95,0.0,,0,0.0,,1020.9,,8,3,42139,Meerut
2025-01-03 06:00:00,11.4,95,0.0,,0,0.0,,1020.9,,8,3,42139,Meerut
2025-01-03 07:00:00,17.6,68,0.0,,299,6.8,,1018.6,,8,3,42139,Meerut
2025-01-03 07:00:00,17.6,68,0.0,,299,6.8,,1018.6,,8,3,42139,Meerut
2025-01-03 08:00:00,19.4,60,0.0,,302,8.3,,1017.3,,8,3,42139,Meerut
2025-01-03 08:00:00,19.4,60,0.0,,302,8.3,,1017.3,,8,3,42139,Meerut
2025-01-03 09:00:00,14.4,84,0.0,,0,0.0,,1018.0,,8,3,42139,Meerut
2025-01-03 09:00:00,14.4,84,0.0,,0,0.0,,1018.0,,8,3,42139,Meerut
2025-01-03 10:00:00,20.3,57,0.0,,297,7.9,,1015.8,,8,3,42139,Meerut
2025-01-03 10:00:00,20.3,57,0.0,,297,7.9,,1015.8,,8,3,42139,Meerut
2025-01-03 11:00:00,18.5,69,0.0,,286,7.2,,1015.8,,8,3,42139,Meerut
2025-01-03 11:00:00,18.5,69,0.0,,286,7.2,,1015.8,,8,3,42139,Meerut
2025-01-03 12:00:00,14.0,91,0.0,,0,0.0,,1016.8,,8,3,42139,Meerut
2025-01-03 12:00:00,14.0,91,0.0,,0,0.0,,1016.8,,8,3,42139,Meerut
2025-01-03 13:00:00,13.3,86,0.0,,296,10.1,,1016.1,,4,3,42139,Meerut
2025-01-03 13:00:00,13.3,86,0.0,,296,10.1,,1016.1,,4,3,42139,Meerut
2025-01-03 14:00:00,12.4,89,0.0,,301,10.4,,1016.4,,0,3,42139,Meerut
2025-01-03 14:00:00,12.4,89,0.0,,301,10.4,,1016.4,,0,3,42139,Meerut
2025-01-03 15:00:00,11.6,91,0.0,,304,9.7,,1016.7,,0,1,42139,Meerut
2025-01-03 15:00:00,11.6,91,0.0,,304,9.7,,1016.7,,0,1,42139,Meerut
2025-01-03 16:00:00,9.9,92,0.0,,312,8.3,,1017.3,,0,1,42139,Meerut
2025-01-03 16:00:00,9.9,92,0.0,,312,8.3,,1017.3,,0,1,42139,Meerut
2025-01-03 17:00:00,9.2,94,0.0,,312,8.3,,1017.3,,0,1,42139,Meerut
2025-01-03 17:00:00,9.2,94,0.0,,312,8.3,,1017.3,,0,1,42139,Meerut
2025-01-03 18:00:00,8.6,96,0.0,,303,8.6,,1017.1,,0,1,42139,Meerut
2025-01-03 18:00:00,8.6,96,0.0,,303,8.6,,1017.1,,0,1,42139,Meerut
2025-01-03 19:00:00,8.1,97,0.0,,301,9.0,,1016.8,,0,1,42139,Meerut
2025-01-03 19:00:00,8.1,97,0.0,,301,9.0,,1016.8,,0,1,42139,Meerut
2025-01-03 20:00:00,7.9,97,0.0,,306,9.4,,1016.6,,0,1,42139,Meerut
2025-01-03 20:00:00,7.9,97,0.0,,306,9.4,,1016.6,,0,1,42139,Meerut
2025-01-03 21:00:00,7.4,100,0.0,,297,9.4,,1015.6,,0,1,42139,Meerut
2025-01-03 21:00:00,7.4,100,0.0,,297,9.4,,1015.6,,0,1,42139,Meerut
2025-01-03 22:00:00,7.2,100,0.0,,306,9.4,,1015.2,,0,1,42139,Meerut
2025-01-03 22:00:00,7.2,100,0.0,,306,9.4,,1015.2,,0,1,42139,Meerut
2025-01-03 23:00:00,7.1,99,0.0,,319,9.0,,1014.8,,0,1,42139,Meerut
2025-01-03 23:00:00,7.1,99,0.0,,319,9.0,,1014.8,,0,1,42139,Meerut
2025-01-04 00:00:00,6.9,99,0.0,,324,8.6,,1014.9,,0,1,42139,Meerut
2025-01-04 00:00:00,6.9,99,0.0,,324,8.6,,1014.9,,0,1,42139,Meerut
2025-01-04 01:00:00,6.6,99,0.0,,324,7.9,,1015.1,,2,1,42139,Meerut
2025-01-04 01:00:00,6.6,99,0.0,,324,7.9,,1015.1,,2,1,42139,Meerut
2025-01-04 02:00:00,7.5,98,0.0,,314,3.6,,1016.0,,8,5,42139,Meerut
2025-01-04 02:00:00,7.5,98,0.0,,314,3.6,,1016.0,,8,5,42139,Meerut
2025-01-04 03:00:00,9.0,100,0.0,,0,0.0,,1018.3,,8,5,42139,Meerut
2025-01-04 03:00:00,9.0,100,0.0,,0,0.0,,1018.3,,8,5,42139,Meerut
2025-01-04 04:00:00,9.0,98,0.0,,49,2.9,,1018.2,,8,5,42139,Meerut
2025-01-04 04:00:00,9.0,98,0.0,,49,2.9,,1018.2,,8,5,42139,Meerut
2025-01-04 05:00:00,10.0,96,0.0,,74,3.2,,1018.8,,8,5,42139,Meerut
2025-01-04 05:00:00,10.0,96,0.0,,74,3.2,,1018.8,,8,5,42139,Meerut
2025-01-04 06:00:00,10.6,97,0.0,,0,0.0,,1019.5,,1,5,42139,Meerut
2025-01-04 06:00:00,10.6,97,0.0,,0,0.0,,1019.5,,1,5,42139,Meerut
2025-01-04 07:00:00,16.8,73,0.0,,122,2.9,,1016.8,,0,1,42139,Meerut
2025-01-04 07:00:00,16.8,73,0.0,,122,2.9,,1016.8,,0,1,42139,Meerut
2025-01-04 08:00:00,18.2,71,0.0,,118,2.9,,1015.5,,0,1,42139,Meerut
2025-01-04 08:00:00,18.2,71,0.0,,118,2.9,,1015.5,,0,1,42139,Meerut
2025-01-04 09:00:00,12.0,95,0.0,,0,0.0,,1016.6,,0,1,42139,Meerut
2025-01-04 09:00:00,12.0,95,0.0,,0,0.0,,1016.6,,0,1,42139,Meerut
2025-01-04 10:00:00,19.6,66,0.0,,138,3.2,,1014.0,,0,1,42139,Meerut
2025-01-04 10:00:00,19.6,66,0.0,,138,3.2,,1014.0,,0,1,42139,Meerut
2025-01-04 11:00:00,18.5,77,0.0,,124,2.9,,1013.9,,0,1,42139,Meerut
2025-01-04 11:00:00,18.5,77,0.0,,124,2.9,,1013.9,,0,1,42139,Meerut
2025-01-04 12:00:00,11.6,95,0.0,,180,3.6,,1015.4,,0,1,42139,Meerut
2025-01-04 12:00:00,11.6,95,0.0,,180,3.6,,1015.4,,0,1,42139,Meerut
2025-01-04 13:00:00,13.5,90,0.0,,111,7.2,,1014.7,,0,1,42139,Meerut
2025-01-04 13:00:00,13.5,90,0.0,,111,7.2,,1014.7,,0,1,42139,Meerut
2025-01-04 14:00:00,12.8,92,0.0,,104,9.0,,1015.2,,0,1,42139,Meerut
2025-01-04 14:00:00,12.8,92,0.0,,104,9.0,,1015.2,,0,1,42139,Meerut
2025-01-04 15:00:00,12.1,93,0.0,,107,9.0,,1015.9,,0,1,42139,Meerut
2025-01-04 15:00:00,12.1,93,0.0,,107,9.0,,1015.9,,0,1,42139,Meerut
2025-01-04 16:00:00,11.3,93,0.0,,112,8.6,,1016.3,,0,1,42139,Meerut
2025-01-04 16:00:00,11.3,93,0.0,,112,8.6,,1016.3,,0,1,42139,Meerut
2025-01-04 17:00:00,10.6,94,0.0,,116,8.3,,1016.5,,0,1,42139,Meerut
2025-01-04 17:00:00,10.6,94,0.0,,116,8.3,,1016.5,,0,1,42139,Meerut
2025-01-04 18:00:00,8.8,95,0.0,,119,7.2,,1016.8,,0,1,42139,Meerut
2025-01-04 18:00:00,8.8,95,0.0,,119,7.2,,1016.8,,0,1,42139,Meerut
2025-01-04 19:00:00,8.4,96,0.0,,112,6.5,,1016.3,,0,1,42139,Meerut
2025-01-04 19:00:00,8.4,96,0.0,,112,6.5,,1016.3,,0,1,42139,Meerut
2025-01-04 20:00:00,8.0,97,0.0,,103,5.4,,1016.2,,0,1,42139,Meerut
2025-01-04 20:00:00,8.0,97,0.0,,103,5.4,,1016.2,,0,1,42139,Meerut
2025-01-04 21:00:00,7.6,98,0.0,,91,4.7,,1015.9,,0,1,42139,Meerut
2025-01-04 21:00:00,7.6,98,0.0,,91,4.7,,1015.9,,0,1,42139,Meerut
2025-01-04 22:00:00,7.0,100,0.0,,80,5.0,,1015.8,,1,1,42139,Meerut
2025-01-04 22:00:00,7.0,100,0.0,,80,5.0,,1015.8,,1,1,42139,Meerut
2025-01-04 23:00:00,7.9,99,0.0,,74,4.7,,1015.4,,8,2,42139,Meerut
2025-01-04 23:00:00,7.9,99,0.0,,74,4.7,,1015.4,,8,2,42139,Meerut
2025-01-05 00:00:00,7.7,99,0.0,,86,5.8,,1015.8,,8,5,42139,Meerut
2025-01-05 00:00:00,7.7,99,0.0,,86,5.8,,1015.8,,8,5,42139,Meerut
2025-01-05 01:00:00,7.7,97,0.0,,89,7.9,,1016.0,,8,5,42139,Meerut
2025-01-05 01:00:00,7.7,97,0.0,,89,7.9,,1016.0,,8,5,42139,Meerut
2025-01-05 02:00:00,7.6,98,0.0,,95,9.4,,1016.6,,8,5,42139,Meerut
2025-01-05 02:00:00,7.6,98,0.0,,95,9.4,,1016.6,,8,5,42139,Meerut
2025-01-05 03:00:00,9.6,95,0.0,,140,5.4,,1017.9,,8,5,42139,Meerut
2025-01-05 03:00:00,9.6,95,0.0,,140,5.4,,1017.9,,8,5,42139,Meerut
2025-01-05 04:00:00,9.5,98,0.0,,112,10.4,,1018.4,,8,5,42139,Meerut
2025-01-05 04:00:00,9.5,98,0.0,,112,10.4,,1018.4,,8,5,42139,Meerut
2025-01-05 05:00:00,11.7,88,0.0,,116,10.1,,1018.7,,8,5,42139,Meerut
2025-01-05 05:00:00,11.7,88,0.0,,116,10.1,,1018.7,,8,5,42139,Meerut
2025-01-05 06:00:00,11.6,83,0.0,,140,3.6,,1018.8,,0,3,42139,Meerut
2025-01-05 06:00:00,11.6,83,0.0,,140,3.6,,1018.8,,0,3,42139,Meerut
2025-01-05 07:00:00,16.1,76,0.0,,109,6.8,,1017.0,,0,1,42139,Meerut
2025-01-05 07:00:00,16.1,76,0.0,,109,6.8,,1017.0,,0,1,42139,Meerut
2025-01-05 08:00:00,17.5,72,0.0,,106,6.5,,1015.6,,0,1,42139,Meerut
2025-01-05 08:00:00,17.5,72,0.0,,106,6.5,,1015.6,,0,1,42139,Meerut
2025-01-05 09:00:00,18.0,64,0.0,,140,11.2,,1015.5,,0,1,42139,Meerut
2025-01-05 09:00:00,18.0,64,0.0,,140,11.2,,1015.5,,0,1,42139,Meerut
2025-01-05 10:00:00,18.6,68,0.0,,112,7.9,,1014.7,,0,1,42139,Meerut
2025-01-05 10:00:00,18.6,68,0.0,,112,7.9,,1014.7,,0,1,42139,Meerut
2025-01-05 11:00:00,17.7,73,0.0,,108,7.9,,1014.3,,0,1,42139,Meerut
2025-01-05 11:00:00,17.7,73,0.0,,108,7.9,,1014.3,,0,1,42139,Meerut
2025-01-05 12:00:00,16.0,79,0.0,,0,0.0,,1014.8,,0,1,42139,Meerut
2025-01-05 12:00:00,16.0,79,0.0,,0,0.0,,1014.8,,0,1,42139,Meerut
2025-01-05 13:00:00,13.6,89,0.0,,111,10.8,,1014.9,,0,1,42139,Meerut
2025-01-05 13:00:00,13.6,89,0.0,,111,10.8,,1014.9,,0,1,42139,Meerut
2025-01-05 14:00:00,12.1,91,0.0,,111,9.7,,1016.2,,0,1,42139,Meerut
2025-01-05 14:00:00,12.1,91,0.0,,111,9.7,,1016.2,,0,1,42139,Meerut
2025-01-05 15:00:00,11.3,93,0.0,,114,9.0,,1016.9,,0,1,42139,Meerut
2025-01-05 15:00:00,11.3,93,0.0,,114,9.0,,1016.9,,0,1,42139,Meerut
2025-01-05 16:00:00,11.0,94,0.0,,114,9.0,,1017.1,,0,1,42139,Meerut
2025-01-05 16:00:00,11.0,94,0.0,,114,9.0,,1017.1,,0,1,42139,Meerut
2025-01-05 17:00:00,10.4,95,0.0,,115,8.3,,1017.1,,0,1,42139,Meerut
2025-01-05 17:00:00,10.4,95,0.0,,115,8.3,,1017.1,,0,1,42139,Meerut
2025-01-05 18:00:00,10.1,96,0.0,,113,6.1,,1017.2,,0,1,42139,Meerut
2025-01-05 18:00:00,10.1,96,0.0,,113,6.1,,1017.2,,0,1,42139,Meerut
2025-01-05 19:00:00,9.6,98,0.0,,124,4.7,,1016.6,,0,1,42139,Meerut
2025-01-05 19:00:00,9.6,98,0.0,,124,4.7,,1016.6,,0,1,42139,Meerut
2025-01-05 20:00:00,9.4,99,0.0,,104,2.9,,1016.5,,0,1,42139,Meerut
2025-01-05 20:00:00,9.4,99,0.0,,104,2.9,,1016.5,,0,1,42139,Meerut
2025-01-05 21:00:00,8.9,100,0.0,,83,5.0,,1016.3,,0,1,42139,Meerut
2025-01-05 21:00:00,8.9,100,0.0,,83,5.0,,1016.3,,0,1,42139,Meerut
2025-01-05 22:00:00,8.8,100,0.0,,81,7.6,,1015.4,,8,1,42139,Meerut
2025-01-05 22:00:00,8.8,100,0.0,,81,7.6,,1015.4,,8,1,42139,Meerut
2025-01-05 23:00:00,8.8,100,0.0,,81,7.6,,1015.1,,8,5,42139,Meerut
2025-01-05 23:00:00,8.8,100,0.0,,81,7.6,,1015.1,,8,5,42139,Meerut
2025-01-06 00:00:00,8.7,100,0.0,,304,5.4,,1016.1,,8,5,42139,Meerut
2025-01-06 00:00:00,8.7,100,0.0,,304,5.4,,1016.1,,8,5,42139,Meerut
2025-01-06 01:00:00,9.5,100,0.0,,330,6.8,,1016.8,,8,5,42139,Meerut
2025-01-06 01:00:00,9.5,100,0.0,,330,6.8,,1016.8,,8,5,42139,Meerut
2025-01-06 02:00:00,9.6,100,0.0,,322,9.0,,1017.7,,8,5,42139,Meerut
2025-01-06 02:00:00,9.6,100,0.0,,322,9.0,,1017.7,,8,5,42139,Meerut
2025-01-06 03:00:00,11.8,97,0.0,,270,5.4,,1019.4,,8,5,42139,Meerut
2025-01-06 03:00:00,11.8,97,0.0,,270,5.4,,1019.4,,8,5,42139,Meerut
2025-01-06 04:00:00,11.2,100,0.0,,67,13.0,,1018.9,,8,5,42139,Meerut
2025-01-06 04:00:00,11.2,100,0.0,,67,13.0,,1018.9,,8,5,42139,Meerut
2025-01-06 05:00:00,12.1,97,0.7,,91,14.8,,1018.8,,8,8,42139,Meerut
2025-01-06 05:00:00,12.1,97,0.7,,91,14.8,,1018.8,,8,8,42139,Meerut
2025-01-06 06:00:00,15.4,91,0.9,,0,0.0,,1018.9,,5,8,42139,Meerut
2025-01-06 06:00:00,15.4,91,0.9,,0,0.0,,1018.9,,5,8,42139,Meerut
2025-01-06 07:00:00,14.3,94,0.5,,300,6.5,,1017.3,,8,8,42139,Meerut
2025-01-06 07:00:00,14.3,94,0.5,,300,6.5,,1017.3,,8,8,42139,Meerut
2025-01-06 08:00:00,15.3,87,0.0,,28,6.5,,1016.6,,4,3,42139,Meerut
2025-01-06 08:00:00,15.3,87,0.0,,28,6.5,,1016.6,,4,3,42139,Meerut
2025-01-06 09:00:00,18.6,69,0.0,,0,0.0,,1016.2,,2,3,42139,Meerut
2025-01-06 09:00:00,18.6,69,0.0,,0,0.0,,1016.2,,2,3,42139,Meerut
2025-01-06 10:00:00,18.8,66,0.0,,317,8.6,,1015.8,,1,1,42139,Meerut
2025-01-06 10:00:00,18.8,66,0.0,,317,8.6,,1015.8,,1,1,42139,Meerut
2025-01-06 11:00:00,17.9,70,0.0,,311,9.0,,1015.4,,0,2,42139,Meerut
2025-01-06 11:00:00,17.9,70,0.0,,311,9.0,,1015.4,,0,2,42139,Meerut
2025-01-06 12:00:00,15.4,79,0.0,,270,3.6,,1015.9,,0,1,42139,Meerut
2025-01-06 12:00:00,15.4,79,0.0,,270,3.6,,1015.9,,0,1,42139,Meerut
2025-01-06 13:00:00,14.0,88,0.0,,299,11.5,,1016.0,,0,1,42139,Meerut
2025-01-06 13:00:00,14.0,88,0.0,,299,11.5,,1016.0,,0,1,42139,Meerut
2025-01-06 14:00:00,13.3,90,0.0,,309,11.9,,1016.5,,0,1,42139,Meerut
2025-01-06 14:00:00,13.3,90,0.0,,309,11.9,,1016.5,,0,1,42139,Meerut
2025-01-06 15:00:00,12.5,91,0.0,,314,12.6,,1017.6,,0,1,42139,Meerut
2025-01-06 15:00:00,12.5,91,0.0,,314,12.6,,1017.6,,0,1,42139,Meerut
2025-01-06 16:00:00,12.0,92,0.0,,308,12.6,,1017.8,,0,1,42139,Meerut
2025-01-06 16:00:00,12.0,92,0.0,,308,12.6,,1017.8,,0,1,42139,Meerut
2025-01-06 17:00:00,11.6,93,0.0,,305,13.0,,1018.1,,0,1,42139,Meerut
2025-01-06 17:00:00,11.6,93,0.0,,305,13.0,,1018.1,,0,1,42139,Meerut
2025-01-06 18:00:00,11.3,94,0.0,,304,12.6,,1017.9,,0,1,42139,Meerut
2025-01-06 18:00:00,11.3,94,0.0,,304,12.6,,1017.9,,0,1,42139,Meerut
2025-01-06 19:00:00,10.9,95,0.0,,303,12.6,,1017.6,,0,1,42139,Meerut
2025-01-06 19:00:00,10.9,95,0.0,,303,12.6,,1017.6,,0,1,42139,Meerut
2025-01-06 20:00:00,11.1,97,0.0,,302,12.6,,1017.1,,1,1,42139,Meerut
2025-01-06 20:00:00,11.1,97,0.0,,302,12.6,,1017.1,,1,1,42139,Meerut
2025-01-06 21:00:00,10.8,97,0.0,,303,12.6,,1017.0,,0,1,42139,Meerut
2025-01-06 21:00:00,10.8,97,0.0,,303,12.6,,1017.0,,0,1,42139,Meerut
2025-01-06 22:00:00,10.5,97,0.0,,302,11.9,,1016.8,,0,1,42139,Meerut
2025-01-06 22:00:00,10.5,97,0.0,,302,11.9,,1016.8,,0,1,42139,Meerut
2025-01-06 23:00:00,10.3,97,0.0,,299,12.2,,1016.7,,1,1,42139,Meerut
2025-01-06 23:00:00,10.3,97,0.0,,299,12.2,,1016.7,,1,1,42139,Meerut
2025-01-07 00:00:00,10.1,98,0.0,,297,12.6,,1016.7,,3,2,42139,Meerut
2025-01-07 00:00:00,10.1,98,0.0,,297,12.6,,1016.7,,3,2,42139,Meerut
2025-01-07 01:00:00,11.6,100,0.0,,302,13.7,,1017.5,,8,3,42139,Meerut
2025-01-07 01:00:00,11.6,100,0.0,,302,13.7,,1017.5,,8,3,42139,Meerut
2025-01-07 02:00:00,11.6,100,0.0,,302,14.0,,1017.9,,8,5,42139,Meerut
2025-01-07 02:00:00,11.6,100,0.0,,302,14.0,,1017.9,,8,5,42139,Meerut
2025-01-07 03:00:00,11.4,97,0.0,,320,9.4,,1019.7,,8,5,42139,Meerut
2025-01-07 03:00:00,11.4,97,0.0,,320,9.4,,1019.7,,8,5,42139,Meerut
2025-01-07 04:00:00,12.4,96,0.0,,302,15.5,,1019.3,,8,5,42139,Meerut
2025-01-07 04:00:00,12.4,96,0.0,,302,15.5,,1019.3,,8,5,42139,Meerut
2025-01-07 05:00:00,13.0,93,0.0,,296,15.5,,1019.8,,8,3,42139,Meerut
2025-01-07 05:00:00,13.0,93,0.0,,296,15.5,,1019.8,,8,3,42139,Meerut
2025-01-07 06:00:00,12.6,91,0.0,,320,3.6,,1019.8,,8,3,42139,Meerut
2025-01-07 06:00:00,12.6,91,0.0,,320,3.6,,1019.8,,8,3,42139,Meerut
2025-01-07 07:00:00,16.0,76,0.0,,300,17.6,,1018.3,,8,3,42139,Meerut
2025-01-07 07:00:00,16.0,76,0.0,,300,17.6,,1018.3,,8,3,42139,Meerut
2025-01-07 08:00:00,17.3,68,0.0,,299,17.3,,1016.9,,8,3,42139,Meerut
2025-01-07 08:00:00,17.3,68,0.0,,299,17.3,,1016.9,,8,3,42139,Meerut
2025-01-07 09:00:00,13.8,84,0.0,,320,5.4,,1017.2,,2,3,42139,Meerut
2025-01-07 09:00:00,13.8,84,0.0,,320,5.4,,1017.2,,2,3,42139,Meerut
2025-01-07 10:00:00,17.8,66,0.0,,294,15.1,,1015.1,,0,2,42139,Meerut
2025-01-07 10:00:00,17.8,66,0.0,,294,15.1,,1015.1,,0,2,42139,Meerut
2025-01-07 11:00:00,17.6,70,0.0,,290,13.0,,1014.8,,0,1,42139,Meerut
2025-01-07 11:00:00,17.6,70,0.0,,290,13.0,,1014.8,,0,1,42139,Meerut
2025-01-07 12:00:00,14.0,82,0.0,,320,3.6,,1016.3,,0,1,42139,Meerut
2025-01-07 12:00:00,14.0,82,0.0,,320,3.6,,1016.3,,0,1,42139,Meerut
2025-01-07 13:00:00,13.9,87,0.0,,292,13.0,,1015.6,,0,1,42139,Meerut
2025-01-07 13:00:00,13.9,87,0.0,,292,13.0,,1015.6,,0,1,42139,Meerut
2025-01-07 14:00:00,13.0,91,0.0,,295,12.6,,1016.0,,0,1,42139,Meerut
2025-01-07 14:00:00,13.0,91,0.0,,295,12.6,,1016.0,,0,1,42139,Meerut
2025-01-07 15:00:00,12.4,91,0.0,,293,12.6,,1016.1,,0,1,42139,Meerut
2025-01-07 15:00:00,12.4,91,0.0,,293,12.6,,1016.1,,0,1,42139,Meerut
2025-01-07 16:00:00,11.5,93,0.0,,290,12.6,,1016.8,,0,1,42139,Meerut
2025-01-07 16:00:00,11.5,93,0.0,,290,12.6,,1016.8,,0,1,42139,Meerut
2025-01-07 17:00:00,11.0,92,0.0,,294,12.2,,1016.7,,0,1,42139,Meerut
2025-01-07 17:00:00,11.0,92,0.0,,294,12.2,,1016.7,,0,1,42139,Meerut
2025-01-07 18:00:00,10.3,92,0.0,,295,12.2,,1016.3,,0,1,42139,Meerut
2025-01-07 18:00:00,10.3,92,0.0,,295,12.2,,1016.3,,0,1,42139,Meerut
2025-01-07 19:00:00,9.7,92,0.0,,295,12.6,,1016.1,,0,1,42139,Meerut
2025-01-07 19:00:00,9.7,92,0.0,,295,12.6,,1016.1,,0,1,42139,Meerut
2025-01-07 20:00:00,9.2,92,0.0,,291,12.6,,1015.5,,0,1,42139,Meerut
2025-01-07 20:00:00,9.2,92,0.0,,291,12.6,,1015.5,,0,1,42139,Meerut
2025-01-07 21:00:00,9.3,94,0.0,,292,12.6,,1014.4,,0,1,42139,Meerut
2025-01-07 21:00:00,9.3,94,0.0,,292,12.6,,1014.4,,0,1,42139,Meerut
2025-01-07 22:00:00,9.1,94,0.0,,292,13.3,,1014.0,,0,1,42139,Meerut
2025-01-07 22:00:00,9.1,94,0.0,,292,13.3,,1014.0,,0,1,42139,Meerut
2025-01-07 23:00:00,8.9,93,0.0,,290,13.3,,1013.9,,0,1,42139,Meerut
2025-01-07 23:00:00,8.9,93,0.0,,290,13.3,,1013.9,,0,1,42139,Meerut
2025-01-08 00:00:00,8.7,92,0.0,,293,13.7,,1014.0,,0,1,42139,Meerut
2025-01-08 00:00:00,8.7,92,0.0,,293,13.7,,1014.0,,0,1,42139,Meerut
2025-01-08 01:00:00,8.4,91,0.0,,294,13.0,,1014.5,,0,1,42139,Meerut
2025-01-08 01:00:00,8.4,91,0.0,,294,13.0,,1014.5,,0,1,42139,Meerut
2025-01-08 02:00:00,8.4,93,0.0,,286,12.2,,1015.6,,0,1,42139,Meerut
2025-01-08 02:00:00,8.4,93,0.0,,286,12.2,,1015.6,,0,1,42139,Meerut
2025-01-08 03:00:00,10.4,95,0.0,,0,0.0,,1015.9,,0,1,42139,Meerut
2025-01-08 03:00:00,10.4,95,0.0,,0,0.0,,1015.9,,0,1,42139,Meerut
2025-01-08 04:00:00,11.5,83,0.0,,280,10.8,,1017.2,,0,1,42139,Meerut
2025-01-08 04:00:00,11.5,83,0.0,,280,10.8,,1017.2,,0,1,42139,Meerut
2025-01-08 05:00:00,13.7,73,0.0,,277,11.9,,1017.4,,0,1,42139,Meerut
2025-01-08 05:00:00,13.7,73,0.0,,277,11.9,,1017.4,,0,1,42139,Meerut
2025-01-08 06:00:00,13.8,73,0.0,,0,0.0,,1017.5,,0,1,42139,Meerut
2025-01-08 06:00:00,13.8,73,0.0,,0,0.0,,1017.5,,0,1,42139,Meerut
2025-01-08 07:00:00,17.3,57,0.0,,277,14.8,,1016.0,,0,1,42139,Meerut
2025-01-08 07:00:00,17.3,57,0.0,,277,14.8,,1016.0,,0,1,42139,Meerut
2025-01-08 08:00:00,18.4,51,0.0,,284,16.2,,1015.1,,0,1,42139,Meerut
2025-01-08 08:00:00,18.4,51,0.0,,284,16.2,,1015.1,,0,1,42139,Meerut
2025-01-08 09:00:00,18.6,46,0.0,,320,5.4,,1014.4,,0,1,42139,Meerut
2025-01-08 09:00:00,18.6,46,0.0,,320,5.4,,1014.4,,0,1,42139,Meerut
2025-01-08 10:00:00,18.6,48,0.0,,294,14.8,,1014.5,,0,1,42139,Meerut
2025-01-08 10:00:00,18.6,48,0.0,,294,14.8,,1014.5,,0,1,42139,Meerut
2025-01-08 11:00:00,17.4,55,0.0,,290,11.2,,1014.5,,0,1,42139,Meerut
2025-01-08 11:00:00,17.4,55,0.0,,290,11.2,,1014.5,,0,1,42139,Meerut
2025-01-08 12:00:00,16.6,64,0.0,,0,0.0,,1014.4,,0,1,42139,Meerut
2025-01-08 12:00:00,16.6,64,0.0,,0,0.0,,1014.4,,0,1,42139,Meerut
2025-01-08 13:00:00,12.0,75,0.0,,285,9.4,,1015.1,,0,1,42139,Meerut
2025-01-08 13:00:00,12.0,75,0.0,,285,9.4,,1015.1,,0,1,42139,Meerut
2025-01-08 14:00:00,10.8,81,0.0,,287,9.7,,1015.7,,0,1,42139,Meerut
2025-01-08 14:00:00,10.8,81,0.0,,287,9.7,,1015.7,,0,1,42139,Meerut
2025-01-08 15:00:00,9.9,84,0.0,,290,10.1,,1016.2,,0,1,42139,Meerut
2025-01-08 15:00:00,9.9,84,0.0,,290,10.1,,1016.2,,0,1,42139,Meerut
2025-01-08 16:00:00,9.2,86,0.0,,291,9.7,,1016.7,,0,1,42139,Meerut
2025-01-08 16:00:00,9.2,86,0.0,,291,9.7,,1016.7,,0,1,42139,Meerut
2025-01-08 17:00:00,8.5,87,0.0,,294,8.6,,1017.0,,1,1,42139,Meerut
2025-01-08 17:00:00,8.5,87,0.0,,294,8.6,,1017.0,,1,1,42139,Meerut
2025-01-08 18:00:00,8.4,87,0.0,,308,6.5,,1017.3,,0,2,42139,Meerut
2025-01-08 18:00:00,8.4,87,0.0,,308,6.5,,1017.3,,0,2,42139,Meerut
2025-01-08 19:00:00,7.8,89,0.0,,324,7.2,,1017.0,,0,1,42139,Meerut
2025-01-08 19:00:00,7.8,89,0.0,,324,7.2,,1017.0,,0,1,42139,Meerut
2025-01-08 20:00:00,7.3,90,0.0,,334,6.8,,1016.9,,0,1,42139,Meerut
2025-01-08 20:00:00,7.3,90,0.0,,334,6.8,,1016.9,,0,1,42139,Meerut
2025-01-08 21:00:00,7.1,91,0.0,,327,5.4,,1017.0,,0,1,42139,Meerut
2025-01-08 21:00:00,7.1,91,0.0,,327,5.4,,1017.0,,0,1,42139,Meerut
2025-01-08 22:00:00,6.6,92,0.0,,288,5.8,,1017.0,,1,1,42139,Meerut
2025-01-08 22:00:00,6.6,92,0.0,,288,5.8,,1017.0,,1,1,42139,Meerut
2025-01-08 23:00:00,6.0,96,0.0,,291,5.4,,1016.5,,1,1,42139,Meerut
2025-01-08 23:00:00,6.0,96,0.0,,291,5.4,,1016.5,,1,1,42139,Meerut
2025-01-09 00:00:00,5.8,97,0.0,,294,4.7,,1016.7,,0,2,42139,Meerut
2025-01-09 00:00:00,5.8,97,0.0,,294,4.7,,1016.7,,0,2,42139,Meerut
2025-01-09 01:00:00,5.6,97,0.0,,295,3.2,,1017.5,,0,1,42139,Meerut
2025-01-09 01:00:00,5.6,97,0.0,,295,3.2,,1017.5,,0,1,42139,Meerut
2025-01-09 02:00:00,5.5,97,0.0,,325,4.3,,1018.2,,0,1,42139,Meerut
2025-01-09 02:00:00,5.5,97,0.0,,325,4.3,,1018.2,,0,1,42139,Meerut
2025-01-09 03:00:00,7.0,100,0.0,,50,5.4,,1020.0,,1,1,42139,Meerut
2025-01-09 03:00:00,7.0,100,0.0,,50,5.4,,1020.0,,1,1,42139,Meerut
2025-01-09 04:00:00,9.5,95,0.0,,48,6.8,,1020.2,,7,1,42139,Meerut
2025-01-09 04:00:00,9.5,95,0.0,,48,6.8,,1020.2,,7,1,42139,Meerut
2025-01-09 05:00:00,11.7,86,0.0,,74,5.8,,1021.0,,2,3,42139,Meerut
2025-01-09 05:00:00,11.7,86,0.0,,74,5.8,,1021.0,,2,3,42139,Meerut
2025-01-09 06:00:00,10.2,97,0.0,,230,5.4,,1021.2,,1,2,42139,Meerut
2025-01-09 06:00:00,10.2,97,0.0,,230,5.4,,1021.2,,1,2,42139,Meerut
2025-01-09 07:00:00,16.0,69,0.0,,112,4.0,,1019.4,,4,1,42139,Meerut
2025-01-09 07:00:00,16.0,69,0.0,,112,4.0,,1019.4,,4,1,42139,Meerut
2025-01-09 08:00:00,17.3,62,0.0,,127,2.9,,1018.4,,6,3,42139,Meerut
2025-01-09 08:00:00,17.3,62,0.0,,127,2.9,,1018.4,,6,3,42139,Meerut
2025-01-09 09:00:00,15.0,81,0.0,,140,3.6,,1018.6,,5,3,42139,Meerut
2025-01-09 09:00:00,15.0,81,0.0,,140,3.6,,1018.6,,5,3,42139,Meerut
2025-01-09 10:00:00,17.8,60,0.0,,304,3.6,,1017.2,,6,3,42139,Meerut
2025-01-09 10:00:00,17.8,60,0.0,,304,3.6,,1017.2,,6,3,42139,Meerut
2025-01-09 11:00:00,16.9,75,0.0,,295,2.5,,1017.2,,1,3,42139,Meerut
2025-01-09 11:00:00,16.9,75,0.0,,295,2.5,,1017.2,,1,3,42139,Meerut
2025-01-09 12:00:00,15.4,85,0.0,,0,0.0,,1017.7,,3,1,42139,Meerut
2025-01-09 12:00:00,15.4,85,0.0,,0,0.0,,1017.7,,3,1,42139,Meerut
2025-01-09 13:00:00,13.0,77,0.0,,303,2.2,,1017.9,,0,1,42139,Meerut
2025-01-09 13:00:00,13.0,77,0.0,,303,2.2,,1017.9,,0,1,42139,Meerut
2025-01-09 14:00:00,12.2,79,0.0,,359,1.4,,1018.9,,0,1,42139,Meerut
2025-01-09 14:00:00,12.2,79,0.0,,359,1.4,,1018.9,,0,1,42139,Meerut
2025-01-09 15:00:00,11.1,83,0.0,,4,2.5,,1019.5,,0,1,42139,Meerut
2025-01-09 15:00:00,11.1,83,0.0,,4,2.5,,1019.5,,0,1,42139,Meerut
2025-01-09 16:00:00,10.0,87,0.0,,18,3.6,,1020.0,,0,1,42139,Meerut
2025-01-09 16:00:00,10.0,87,0.0,,18,3.6,,1020.0,,0,1,42139,Meerut
2025-01-09 17:00:00,9.1,90,0.0,,36,2.5,,1020.3,,0,1,42139,Meerut
2025-01-09 17:00:00,9.1,90,0.0,,36,2.5,,1020.3,,0,1,42139,Meerut
2025-01-09 18:00:00,8.7,91,0.0,,44,2.5,,1020.3,,0,1,42139,Meerut
2025-01-09 18:00:00,8.7,91,0.0,,44,2.5,,1020.3,,0,1,42139,Meerut
2025-01-09 19:00:00,8.6,92,0.0,,43,1.4,,1019.8,,0,1,42139,Meerut
2025-01-09 19:00:00,8.6,92,0.0,,43,1.4,,1019.8,,0,1,42139,Meerut
2025-01-09 20:00:00,8.0,93,0.0,,33,1.4,,1019.5,,0,1,42139,Meerut
2025-01-09 20:00:00,8.0,93,0.0,,33,1.4,,1019.5,,0,1,42139,Meerut
2025-01-09 21:00:00,7.8,94,0.0,,25,1.4,,1019.3,,0,1,42139,Meerut
2025-01-09 21:00:00,7.8,94,0.0,,25,1.4,,1019.3,,0,1,42139,Meerut
2025-01-09 22:00:00,6.8,99,0.0,,15,0.7,,1019.2,,1,1,42139,Meerut
2025-01-09 22:00:00,6.8,99,0.0,,15,0.7,,1019.2,,1,1,42139,Meerut
2025-01-09 23:00:00,5.3,100,0.0,,9,1.4,,1019.0,,8,1,42139,Meerut
2025-01-09 23:00:00,5.3,100,0.0,,9,1.4,,1019.0,,8,1,42139,Meerut
2025-01-10 00:00:00,4.8,100,0.0,,2,1.4,,1019.3,,8,5,42139,Meerut
2025-01-10 00:00:00,4.8,100,0.0,,2,1.4,,1019.3,,8,5,42139,Meerut
2025-01-10 01:00:00,4.6,99,0.0,,11,1.4,,1020.1,,8,5,42139,Meerut
2025-01-10 01:00:00,4.6,99,0.0,,11,1.4,,1020.1,,8,5,42139,Meerut
2025-01-10 02:00:00,5.7,97,0.0,,50,2.2,,1021.1,,8,5,42139,Meerut
2025-01-10 02:00:00,5.7,97,0.0,,50,2.2,,1021.1,,8,5,42139,Meerut
2025-01-10 03:00:00,7.0,100,0.0,,0,0.0,,1023.0,,8,5,42139,Meerut
2025-01-10 03:00:00,7.0,100,0.0,,0,0.0,,1023.0,,8,5,42139,Meerut
2025-01-10 04:00:00,8.4,97,0.0,,77,2.5,,1022.9,,8,5,42139,Meerut
2025-01-10 04:00:00,8.4,97,0.0,,77,2.5,,1022.9,,8,5,42139,Meerut
2025-01-10 05:00:00,10.3,96,0.0,,89,3.2,,1023.5,,8,5,42139,Meerut
2025-01-10 05:00:00,10.3,96,0.0,,89,3.2,,1023.5,,8,5,42139,Meerut
2025-01-10 06:00:00,10.0,100,0.0,,50,3.6,,1023.8,,8,5,42139,Meerut
2025-01-10 06:00:00,10.0,100,0.0,,50,3.6,,1023.8,,8,5,42139,Meerut
2025-01-10 07:00:00,15.1,82,0.0,,87,4.3,,1021.9,,1,5,42139,Meerut
2025-01-10 07:00:00,15.1,82,0.0,,87,4.3,,1021.9,,1,5,42139,Meerut
2025-01-10 08:00:00,16.6,72,0.0,,83,4.3,,1020.4,,0,2,42139,Meerut
2025-01-10 08:00:00,16.6,72,0.0,,83,4.3,,1020.4,,0,2,42139,Meerut
2025-01-10 09:00:00,16.2,71,0.0,,90,3.6,,1020.0,,3,1,42139,Meerut
2025-01-10 09:00:00,16.2,71,0.0,,90,3.6,,1020.0,,3,1,42139,Meerut
2025-01-10 10:00:00,16.8,66,0.0,,102,4.7,,1019.0,,0,1,42139,Meerut
2025-01-10 10:00:00,16.8,66,0.0,,102,4.7,,1019.0,,0,1,42139,Meerut
2025-01-10 11:00:00,16.2,69,0.0,,101,4.3,,1018.7,,0,1,42139,Meerut
2025-01-10 11:00:00,16.2,69,0.0,,101,4.3,,1018.7,,0,1,42139,Meerut
2025-01-10 12:00:00,14.6,80,0.0,,0,0.0,,1018.7,,0,1,42139,Meerut
2025-01-10 12:00:00,14.6,80,0.0,,0,0.0,,1018.7,,0,1,42139,Meerut
2025-01-10 13:00:00,12.0,81,0.0,,84,5.8,,1018.9,,0,1,42139,Meerut
2025-01-10 13:00:00,12.0,81,0.0,,84,5.8,,1018.9,,0,1,42139,Meerut
2025-01-10 14:00:00,10.9,85,0.0,,87,6.5,,1019.3,,1,1,42139,Meerut
2025-01-10 14:00:00,10.9,85,0.0,,87,6.5,,1019.3,,1,1,42139,Meerut
2025-01-10 15:00:00,10.3,84,0.0,,82,5.8,,1019.4,,1,1,42139,Meerut
2025-01-10 15:00:00,10.3,84,0.0,,82,5.8,,1019.4,,1,1,42139,Meerut
2025-01-10 16:00:00,9.6,87,0.0,,96,6.1,,1019.3,,0,1,42139,Meerut
2025-01-10 16:00:00,9.6,87,0.0,,96,6.1,,1019.3,,0,1,42139,Meerut
2025-01-10 17:00:00,8.5,91,0.0,,119,6.5,,1019.6,,0,1,42139,Meerut
2025-01-10 17:00:00,8.5,91,0.0,,119,6.5,,1019.6,,0,1,42139,Meerut
2025-01-10 18:00:00,7.7,94,0.0,,130,6.8,,1019.6,,0,1,42139,Meerut
2025-01-10 18:00:00,7.7,94,0.0,,130,6.8,,1019.6,,0,1,42139,Meerut
2025-01-10 19:00:00,7.4,94,0.0,,118,6.5,,1019.3,,0,1,42139,Meerut
2025-01-10 19:00:00,7.4,94,0.0,,118,6.5,,1019.3,,0,1,42139,Meerut
2025-01-10 20:00:00,7.3,93,0.0,,101,6.1,,1019.0,,0,1,42139,Meerut
2025-01-10 20:00:00,7.3,93,0.0,,101,6.1,,1019.0,,0,1,42139,Meerut
2025-01-10 21:00:00,6.9,95,0.0,,94,6.8,,1019.0,,0,1,42139,Meerut
2025-01-10 21:00:00,6.9,95,0.0,,94,6.8,,1019.0,,0,1,42139,Meerut
2025-01-10 22:00:00,6.5,97,0.0,,87,7.2,,1019.1,,1,1,42139,Meerut
2025-01-10 22:00:00,6.5,97,0.0,,87,7.2,,1019.1,,1,1,42139,Meerut
2025-01-10 23:00:00,6.5,99,0.0,,79,7.6,,1019.0,,3,1,42139,Meerut
2025-01-10 23:00:00,6.5,99,0.0,,79,7.6,,1019.0,,3,1,42139,Meerut
2025-01-11 00:00:00,6.6,99,0.0,,81,7.9,,1019.4,,6,5,42139,Meerut
2025-01-11 00:00:00,6.6,99,0.0,,81,7.9,,1019.4,,6,5,42139,Meerut
2025-01-11 01:00:00,6.1,99,0.0,,87,8.3,,1019.8,,2,5,42139,Meerut
2025-01-11 01:00:00,6.1,99,0.0,,87,8.3,,1019.8,,2,5,42139,Meerut
2025-01-11 02:00:00,6.5,99,0.0,,92,9.0,,1020.3,,4,2,42139,Meerut
2025-01-11 02:00:00,6.5,99,0.0,,92,9.0,,1020.3,,4,2,42139,Meerut
2025-01-11 03:00:00,7.6,100,0.0,,0,0.0,,1021.4,,2,5,42139,Meerut
2025-01-11 03:00:00,7.6,100,0.0,,0,0.0,,1021.4,,2,5,42139,Meerut
2025-01-11 04:00:00,11.3,91,0.0,,102,12.6,,1020.8,,1,2,42139,Meerut
2025-01-11 04:00:00,11.3,91,0.0,,102,12.6,,1020.8,,1,2,42139,Meerut
2025-01-11 05:00:00,13.8,83,0.0,,111,10.8,,1021.1,,6,1,42139,Meerut
2025-01-11 05:00:00,13.8,83,0.0,,111,10.8,,1021.1,,6,1,42139,Meerut
2025-01-11 06:00:00,12.2,91,0.0,,90,3.6,,1021.1,,8,3,42139,Meerut
2025-01-11 06:00:00,12.2,91,0.0,,90,3.6,,1021.1,,8,3,42139,Meerut
2025-01-11 07:00:00,16.9,69,0.0,,121,12.2,,1019.0,,8,3,42139,Meerut
2025-01-11 07:00:00,16.9,69,0.0,,121,12.2,,1019.0,,8,3,42139,Meerut
2025-01-11 08:00:00,17.2,68,0.0,,117,10.8,,1017.5,,8,3,42139,Meerut
2025-01-11 08:00:00,17.2,68,0.0,,117,10.8,,1017.5,,8,3,42139,Meerut
2025-01-11 09:00:00,17.2,70,0.0,,230,3.6,,1017.2,,8,3,42139,Meerut
2025-01-11 09:00:00,17.2,70,0.0,,230,3.6,,1017.2,,8,3,42139,Meerut
2025-01-11 10:00:00,18.0,63,0.0,,162,6.1,,1015.9,,8,3,42139,Meerut
2025-01-11 10:00:00,18.0,63,0.0,,162,6.1,,1015.9,,8,3,42139,Meerut
2025-01-11 11:00:00,16.3,76,0.2,,9,2.9,,1016.1,,8,7,42139,Meerut
2025-01-11 11:00:00,16.3,76,0.2,,9,2.9,,1016.1,,8,7,42139,Meerut
2025-01-11 12:00:00,16.0,83,0.0,,0,0.0,,1016.6,,8,3,42139,Meerut
2025-01-11 12:00:00,16.0,83,0.0,,0,0.0,,1016.6,,8,3,42139,Meerut
2025-01-11 13:00:00,13.5,89,1.0,,358,10.1,,1016.9,,8,9,42139,Meerut
2025-01-11 13:00:00,13.5,89,1.0,,358,10.1,,1016.9,,8,9,42139,Meerut
2025-01-11 14:00:00,13.4,89,0.0,,22,6.8,,1018.0,,8,3,42139,Meerut
2025-01-11 14:00:00,13.4,89,0.0,,22,6.8,,1018.0,,8,3,42139,Meerut
2025-01-11 15:00:00,13.2,91,1.2,,51,11.5,,1018.0,,8,9,42139,Meerut
2025-01-11 15:00:00,13.2,91,1.2,,51,11.5,,1018.0,,8,9,42139,Meerut
2025-01-11 16:00:00,12.8,93,1.4,,51,16.2,,1018.4,,8,9,42139,Meerut
2025-01-11 16:00:00,12.8,93,1.4,,51,16.2,,1018.4,,8,9,42139,Meerut
2025-01-11 17:00:00,12.6,94,1.2,,80,15.5,,1018.7,,8,9,42139,Meerut
2025-01-11 17:00:00,12.6,94,1.2,,80,15.5,,1018.7,,8,9,42139,Meerut
2025-01-11 18:00:00,12.7,94,0.5,,64,18.7,,1018.5,,8,8,42139,Meerut
2025-01-11 18:00:00,12.7,94,0.5,,64,18.7,,1018.5,,8,8,42139,Meerut
2025-01-11 19:00:00,12.9,89,0.4,,65,15.8,,1018.0,,3,8,42139,Meerut
2025-01-11 19:00:00,12.9,89,0.4,,65,15.8,,1018.0,,3,8,42139,Meerut
2025-01-11 20:00:00,12.6,88,0.0,,76,12.6,,1017.3,,1,2,42139,Meerut
2025-01-11 20:00:00,12.6,88,0.0,,76,12.6,,1017.3,,1,2,42139,Meerut
2025-01-11 21:00:00,10.6,93,0.0,,97,6.8,,1018.1,,2,2,42139,Meerut
2025-01-11 21:00:00,10.6,93,0.0,,97,6.8,,1018.1,,2,2,42139,Meerut
2025-01-11 22:00:00,10.3,94,0.0,,64,7.9,,1017.7,,2,2,42139,Meerut
2025-01-11 22:00:00,10.3,94,0.0,,64,7.9,,1017.7,,2,2,42139,Meerut
2025-01-11 23:00:00,10.3,94,0.0,,46,6.5,,1017.5,,5,2,42139,Meerut
2025-01-11 23:00:00,10.3,94,0.0,,46,6.5,,1017.5,,5,2,42139,Meerut
2025-01-12 00:00:00,10.4,94,0.4,,280,4.7,,1018.0,,6,17,42139,Meerut
2025-01-12 00:00:00,10.4,94,0.4,,280,4.7,,1018.0,,6,17,42139,Meerut
2025-01-12 01:00:00,9.6,95,0.2,,322,5.4,,1018.9,,4,17,42139,Meerut
2025-01-12 01:00:00,9.6,95,0.2,,322,5.4,,1018.9,,4,17,42139,Meerut
2025-01-12 02:00:00,10.9,92,0.0,,338,11.2,,1019.8,,7,3,42139,Meerut
2025-01-12 02:00:00,10.9,92,0.0,,338,11.2,,1019.8,,7,3,42139,Meerut
2025-01-12 03:00:00,13.2,93,0.0,,0,0.0,,1020.3,,7,3,42139,Meerut
2025-01-12 03:00:00,13.2,93,0.0,,0,0.0,,1020.3,,7,3,42139,Meerut
2025-01-12 04:00:00,13.8,88,0.0,,79,9.7,,1021.1,,2,2,42139,Meerut
2025-01-12 04:00:00,13.8,88,0.0,,79,9.7,,1021.1,,2,2,42139,Meerut
2025-01-12 05:00:00,15.9,78,0.0,,110,8.3,,1021.2,,1,2,42139,Meerut
2025-01-12 05:00:00,15.9,78,0.0,,110,8.3,,1021.2,,1,2,42139,Meerut
2025-01-12 06:00:00,15.8,83,0.0,,0,0.0,,1021.6,,7,2,42139,Meerut
2025-01-12 06:00:00,15.8,83,0.0,,0,0.0,,1021.6,,7,2,42139,Meerut
2025-01-12 07:00:00,16.6,71,0.0,,37,5.4,,1019.9,,1,3,42139,Meerut
2025-01-12 07:00:00,16.6,71,0.0,,37,5.4,,1019.9,,1,3,42139,Meerut
2025-01-12 08:00:00,17.7,66,0.0,,46,4.3,,1018.7,,1,2,42139,Meerut
2025-01-12 08:00:00,17.7,66,0.0,,46,4.3,,1018.7,,1,2,42139,Meerut
2025-01-12 09:00:00,17.8,72,0.0,,0,0.0,,1018.9,,8,2,42139,Meerut
2025-01-12 09:00:00,17.8,72,0.0,,0,0.0,,1018.9,,8,2,42139,Meerut
2025-01-12 10:00:00,18.1,63,0.0,,21,2.9,,1017.5,,3,2,42139,Meerut
2025-01-12 10:00:00,18.1,63,0.0,,21,2.9,,1017.5,,3,2,42139,Meerut
2025-01-12 11:00:00,17.6,66,0.0,,339,5.8,,1017.8,,3,3,42139,Meerut
2025-01-12 11:00:00,17.6,66,0.0,,339,5.8,,1017.8,,3,3,42139,Meerut
2025-01-12 12:00:00,15.2,83,0.0,,0,0.0,,1018.9,,2,3,42139,Meerut
2025-01-12 12:00:00,15.2,83,0.0,,0,0.0,,1018.9,,2,3,42139,Meerut
2025-01-12 13:00:00,13.9,82,0.0,,350,9.7,,1018.7,,3,2,42139,Meerut
2025-01-12 13:00:00,13.9,82,0.0,,350,9.7,,1018.7,,3,2,42139,Meerut
2025-01-12 14:00:00,13.2,88,0.0,,7,9.0,,1019.2,,2,3,42139,Meerut
2025-01-12 14:00:00,13.2,88,0.0,,7,9.0,,1019.2,,2,3,42139,Meerut
2025-01-12 15:00:00,11.9,93,0.0,,6,7.2,,1019.5,,2,2,42139,Meerut
2025-01-12 15:00:00,11.9,93,0.0,,6,7.2,,1019.5,,2,2,42139,Meerut
2025-01-12 16:00:00,11.3,94,0.0,,4,8.6,,1020.3,,0,2,42139,Meerut
2025-01-12 16:00:00,11.3,94,0.0,,4,8.6,,1020.3,,0,2,42139,Meerut
2025-01-12 17:00:00,11.1,93,0.0,,13,9.7,,1020.6,,1,1,42139,Meerut
2025-01-12 17:00:00,11.1,93,0.0,,13,9.7,,1020.6,,1,1,42139,Meerut
2025-01-12 18:00:00,9.2,98,0.0,,310,7.6,,1020.2,,0,1,42139,Meerut
2025-01-12 18:00:00,9.2,98,0.0,,310,7.6,,1020.2,,0,1,42139,Meerut
2025-01-12 19:00:00,9.1,98,0.0,,319,7.9,,1019.7,,0,1,42139,Meerut
2025-01-12 19:00:00,9.1,98,0.0,,319,7.9,,1019.7,,0,1,42139,Meerut
2025-01-12 20:00:00,9.2,97,0.0,,325,8.6,,1019.4,,0,1,42139,Meerut
2025-01-12 20:00:00,9.2,97,0.0,,325,8.6,,1019.4,,0,1,42139,Meerut
2025-01-12 21:00:00,9.1,96,0.0,,318,8.3,,1019.3,,0,1,42139,Meerut
2025-01-12 21:00:00,9.1,96,0.0,,318,8.3,,1019.3,,0,1,42139,Meerut
2025-01-12 22:00:00,8.8,97,0.0,,305,8.6,,1019.2,,0,1,42139,Meerut
2025-01-12 22:00:00,8.8,97,0.0,,305,8.6,,1019.2,,0,1,42139,Meerut
2025-01-12 23:00:00,8.9,96,0.0,,304,8.6,,1018.7,,0,1,42139,Meerut
2025-01-12 23:00:00,8.9,96,0.0,,304,8.6,,1018.7,,0,1,42139,Meerut
2025-01-13 00:00:00,8.7,97,0.0,,309,9.0,,1018.8,,0,1,42139,Meerut
2025-01-13 00:00:00,8.7,97,0.0,,309,9.0,,1018.8,,0,1,42139,Meerut
2025-01-13 01:00:00,8.5,97,0.0,,308,9.4,,1019.1,,0,1,42139,Meerut
2025-01-13 01:00:00,8.5,97,0.0,,308,9.4,,1019.1,,0,1,42139,Meerut
2025-01-13 02:00:00,8.4,96,0.0,,311,9.0,,1019.4,,0,1,42139,Meerut
2025-01-13 02:00:00,8.4,96,0.0,,311,9.0,,1019.4,,0,1,42139,Meerut
2025-01-13 03:00:00,10.0,97,0.0,,320,3.6,,1020.3,,0,1,42139,Meerut
2025-01-13 03:00:00,10.0,97,0.0,,320,3.6,,1020.3,,0,1,42139,Meerut
2025-01-13 04:00:00,11.9,89,0.0,,302,7.6,,1020.5,,0,1,42139,Meerut
2025-01-13 04:00:00,11.9,89,0.0,,302,7.6,,1020.5,,0,1,42139,Meerut
2025-01-13 05:00:00,14.1,82,0.0,,300,6.8,,1020.8,,0,1,42139,Meerut
2025-01-13 05:00:00,14.1,82,0.0,,300,6.8,,1020.8,,0,1,42139,Meerut
2025-01-13 06:00:00,14.8,74,0.0,,0,0.0,,1020.0,,0,1,42139,Meerut
2025-01-13 06:00:00,14.8,74,0.0,,0,0.0,,1020.0,,0,1,42139,Meerut
2025-01-13 07:00:00,18.2,65,0.0,,301,7.2,,1018.9,,0,1,42139,Meerut
2025-01-13 07:00:00,18.2,65,0.0,,301,7.2,,1018.9,,0,1,42139,Meerut
2025-01-13 08:00:00,19.5,59,0.0,,297,7.9,,1017.7,,0,1,42139,Meerut
2025-01-13 08:00:00,19.5,59,0.0,,297,7.9,,1017.7,,0,1,42139,Meerut
2025-01-13 09:00:00,19.4,62,0.0,,320,3.6,,1016.3,,0,1,42139,Meerut
2025-01-13 09:00:00,19.4,62,0.0,,320,3.6,,1016.3,,0,1,42139,Meerut
2025-01-13 10:00:00,20.4,52,0.0,,303,10.1,,1016.0,,0,1,42139,Meerut
2025-01-13 10:00:00,20.4,52,0.0,,303,10.1,,1016.0,,0,1,42139,Meerut
2025-01-13 11:00:00,19.2,60,0.0,,295,9.0,,1015.9,,0,1,42139,Meerut
2025-01-13 11:00:00,19.2,60,0.0,,295,9.0,,1015.9,,0,1,42139,Meerut
2025-01-13 12:00:00,17.6,72,0.0,,0,0.0,,1016.0,,0,1,42139,Meerut
2025-01-13 12:00:00,17.6,72,0.0,,0,0.0,,1016.0,,0,1,42139,Meerut
2025-01-13 13:00:00,14.5,85,0.0,,292,11.5,,1016.7,,0,1,42139,Meerut
2025-01-13 13:00:00,14.5,85,0.0,,292,11.5,,1016.7,,0,1,42139,Meerut
2025-01-13 14:00:00,14.0,90,0.0,,294,11.5,,1017.3,,0,1,42139,Meerut
2025-01-13 14:00:00,14.0,90,0.0,,294,11.5,,1017.3,,0,1,42139,Meerut
2025-01-13 15:00:00,13.3,91,0.0,,298,11.5,,1017.7,,0,1,42139,Meerut
2025-01-13 15:00:00,13.3,91,0.0,,298,11.5,,1017.7,,0,1,42139,Meerut
2025-01-13 16:00:00,12.4,91,0.0,,300,10.8,,1018.1,,0,1,42139,Meerut
2025-01-13 16:00:00,12.4,91,0.0,,300,10.8,,1018.1,,0,1,42139,Meerut
2025-01-13 17:00:00,11.7,92,0.0,,300,10.8,,1018.2,,0,1,42139,Meerut
2025-01-13 17:00:00,11.7,92,0.0,,300,10.8,,1018.2,,0,1,42139,Meerut
2025-01-13 18:00:00,11.1,92,0.0,,303,10.8,,1017.9,,0,1,42139,Meerut
2025-01-13 18:00:00,11.1,92,0.0,,303,10.8,,1017.9,,0,1,42139,Meerut
2025-01-13 19:00:00,10.7,94,0.0,,301,10.4,,1017.4,,0,1,42139,Meerut
2025-01-13 19:00:00,10.7,94,0.0,,301,10.4,,1017.4,,0,1,42139,Meerut
2025-01-13 20:00:00,10.1,96,0.0,,300,9.7,,1017.4,,0,1,42139,Meerut
2025-01-13 20:00:00,10.1,96,0.0,,300,9.7,,1017.4,,0,1,42139,Meerut
2025-01-13 21:00:00,9.6,97,0.0,,301,9.4,,1017.0,,0,1,42139,Meerut
2025-01-13 21:00:00,9.6,97,0.0,,301,9.4,,1017.0,,0,1,42139,Meerut
2025-01-13 22:00:00,9.1,97,0.0,,299,9.0,,1016.8,,0,1,42139,Meerut
2025-01-13 22:00:00,9.1,97,0.0,,299,9.0,,1016.8,,0,1,42139,Meerut
2025-01-13 23:00:00,8.6,98,0.0,,299,8.6,,1016.9,,0,1,42139,Meerut
2025-01-13 23:00:00,8.6,98,0.0,,299,8.6,,1016.9,,0,1,42139,Meerut
2025-01-14 00:00:00,8.1,97,0.0,,303,8.3,,1017.1,,0,1,42139,Meerut
2025-01-14 00:00:00,8.1,97,0.0,,303,8.3,,1017.1,,0,1,42139,Meerut
2025-01-14 01:00:00,7.6,97,0.0,,298,7.9,,1018.0,,0,1,42139,Meerut
2025-01-14 01:00:00,7.6,97,0.0,,298,7.9,,1018.0,,0,1,42139,Meerut
2025-01-14 02:00:00,7.2,97,0.0,,287,7.2,,1018.9,,0,1,42139,Meerut
2025-01-14 02:00:00,7.2,97,0.0,,287,7.2,,1018.9,,0,1,42139,Meerut
2025-01-14 03:00:00,9.8,90,0.0,,0,0.0,,1019.9,,0,1,42139,Meerut
2025-01-14 03:00:00,9.8,90,0.0,,0,0.0,,1019.9,,0,1,42139,Meerut
2025-01-14 04:00:00,11.4,87,0.0,,278,5.8,,1020.8,,0,1,42139,Meerut
2025-01-14 04:00:00,11.4,87,0.0,,278,5.8,,1020.8,,0,1,42139,Meerut
2025-01-14 05:00:00,13.8,80,0.0,,293,4.3,,1021.2,,0,1,42139,Meerut
2025-01-14 05:00:00,13.8,80,0.0,,293,4.3,,1021.2,,0,1,42139,Meerut
2025-01-14 06:00:00,14.2,74,0.0,,360,3.6,,1021.0,,0,1,42139,Meerut
2025-01-14 06:00:00,14.2,74,0.0,,360,3.6,,1021.0,,0,1,42139,Meerut
2025-01-14 07:00:00,17.3,70,0.0,,286,3.2,,1020.0,,0,1,42139,Meerut
2025-01-14 07:00:00,17.3,70,0.0,,286,3.2,,1020.0,,0,1,42139,Meerut
2025-01-14 08:00:00,18.3,67,0.0,,263,2.9,,1019.2,,0,1,42139,Meerut
2025-01-14 08:00:00,18.3,67,0.0,,263,2.9,,1019.2,,0,1,42139,Meerut
2025-01-14 09:00:00,17.0,68,0.0,,0,0.0,,1018.9,,0,1,42139,Meerut
2025-01-14 09:00:00,17.0,68,0.0,,0,0.0,,1018.9,,0,1,42139,Meerut
2025-01-14 10:00:00,18.6,64,0.0,,264,3.6,,1018.2,,0,1,42139,Meerut
2025-01-14 10:00:00,18.6,64,0.0,,264,3.6,,1018.2,,0,1,42139,Meerut
2025-01-14 11:00:00,18.1,68,0.0,,284,3.6,,1018.2,,0,1,42139,Meerut
2025-01-14 11:00:00,18.1,68,0.0,,284,3.6,,1018.2,,0,1,42139,Meerut
2025-01-14 12:00:00,16.6,84,0.0,,0,0.0,,1018.3,,0,1,42139,Meerut
2025-01-14 12:00:00,16.6,84,0.0,,0,0.0,,1018.3,,0,1,42139,Meerut
2025-01-14 13:00:00,13.2,84,0.0,,336,6.5,,1018.8,,0,1,42139,Meerut
2025-01-14 13:00:00,13.2,84,0.0,,336,6.5,,1018.8,,0,1,42139,Meerut
2025-01-14 14:00:00,12.0,88,0.0,,345,6.5,,1019.4,,0,1,42139,Meerut
2025-01-14 14:00:00,12.0,88,0.0,,345,6.5,,1019.4,,0,1,42139,Meerut
2025-01-14 15:00:00,11.6,92,0.0,,52,4.0,,1020.3,,0,1,42139,Meerut
2025-01-14 15:00:00,11.6,92,0.0,,52,4.0,,1020.3,,0,1,42139,Meerut
2025-01-14 16:00:00,10.9,95,0.0,,27,3.6,,1020.6,,0,1,42139,Meerut
2025-01-14 16:00:00,10.9,95,0.0,,27,3.6,,1020.6,,0,1,42139,Meerut
2025-01-14 17:00:00,10.0,98,0.0,,12,5.4,,1020.5,,0,1,42139,Meerut
2025-01-14 17:00:00,10.0,98,0.0,,12,5.4,,1020.5,,0,1,42139,Meerut
2025-01-14 18:00:00,9.6,99,0.0,,102,2.9,,1020.4,,0,1,42139,Meerut
2025-01-14 18:00:00,9.6,99,0.0,,102,2.9,,1020.4,,0,1,42139,Meerut
2025-01-14 19:00:00,9.4,100,0.0,,146,1.4,,1020.3,,0,1,42139,Meerut
2025-01-14 19:00:00,9.4,100,0.0,,146,1.4,,1020.3,,0,1,42139,Meerut
2025-01-14 20:00:00,9.3,100,0.0,,85,2.5,,1020.1,,8,1,42139,Meerut
2025-01-14 20:00:00,9.3,100,0.0,,85,2.5,,1020.1,,8,1,42139,Meerut
2025-01-14 21:00:00,8.4,100,0.0,,74,2.2,,1019.8,,8,5,42139,Meerut
2025-01-14 21:00:00,8.4,100,0.0,,74,2.2,,1019.8,,8,5,42139,Meerut
2025-01-14 22:00:00,8.5,99,0.0,,75,3.6,,1019.9,,8,5,42139,Meerut
2025-01-14 22:00:00,8.5,99,0.0,,75,3.6,,1019.9,,8,5,42139,Meerut
2025-01-14 23:00:00,8.5,100,0.0,,70,2.9,,1020.1,,8,5,42139,Meerut
2025-01-14 23:00:00,8.5,100,0.0,,70,2.9,,1020.1,,8,5,42139,Meerut
2025-01-15 00:00:00,8.5,99,0.0,,26,2.9,,1020.5,,8,5,42139,Meerut
2025-01-15 00:00:00,8.5,99,0.0,,26,2.9,,1020.5,,8,5,42139,Meerut
2025-01-15 01:00:00,9.0,97,0.0,,47,3.6,,1021.3,,8,5,42139,Meerut
2025-01-15 01:00:00,9.0,97,0.0,,47,3.6,,1021.3,,8,5,42139,Meerut
2025-01-15 02:00:00,9.1,96,0.0,,48,4.7,,1021.9,,8,5,42139,Meerut
2025-01-15 02:00:00,9.1,96,0.0,,48,4.7,,1021.9,,8,5,42139,Meerut
2025-01-15 03:00:00,10.2,100,0.0,,0,0.0,,1023.1,,8,5,42139,Meerut
2025-01-15 03:00:00,10.2,100,0.0,,0,0.0,,1023.1,,8,5,42139,Meerut
2025-01-15 04:00:00,10.6,97,0.0,,73,4.7,,1023.2,,8,5,42139,Meerut
2025-01-15 04:00:00,10.6,97,0.0,,73,4.7,,1023.2,,8,5,42139,Meerut
2025-01-15 05:00:00,11.9,98,0.0,,78,5.4,,1023.4,,8,5,42139,Meerut
2025-01-15 05:00:00,11.9,98,0.0,,78,5.4,,1023.4,,8,5,42139,Meerut
2025-01-15 06:00:00,11.2,100,0.0,,140,3.6,,1023.4,,8,5,42139,Meerut
2025-01-15 06:00:00,11.2,100,0.0,,140,3.6,,1023.4,,8,5,42139,Meerut
2025-01-15 07:00:00,16.8,77,0.0,,120,4.7,,1021.4,,4,3,42139,Meerut
2025-01-15 07:00:00,16.8,77,0.0,,120,4.7,,1021.4,,4,3,42139,Meerut
2025-01-15 08:00:00,18.0,70,0.0,,114,4.0,,1019.7,,3,3,42139,Meerut
2025-01-15 08:00:00,18.0,70,0.0,,114,4.0,,1019.7,,3,3,42139,Meerut
2025-01-15 09:00:00,12.6,96,0.0,,50,3.6,,1020.0,,1,2,42139,Meerut
2025-01-15 09:00:00,12.6,96,0.0,,50,3.6,,1020.0,,1,2,42139,Meerut
2025-01-15 10:00:00,18.5,66,0.0,,67,3.6,,1017.6,,1,2,42139,Meerut
2025-01-15 10:00:00,18.5,66,0.0,,67,3.6,,1017.6,,1,2,42139,Meerut
2025-01-15 11:00:00,18.0,70,0.0,,140,5.8,,1017.4,,1,1,42139,Meerut
2025-01-15 11:00:00,18.0,70,0.0,,140,5.8,,1017.4,,1,1,42139,Meerut
2025-01-15 12:00:00,13.0,91,0.0,,180,3.6,,1019.8,,2,1,42139,Meerut
2025-01-15 12:00:00,13.0,91,0.0,,180,3.6,,1019.8,,2,1,42139,Meerut
2025-01-15 13:00:00,14.3,82,0.0,,169,4.3,,1018.0,,3,2,42139,Meerut
2025-01-15 13:00:00,14.3,82,0.0,,169,4.3,,1018.0,,3,2,42139,Meerut
2025-01-15 14:00:00,13.9,85,0.0,,146,6.1,,1018.6,,7,3,42139,Meerut
2025-01-15 14:00:00,13.9,85,0.0,,146,6.1,,1018.6,,7,3,42139,Meerut
2025-01-15 15:00:00,13.6,88,0.0,,134,6.1,,1018.9,,7,3,42139,Meerut
2025-01-15 15:00:00,13.6,88,0.0,,134,6.1,,1018.9,,7,3,42139,Meerut
2025-01-15 16:00:00,12.8,93,2.2,,156,7.6,,1020.0,,7,9,42139,Meerut
2025-01-15 16:00:00,12.8,93,2.2,,156,7.6,,1020.0,,7,9,42139,Meerut
2025-01-15 17:00:00,12.6,93,0.0,,129,7.6,,1020.1,,7,3,42139,Meerut
2025-01-15 17:00:00,12.6,93,0.0,,129,7.6,,1020.1,,7,3,42139,Meerut
2025-01-15 18:00:00,11.9,91,0.2,,87,6.1,,1020.3,,4,17,42139,Meerut
2025-01-15 18:00:00,11.9,91,0.2,,87,6.1,,1020.3,,4,17,42139,Meerut
2025-01-15 19:00:00,11.8,87,0.0,,19,4.3,,1020.2,,5,3,42139,Meerut
2025-01-15 19:00:00,11.8,87,0.0,,19,4.3,,1020.2,,5,3,42139,Meerut
2025-01-15 20:00:00,11.2,88,0.0,,333,4.3,,1020.1,,4,3,42139,Meerut
2025-01-15 20:00:00,11.2,88,0.0,,333,4.3,,1020.1,,4,3,42139,Meerut
2025-01-15 21:00:00,10.0,98,0.0,,24,3.6,,1019.6,,3,3,42139,Meerut
2025-01-15 21:00:00,10.0,98,0.0,,24,3.6,,1019.6,,3,3,42139,Meerut
2025-01-15 22:00:00,10.2,98,0.0,,29,6.8,,1019.0,,5,3,42139,Meerut
2025-01-15 22:00:00,10.2,98,0.0,,29,6.8,,1019.0,,5,3,42139,Meerut
2025-01-15 23:00:00,10.0,99,0.0,,27,4.0,,1019.0,,8,5,42139,Meerut
2025-01-15 23:00:00,10.0,99,0.0,,27,4.0,,1019.0,,8,5,42139,Meerut
2025-01-16 00:00:00,10.9,98,0.0,,20,4.7,,1019.3,,8,5,42139,Meerut
2025-01-16 00:00:00,10.9,98,0.0,,20,4.7,,1019.3,,8,5,42139,Meerut
2025-01-16 01:00:00,11.0,97,0.0,,60,7.2,,1019.7,,8,3,42139,Meerut
2025-01-16 01:00:00,11.0,97,0.0,,60,7.2,,1019.7,,8,3,42139,Meerut
2025-01-16 02:00:00,11.1,90,0.0,,85,6.1,,1020.7,,8,5,42139,Meerut
2025-01-16 02:00:00,11.1,90,0.0,,85,6.1,,1020.7,,8,5,42139,Meerut
2025-01-16 03:00:00,11.8,97,0.0,,0,0.0,,1022.1,,8,3,42139,Meerut
2025-01-16 03:00:00,11.8,97,0.0,,0,0.0,,1022.1,,8,3,42139,Meerut
2025-01-16 04:00:00,13.2,77,0.0,,103,6.1,,1022.3,,5,3,42139,Meerut
2025-01-16 04:00:00,13.2,77,0.0,,103,6.1,,1022.3,,5,3,42139,Meerut
2025-01-16 05:00:00,14.4,69,0.0,,124,5.8,,1022.9,,8,3,42139,Meerut
2025-01-16 05:00:00,14.4,69,0.0,,124,5.8,,1022.9,,8,3,42139,Meerut
2025-01-16 06:00:00,14.0,87,0.0,,50,5.4,,1023.1,,8,3,42139,Meerut
2025-01-16 06:00:00,14.0,87,0.0,,50,5.4,,1023.1,,8,3,42139,Meerut
2025-01-16 07:00:00,16.3,61,0.0,,82,5.0,,1022.0,,1,3,42139,Meerut
2025-01-16 07:00:00,16.3,61,0.0,,82,5.0,,1022.0,,1,3,42139,Meerut
2025-01-16 08:00:00,17.5,56,0.0,,96,5.0,,1020.8,,0,2,42139,Meerut
2025-01-16 08:00:00,17.5,56,0.0,,96,5.0,,1020.8,,0,2,42139,Meerut
2025-01-16 09:00:00,17.0,70,0.0,,110,3.6,,1020.6,,5,1,42139,Meerut
2025-01-16 09:00:00,17.0,70,0.0,,110,3.6,,1020.6,,5,1,42139,Meerut
2025-01-16 10:00:00,18.2,54,0.0,,22,4.0,,1020.0,,0,1,42139,Meerut
2025-01-16 10:00:00,18.2,54,0.0,,22,4.0,,1020.0,,0,1,42139,Meerut
2025-01-16 11:00:00,17.5,58,0.0,,353,5.4,,1020.0,,0,1,42139,Meerut
2025-01-16 11:00:00,17.5,58,0.0,,353,5.4,,1020.0,,0,1,42139,Meerut
2025-01-16 12:00:00,16.2,79,0.0,,0,0.0,,1020.7,,0,1,42139,Meerut
2025-01-16 12:00:00,16.2,79,0.0,,0,0.0,,1020.7,,0,1,42139,Meerut
2025-01-16 13:00:00,13.9,70,0.0,,344,3.6,,1020.9,,0,1,42139,Meerut
2025-01-16 13:00:00,13.9,70,0.0,,344,3.6,,1020.9,,0,1,42139,Meerut
2025-01-16 14:00:00,13.1,73,0.0,,339,4.3,,1021.7,,0,1,42139,Meerut
2025-01-16 14:00:00,13.1,73,0.0,,339,4.3,,1021.7,,0,1,42139,Meerut
2025-01-16 15:00:00,11.5,82,0.0,,340,6.5,,1022.4,,0,1,42139,Meerut
2025-01-16 15:00:00,11.5,82,0.0,,340,6.5,,1022.4,,0,1,42139,Meerut
2025-01-16 16:00:00,10.5,89,0.0,,341,8.3,,1023.0,,0,1,42139,Meerut
2025-01-16 16:00:00,10.5,89,0.0,,341,8.3,,1023.0,,0,1,42139,Meerut
2025-01-16 17:00:00,10.6,91,0.0,,341,9.4,,1023.1,,0,1,42139,Meerut
2025-01-16 17:00:00,10.6,91,0.0,,341,9.4,,1023.1,,0,1,42139,Meerut
2025-01-16 18:00:00,10.5,93,0.0,,339,10.1,,1022.9,,0,1,42139,Meerut
2025-01-16 18:00:00,10.5,93,0.0,,339,10.1,,1022.9,,0,1,42139,Meerut
2025-01-16 19:00:00,10.0,94,0.0,,329,9.4,,1022.7,,0,1,42139,Meerut
2025-01-16 19:00:00,10.0,94,0.0,,329,9.4,,1022.7,,0,1,42139,Meerut
2025-01-16 20:00:00,9.7,94,0.0,,327,10.1,,1022.1,,0,1,42139,Meerut
2025-01-16 20:00:00,9.7,94,0.0,,327,10.1,,1022.1,,0,1,42139,Meerut
2025-01-16 21:00:00,9.4,94,0.0,,322,10.4,,1021.8,,0,1,42139,Meerut
2025-01-16 21:00:00,9.4,94,0.0,,322,10.4,,1021.8,,0,1,42139,Meerut
2025-01-16 22:00:00,9.4,94,0.0,,320,12.2,,1021.5,,0,1,42139,Meerut
2025-01-16 22:00:00,9.4,94,0.0,,320,12.2,,1021.5,,0,1,42139,Meerut
2025-01-16 23:00:00,9.3,94,0.0,,322,11.9,,1021.1,,0,1,42139,Meerut
2025-01-16 23:00:00,9.3,94,0.0,,322,11.9,,1021.1,,0,1,42139,Meerut
2025-01-17 00:00:00,9.0,94,0.0,,324,11.2,,1021.2,,0,1,42139,Meerut
2025-01-17 00:00:00,9.0,94,0.0,,324,11.2,,1021.2,,0,1,42139,Meerut
2025-01-17 01:00:00,8.7,94,0.0,,324,11.9,,1021.3,,0,1,42139,Meerut
2025-01-17 01:00:00,8.7,94,0.0,,324,11.9,,1021.3,,0,1,42139,Meerut
2025-01-17 02:00:00,8.6,93,0.0,,324,11.9,,1021.6,,0,1,42139,Meerut
2025-01-17 02:00:00,8.6,93,0.0,,324,11.9,,1021.6,,0,1,42139,Meerut
2025-01-17 03:00:00,10.4,92,0.0,,290,3.6,,1022.3,,0,1,42139,Meerut
2025-01-17 03:00:00,10.4,92,0.0,,290,3.6,,1022.3,,0,1,42139,Meerut
2025-01-17 04:00:00,12.3,82,0.0,,318,8.6,,1022.4,,0,1,42139,Meerut
2025-01-17 04:00:00,12.3,82,0.0,,318,8.6,,1022.4,,0,1,42139,Meerut
2025-01-17 05:00:00,14.6,75,0.0,,309,7.2,,1022.4,,0,1,42139,Meerut
2025-01-17 05:00:00,14.6,75,0.0,,309,7.2,,1022.4,,0,1,42139,Meerut
2025-01-17 06:00:00,15.6,71,0.0,,230,3.6,,1021.4,,0,1,42139,Meerut
2025-01-17 06:00:00,15.6,71,0.0,,230,3.6,,1021.4,,0,1,42139,Meerut
2025-01-17 07:00:00,18.7,61,0.0,,289,9.7,,1020.0,,0,1,42139,Meerut
2025-01-17 07:00:00,18.7,61,0.0,,289,9.7,,1020.0,,0,1,42139,Meerut
2025-01-17 08:00:00,19.8,56,0.0,,289,10.8,,1018.5,,0,1,42139,Meerut
2025-01-17 08:00:00,19.8,56,0.0,,289,10.8,,1018.5,,0,1,42139,Meerut
2025-01-17 09:00:00,17.6,65,0.0,,320,5.4,,1018.1,,0,1,42139,Meerut
2025-01-17 09:00:00,17.6,65,0.0,,320,5.4,,1018.1,,0,1,42139,Meerut
2025-01-17 10:00:00,19.7,54,0.0,,286,14.4,,1017.0,,0,1,42139,Meerut
2025-01-17 10:00:00,19.7,54,0.0,,286,14.4,,1017.0,,0,1,42139,Meerut
2025-01-17 11:00:00,18.6,61,0.0,,287,12.2,,1016.9,,0,1,42139,Meerut
2025-01-17 11:00:00,18.6,61,0.0,,287,12.2,,1016.9,,0,1,42139,Meerut
2025-01-17 12:00:00,14.0,80,0.0,,320,5.4,,1018.1,,0,1,42139,Meerut
2025-01-17 12:00:00,14.0,80,0.0,,320,5.4,,1018.1,,0,1,42139,Meerut
2025-01-17 13:00:00,13.3,83,0.0,,298,10.8,,1017.6,,0,1,42139,Meerut
2025-01-17 13:00:00,13.3,83,0.0,,298,10.8,,1017.6,,0,1,42139,Meerut
2025-01-17 14:00:00,12.2,88,0.0,,302,11.5,,1018.6,,0,1,42139,Meerut
2025-01-17 14:00:00,12.2,88,0.0,,302,11.5,,1018.6,,0,1,42139,Meerut
2025-01-17 15:00:00,11.5,90,0.0,,310,11.5,,1018.9,,0,1,42139,Meerut
2025-01-17 15:00:00,11.5,90,0.0,,310,11.5,,1018.9,,0,1,42139,Meerut
2025-01-17 16:00:00,11.0,92,0.0,,312,11.2,,1019.2,,0,1,42139,Meerut
2025-01-17 16:00:00,11.0,92,0.0,,312,11.2,,1019.2,,0,1,42139,Meerut
2025-01-17 17:00:00,10.4,94,0.0,,322,10.1,,1019.3,,0,1,42139,Meerut
2025-01-17 17:00:00,10.4,94,0.0,,322,10.1,,1019.3,,0,1,42139,Meerut
2025-01-17 18:00:00,9.6,96,0.0,,312,9.7,,1019.6,,7,1,42139,Meerut
2025-01-17 18:00:00,9.6,96,0.0,,312,9.7,,1019.6,,7,1,42139,Meerut
2025-01-17 19:00:00,8.6,97,0.0,,298,8.6,,1019.5,,7,3,42139,Meerut
2025-01-17 19:00:00,8.6,97,0.0,,298,8.6,,1019.5,,7,3,42139,Meerut
2025-01-17 20:00:00,8.2,97,0.0,,286,6.8,,1019.0,,8,3,42139,Meerut
2025-01-17 20:00:00,8.2,97,0.0,,286,6.8,,1019.0,,8,3,42139,Meerut
2025-01-17 21:00:00,7.9,98,0.0,,280,5.8,,1018.2,,2,3,42139,Meerut
2025-01-17 21:00:00,7.9,98,0.0,,280,5.8,,1018.2,,2,3,42139,Meerut
2025-01-17 22:00:00,7.1,99,0.0,,284,7.6,,1018.3,,8,2,42139,Meerut
2025-01-17 22:00:00,7.1,99,0.0,,284,7.6,,1018.3,,8,2,42139,Meerut
2025-01-17 23:00:00,7.2,99,0.0,,280,8.3,,1018.3,,0,3,42139,Meerut
2025-01-17 23:00:00,7.2,99,0.0,,280,8.3,,1018.3,,0,3,42139,Meerut
2025-01-18 00:00:00,6.8,100,0.0,,273,8.3,,1018.4,,8,1,42139,Meerut
2025-01-18 00:00:00,6.8,100,0.0,,273,8.3,,1018.4,,8,1,42139,Meerut
2025-01-18 01:00:00,7.7,100,0.0,,272,8.6,,1019.0,,8,5,42139,Meerut
2025-01-18 01:00:00,7.7,100,0.0,,272,8.6,,1019.0,,8,5,42139,Meerut
2025-01-18 02:00:00,8.0,100,0.0,,281,10.1,,1019.9,,8,5,42139,Meerut
2025-01-18 02:00:00,8.0,100,0.0,,281,10.1,,1019.9,,8,5,42139,Meerut
2025-01-18 03:00:00,10.2,97,0.0,,0,0.0,,1021.0,,8,5,42139,Meerut
2025-01-18 03:00:00,10.2,97,0.0,,0,0.0,,1021.0,,8,5,42139,Meerut
2025-01-18 04:00:00,9.5,97,0.0,,302,7.9,,1021.5,,8,5,42139,Meerut
2025-01-18 04:00:00,9.5,97,0.0,,302,7.9,,1021.5,,8,5,42139,Meerut
2025-01-18 05:00:00,11.8,88,0.0,,320,5.8,,1021.8,,8,5,42139,Meerut
2025-01-18 05:00:00,11.8,88,0.0,,320,5.8,,1021.8,,8,5,42139,Meerut
2025-01-18 06:00:00,11.2,95,0.0,,180,3.6,,1021.0,,8,3,42139,Meerut
2025-01-18 06:00:00,11.2,95,0.0,,180,3.6,,1021.0,,8,3,42139,Meerut
2025-01-18 07:00:00,15.3,75,0.0,,318,6.1,,1020.2,,8,3,42139,Meerut
2025-01-18 07:00:00,15.3,75,0.0,,318,6.1,,1020.2,,8,3,42139,Meerut
2025-01-18 08:00:00,16.4,70,0.0,,311,7.2,,1018.7,,1,3,42139,Meerut
2025-01-18 08:00:00,16.4,70,0.0,,311,7.2,,1018.7,,1,3,42139,Meerut
2025-01-18 09:00:00,16.2,71,0.0,,320,5.4,,1018.1,,5,1,42139,Meerut
2025-01-18 09:00:00,16.2,71,0.0,,320,5.4,,1018.1,,5,1,42139,Meerut
2025-01-18 10:00:00,18.5,63,0.0,,310,7.2,,1016.7,,4,2,42139,Meerut
2025-01-18 10:00:00,18.5,63,0.0,,310,7.2,,1016.7,,4,2,42139,Meerut
2025-01-18 11:00:00,17.8,67,0.0,,321,4.3,,1016.2,,1,3,42139,Meerut
2025-01-18 11:00:00,17.8,67,0.0,,321,4.3,,1016.2,,1,3,42139,Meerut
2025-01-18 12:00:00,15.6,81,0.0,,0,0.0,,1016.5,,3,1,42139,Meerut
2025-01-18 12:00:00,15.6,81,0.0,,0,0.0,,1016.5,,3,1,42139,Meerut
2025-01-18 13:00:00,13.9,80,0.0,,318,6.5,,1016.4,,5,3,42139,Meerut
2025-01-18 13:00:00,13.9,80,0.0,,318,6.5,,1016.4,,5,3,42139,Meerut
2025-01-18 14:00:00,12.0,84,0.0,,334,5.0,,1016.4,,2,3,42139,Meerut
2025-01-18 14:00:00,12.0,84,0.0,,334,5.0,,1016.4,,2,3,42139,Meerut
2025-01-18 15:00:00,9.9,92,0.0,,301,6.1,,1017.2,,6,2,42139,Meerut
2025-01-18 15:00:00,9.9,92,0.0,,301,6.1,,1017.2,,6,2,42139,Meerut
2025-01-18 16:00:00,10.5,93,0.0,,304,8.3,,1017.6,,4,3,42139,Meerut
2025-01-18 16:00:00,10.5,93,0.0,,304,8.3,,1017.6,,4,3,42139,Meerut
2025-01-18 17:00:00,9.5,96,0.0,,303,8.3,,1018.2,,3,3,42139,Meerut
2025-01-18 17:00:00,9.5,96,0.0,,303,8.3,,1018.2,,3,3,42139,Meerut
2025-01-18 18:00:00,8.3,98,0.0,,295,9.0,,1018.2,,4,2,42139,Meerut
2025-01-18 18:00:00,8.3,98,0.0,,295,9.0,,1018.2,,4,2,42139,Meerut
2025-01-18 19:00:00,8.0,99,0.0,,305,9.7,,1018.1,,7,3,42139,Meerut
2025-01-18 19:00:00,8.0,99,0.0,,305,9.7,,1018.1,,7,3,42139,Meerut
2025-01-18 20:00:00,8.1,100,0.0,,308,8.3,,1017.7,,8,3,42139,Meerut
2025-01-18 20:00:00,8.1,100,0.0,,308,8.3,,1017.7,,8,3,42139,Meerut
2025-01-18 21:00:00,8.4,100,0.0,,298,6.1,,1017.4,,8,5,42139,Meerut
2025-01-18 21:00:00,8.4,100,0.0,,298,6.1,,1017.4,,8,5,42139,Meerut
2025-01-18 22:00:00,7.8,100,0.0,,299,6.5,,1017.3,,8,5,42139,Meerut
2025-01-18 22:00:00,7.8,100,0.0,,299,6.5,,1017.3,,8,5,42139,Meerut
2025-01-18 23:00:00,8.0,100,0.0,,296,5.8,,1017.0,,8,5,42139,Meerut
2025-01-18 23:00:00,8.0,100,0.0,,296,5.8,,1017.0,,8,5,42139,Meerut
2025-01-19 00:00:00,8.1,98,0.0,,290,6.5,,1017.3,,8,5,42139,Meerut
2025-01-19 00:00:00,8.1,98,0.0,,290,6.5,,1017.3,,8,5,42139,Meerut
2025-01-19 01:00:00,8.6,99,0.0,,268,6.1,,1017.5,,8,5,42139,Meerut
2025-01-19 01:00:00,8.6,99,0.0,,268,6.1,,1017.5,,8,5,42139,Meerut
2025-01-19 02:00:00,8.5,99,0.0,,288,7.2,,1018.2,,8,5,42139,Meerut
2025-01-19 02:00:00,8.5,99,0.0,,288,7.2,,1018.2,,8,5,42139,Meerut
2025-01-19 03:00:00,10.0,97,0.0,,0,0.0,,1019.9,,8,5,42139,Meerut
2025-01-19 03:00:00,10.0,97,0.0,,0,0.0,,1019.9,,8,5,42139,Meerut
2025-01-19 04:00:00,11.3,91,0.0,,312,6.5,,1019.5,,8,5,42139,Meerut
2025-01-19 04:00:00,11.3,91,0.0,,312,6.5,,1019.5,,8,5,42139,Meerut
2025-01-19 05:00:00,12.7,91,0.0,,340,5.8,,1020.0,,5,5,42139,Meerut
2025-01-19 05:00:00,12.7,91,0.0,,340,5.8,,1020.0,,5,5,42139,Meerut
2025-01-19 06:00:00,17.6,72,0.0,,50,3.6,,1019.5,,4,3,42139,Meerut
2025-01-19 06:00:00,17.6,72,0.0,,50,3.6,,1019.5,,4,3,42139,Meerut
2025-01-19 07:00:00,18.0,68,0.0,,320,6.1,,1018.7,,5,3,42139,Meerut
2025-01-19 07:00:00,18.0,68,0.0,,320,6.1,,1018.7,,5,3,42139,Meerut
2025-01-19 08:00:00,20.0,58,0.0,,313,7.2,,1017.1,,3,3,42139,Meerut
2025-01-19 08:00:00,20.0,58,0.0,,313,7.2,,1017.1,,3,3,42139,Meerut
2025-01-19 09:00:00,23.2,51,0.0,,290,3.6,,1015.6,,4,3,42139,Meerut
2025-01-19 09:00:00,23.2,51,0.0,,290,3.6,,1015.6,,4,3,42139,Meerut
2025-01-19 10:00:00,21.2,55,0.0,,304,9.4,,1015.3,,3,3,42139,Meerut
2025-01-19 10:00:00,21.2,55,0.0,,304,9.4,,1015.3,,3,3,42139,Meerut
2025-01-19 11:00:00,20.7,65,0.0,,321,7.9,,1015.0,,7,2,42139,Meerut
2025-01-19 11:00:00,20.7,65,0.0,,321,7.9,,1015.0,,7,2,42139,Meerut
2025-01-19 12:00:00,20.8,75,0.0,,0,0.0,,1014.7,,2,3,42139,Meerut
2025-01-19 12:00:00,20.8,75,0.0,,0,0.0,,1014.7,,2,3,42139,Meerut
2025-01-19 13:00:00,15.3,82,0.0,,313,9.7,,1015.2,,8,3,42139,Meerut
2025-01-19 13:00:00,15.3,82,0.0,,313,9.7,,1015.2,,8,3,42139,Meerut
2025-01-19 14:00:00,14.3,85,0.0,,318,9.4,,1015.4,,8,3,42139,Meerut
2025-01-19 14:00:00,14.3,85,0.0,,318,9.4,,1015.4,,8,3,42139,Meerut
2025-01-19 15:00:00,13.7,86,0.0,,319,8.6,,1015.7,,1,3,42139,Meerut
2025-01-19 15:00:00,13.7,86,0.0,,319,8.6,,1015.7,,1,3,42139,Meerut
2025-01-19 16:00:00,13.5,86,0.0,,328,7.9,,1016.5,,2,1,42139,Meerut
2025-01-19 16:00:00,13.5,86,0.0,,328,7.9,,1016.5,,2,1,42139,Meerut
2025-01-19 17:00:00,12.8,89,0.0,,307,8.3,,1016.2,,0,2,42139,Meerut
2025-01-19 17:00:00,12.8,89,0.0,,307,8.3,,1016.2,,0,2,42139,Meerut
2025-01-19 18:00:00,12.5,92,0.0,,305,10.1,,1016.0,,1,1,42139,Meerut
2025-01-19 18:00:00,12.5,92,0.0,,305,10.1,,1016.0,,1,1,42139,Meerut
2025-01-19 19:00:00,12.6,92,0.0,,310,10.4,,1015.9,,0,2,42139,Meerut
2025-01-19 19:00:00,12.6,92,0.0,,310,10.4,,1015.9,,0,2,42139,Meerut
2025-01-19 20:00:00,12.4,92,0.0,,312,10.4,,1015.5,,0,1,42139,Meerut
2025-01-19 20:00:00,12.4,92,0.0,,312,10.4,,1015.5,,0,1,42139,Meerut
2025-01-19 21:00:00,11.6,92,0.0,,316,9.7,,1014.6,,0,1,42139,Meerut
2025-01-19 21:00:00,11.6,92,0.0,,316,9.7,,1014.6,,0,1,42139,Meerut
2025-01-19 22:00:00,11.4,92,0.0,,308,10.1,,1014.4,,0,1,42139,Meerut
2025-01-19 22:00:00,11.4,92,0.0,,308,10.1,,1014.4,,0,1,42139,Meerut
2025-01-19 23:00:00,11.3,92,0.0,,305,10.4,,1014.1,,0,1,42139,Meerut
2025-01-19 23:00:00,11.3,92,0.0,,305,10.4,,1014.1,,0,1,42139,Meerut
2025-01-20 00:00:00,11.0,93,0.0,,296,10.1,,1014.1,,1,1,42139,Meerut
2025-01-20 00:00:00,11.0,93,0.0,,296,10.1,,1014.1,,1,1,42139,Meerut
2025-01-20 01:00:00,10.9,93,0.0,,287,10.1,,1014.8,,2,1,42139,Meerut
2025-01-20 01:00:00,10.9,93,0.0,,287,10.1,,1014.8,,2,1,42139,Meerut
2025-01-20 02:00:00,11.2,92,0.0,,287,11.2,,1015.7,,0,2,42139,Meerut
2025-01-20 02:00:00,11.2,92,0.0,,287,11.2,,1015.7,,0,2,42139,Meerut
2025-01-20 03:00:00,12.6,86,0.0,,230,5.4,,1016.3,,3,1,42139,Meerut
2025-01-20 03:00:00,12.6,86,0.0,,230,5.4,,1016.3,,3,1,42139,Meerut
2025-01-20 04:00:00,15.4,84,0.0,,297,9.7,,1016.7,,0,1,42139,Meerut
2025-01-20 04:00:00,15.4,84,0.0,,297,9.7,,1016.7,,0,1,42139,Meerut
2025-01-20 05:00:00,17.8,78,0.0,,294,7.9,,1016.9,,0,1,42139,Meerut
2025-01-20 05:00:00,17.8,78,0.0,,294,7.9,,1016.9,,0,1,42139,Meerut
2025-01-20 06:00:00,21.0,57,0.0,,180,3.6,,1016.3,,0,1,42139,Meerut
2025-01-20 06:00:00,21.0,57,0.0,,180,3.6,,1016.3,,0,1,42139,Meerut
2025-01-20 07:00:00,22.2,62,0.0,,302,15.1,,1015.7,,0,1,42139,Meerut
2025-01-20 07:00:00,22.2,62,0.0,,302,15.1,,1015.7,,0,1,42139,Meerut
2025-01-20 08:00:00,22.9,59,0.0,,300,16.2,,1014.6,,0,1,42139,Meerut
2025-01-20 08:00:00,22.9,59,0.0,,300,16.2,,1014.6,,0,1,42139,Meerut
2025-01-20 09:00:00,24.2,50,0.0,,230,7.6,,1013.1,,3,1,42139,Meerut
2025-01-20 09:00:00,24.2,50,0.0,,230,7.6,,1013.1,,3,1,42139,Meerut
2025-01-20 10:00:00,22.5,61,0.0,,294,15.1,,1013.4,,0,1,42139,Meerut
2025-01-20 10:00:00,22.5,61,0.0,,294,15.1,,1013.4,,0,1,42139,Meerut
2025-01-20 11:00:00,21.5,66,0.0,,295,13.3,,1013.2,,0,1,42139,Meerut
2025-01-20 11:00:00,21.5,66,0.0,,295,13.3,,1013.2,,0,1,42139,Meerut
2025-01-20 12:00:00,21.4,62,0.0,,230,3.6,,1012.5,,2,1,42139,Meerut
2025-01-20 12:00:00,21.4,62,0.0,,230,3.6,,1012.5,,2,1,42139,Meerut
2025-01-20 13:00:00,16.8,86,0.0,,294,11.5,,1013.5,,0,1,42139,Meerut
2025-01-20 13:00:00,16.8,86,0.0,,294,11.5,,1013.5,,0,1,42139,Meerut
2025-01-20 14:00:00,16.0,90,0.0,,297,12.2,,1014.0,,0,1,42139,Meerut
2025-01-20 14:00:00,16.0,90,0.0,,297,12.2,,1014.0,,0,1,42139,Meerut
2025-01-20 15:00:00,15.5,91,0.0,,303,12.2,,1014.5,,0,1,42139,Meerut
2025-01-20 15:00:00,15.5,91,0.0,,303,12.2,,1014.5,,0,1,42139,Meerut
2025-01-20 16:00:00,15.0,91,0.0,,310,13.0,,1014.8,,0,1,42139,Meerut
2025-01-20 16:00:00,15.0,91,0.0,,310,13.0,,1014.8,,0,1,42139,Meerut
2025-01-20 17:00:00,14.8,92,0.0,,309,12.6,,1015.2,,0,1,42139,Meerut
2025-01-20 17:00:00,14.8,92,0.0,,309,12.6,,1015.2,,0,1,42139,Meerut
2025-01-20 18:00:00,14.4,93,0.0,,313,13.0,,1015.2,,0,1,42139,Meerut
2025-01-20 18:00:00,14.4,93,0.0,,313,13.0,,1015.2,,0,1,42139,Meerut
2025-01-20 19:00:00,13.9,93,0.0,,312,11.9,,1014.8,,0,1,42139,Meerut
2025-01-20 19:00:00,13.9,93,0.0,,312,11.9,,1014.8,,0,1,42139,Meerut
2025-01-20 20:00:00,13.2,94,0.0,,304,10.8,,1014.6,,0,1,42139,Meerut
2025-01-20 20:00:00,13.2,94,0.0,,304,10.8,,1014.6,,0,1,42139,Meerut
2025-01-20 21:00:00,12.5,94,0.0,,300,10.1,,1014.2,,0,1,42139,Meerut
2025-01-20 21:00:00,12.5,94,0.0,,300,10.1,,1014.2,,0,1,42139,Meerut
2025-01-20 22:00:00,12.1,92,0.0,,301,10.1,,1013.6,,0,1,42139,Meerut
2025-01-20 22:00:00,12.1,92,0.0,,301,10.1,,1013.6,,0,1,42139,Meerut
2025-01-20 23:00:00,11.5,93,0.0,,303,10.1,,1013.3,,0,1,42139,Meerut
2025-01-20 23:00:00,11.5,93,0.0,,303,10.1,,1013.3,,0,1,42139,Meerut
2025-01-21 00:00:00,11.2,93,0.0,,305,10.1,,1013.3,,0,1,42139,Meerut
2025-01-21 00:00:00,11.2,93,0.0,,305,10.1,,1013.3,,0,1,42139,Meerut
2025-01-21 01:00:00,10.8,93,0.0,,305,10.1,,1013.8,,0,1,42139,Meerut
2025-01-21 01:00:00,10.8,93,0.0,,305,10.1,,1013.8,,0,1,42139,Meerut
2025-01-21 02:00:00,10.6,93,0.0,,302,9.7,,1014.2,,0,1,42139,Meerut
2025-01-21 02:00:00,10.6,93,0.0,,302,9.7,,1014.2,,0,1,42139,Meerut
2025-01-21 03:00:00,12.2,86,0.0,,230,3.6,,1014.5,,0,1,42139,Meerut
2025-01-21 03:00:00,12.2,86,0.0,,230,3.6,,1014.5,,0,1,42139,Meerut
2025-01-21 04:00:00,14.9,82,0.0,,286,9.0,,1015.6,,0,1,42139,Meerut
2025-01-21 04:00:00,14.9,82,0.0,,286,9.0,,1015.6,,0,1,42139,Meerut
2025-01-21 05:00:00,17.2,73,0.0,,284,9.4,,1016.3,,0,1,42139,Meerut
2025-01-21 05:00:00,17.2,73,0.0,,284,9.4,,1016.3,,0,1,42139,Meerut
2025-01-21 06:00:00,19.0,63,0.0,,230,3.6,,1015.6,,2,1,42139,Meerut
2025-01-21 06:00:00,19.0,63,0.0,,230,3.6,,1015.6,,2,1,42139,Meerut
2025-01-21 07:00:00,21.0,59,0.0,,283,10.8,,1014.7,,0,1,42139,Meerut
2025-01-21 07:00:00,21.0,59,0.0,,283,10.8,,1014.7,,0,1,42139,Meerut
2025-01-21 08:00:00,21.9,55,0.0,,290,11.9,,1013.4,,0,1,42139,Meerut
2025-01-21 08:00:00,21.9,55,0.0,,290,11.9,,1013.4,,0,1,42139,Meerut
2025-01-21 09:00:00,22.4,48,0.0,,270,7.6,,1012.1,,0,1,42139,Meerut
2025-01-21 09:00:00,22.4,48,0.0,,270,7.6,,1012.1,,0,1,42139,Meerut
2025-01-21 10:00:00,21.6,57,0.0,,288,13.7,,1012.0,,0,1,42139,Meerut
2025-01-21 10:00:00,21.6,57,0.0,,288,13.7,,1012.0,,0,1,42139,Meerut
2025-01-21 11:00:00,20.5,63,0.0,,285,12.2,,1011.9,,0,1,42139,Meerut
2025-01-21 11:00:00,20.5,63,0.0,,285,12.2,,1011.9,,0,1,42139,Meerut
2025-01-21 12:00:00,20.6,56,0.0,,0,0.0,,1011.1,,0,1,42139,Meerut
2025-01-21 12:00:00,20.6,56,0.0,,0,0.0,,1011.1,,0,1,42139,Meerut
2025-01-21 13:00:00,16.3,78,0.0,,294,14.0,,1012.1,,0,1,42139,Meerut
2025-01-21 13:00:00,16.3,78,0.0,,294,14.0,,1012.1,,0,1,42139,Meerut
2025-01-21 14:00:00,15.6,84,0.0,,293,13.3,,1013.3,,0,1,42139,Meerut
2025-01-21 14:00:00,15.6,84,0.0,,293,13.3,,1013.3,,0,1,42139,Meerut
2025-01-21 15:00:00,14.6,88,0.0,,294,12.2,,1013.9,,0,1,42139,Meerut
2025-01-21 15:00:00,14.6,88,0.0,,294,12.2,,1013.9,,0,1,42139,Meerut
2025-01-21 16:00:00,13.8,89,0.0,,296,11.5,,1014.2,,0,1,42139,Meerut
2025-01-21 16:00:00,13.8,89,0.0,,296,11.5,,1014.2,,0,1,42139,Meerut
2025-01-21 17:00:00,13.2,90,0.0,,302,10.8,,1014.4,,0,1,42139,Meerut
2025-01-21 17:00:00,13.2,90,0.0,,302,10.8,,1014.4,,0,1,42139,Meerut
2025-01-21 18:00:00,12.5,92,0.0,,303,10.4,,1014.4,,0,1,42139,Meerut
2025-01-21 18:00:00,12.5,92,0.0,,303,10.4,,1014.4,,0,1,42139,Meerut
2025-01-21 19:00:00,11.9,93,0.0,,310,10.1,,1014.3,,0,1,42139,Meerut
2025-01-21 19:00:00,11.9,93,0.0,,310,10.1,,1014.3,,0,1,42139,Meerut
2025-01-21 20:00:00,11.3,94,0.0,,313,9.7,,1014.3,,0,1,42139,Meerut
2025-01-21 20:00:00,11.3,94,0.0,,313,9.7,,1014.3,,0,1,42139,Meerut
2025-01-21 21:00:00,10.8,94,0.0,,313,9.7,,1014.0,,0,1,42139,Meerut
2025-01-21 21:00:00,10.8,94,0.0,,313,9.7,,1014.0,,0,1,42139,Meerut
2025-01-21 22:00:00,10.4,95,0.0,,311,9.7,,1013.5,,0,1,42139,Meerut
2025-01-21 22:00:00,10.4,95,0.0,,311,9.7,,1013.5,,0,1,42139,Meerut
2025-01-21 23:00:00,10.1,95,0.0,,311,10.4,,1012.9,,0,1,42139,Meerut
2025-01-21 23:00:00,10.1,95,0.0,,311,10.4,,1012.9,,0,1,42139,Meerut
2025-01-22 00:00:00,9.5,96,0.0,,319,9.0,,1012.8,,0,1,42139,Meerut
2025-01-22 00:00:00,9.5,96,0.0,,319,9.0,,1012.8,,0,1,42139,Meerut
2025-01-22 01:00:00,9.1,96,0.0,,314,8.6,,1013.4,,0,1,42139,Meerut
2025-01-22 01:00:00,9.1,96,0.0,,314,8.6,,1013.4,,0,1,42139,Meerut
2025-01-22 02:00:00,9.0,96,0.0,,311,8.6,,1013.9,,0,1,42139,Meerut
2025-01-22 02:00:00,9.0,96,0.0,,311,8.6,,1013.9,,0,1,42139,Meerut
2025-01-22 03:00:00,11.8,92,0.0,,0,0.0,,1014.8,,0,1,42139,Meerut
2025-01-22 03:00:00,11.8,92,0.0,,0,0.0,,1014.8,,0,1,42139,Meerut
2025-01-22 04:00:00,14.2,84,0.0,,309,5.4,,1015.0,,0,1,42139,Meerut
2025-01-22 04:00:00,14.2,84,0.0,,309,5.4,,1015.0,,0,1,42139,Meerut
2025-01-22 05:00:00,16.9,77,0.0,,319,5.0,,1015.8,,0,1,42139,Meerut
2025-01-22 05:00:00,16.9,77,0.0,,319,5.0,,1015.8,,0,1,42139,Meerut
2025-01-22 06:00:00,19.2,60,0.0,,270,3.6,,1015.5,,0,1,42139,Meerut
2025-01-22 06:00:00,19.2,60,0.0,,270,3.6,,1015.5,,0,1,42139,Meerut
2025-01-22 07:00:00,21.6,61,0.0,,332,5.8,,1014.3,,0,1,42139,Meerut
2025-01-22 07:00:00,21.6,61,0.0,,332,5.8,,1014.3,,0,1,42139,Meerut
2025-01-22 08:00:00,22.8,51,0.0,,340,6.8,,1013.0,,0,1,42139,Meerut
2025-01-22 08:00:00,22.8,51,0.0,,340,6.8,,1013.0,,0,1,42139,Meerut
2025-01-22 09:00:00,24.2,38,0.0,,270,5.4,,1012.0,,0,1,42139,Meerut
2025-01-22 09:00:00,24.2,38,0.0,,270,5.4,,1012.0,,0,1,42139,Meerut
2025-01-22 10:00:00,22.8,47,0.0,,327,6.5,,1011.5,,0,1,42139,Meerut
2025-01-22 10:00:00,22.8,47,0.0,,327,6.5,,1011.5,,0,1,42139,Meerut
2025-01-22 11:00:00,21.7,62,0.0,,303,3.6,,1011.3,,0,1,42139,Meerut
2025-01-22 11:00:00,21.7,62,0.0,,303,3.6,,1011.3,,0,1,42139,Meerut
2025-01-22 12:00:00,20.6,63,0.0,,0,0.0,,1011.6,,1,1,42139,Meerut
2025-01-22 12:00:00,20.6,63,0.0,,0,0.0,,1011.6,,1,1,42139,Meerut
2025-01-22 13:00:00,16.7,74,0.0,,282,7.6,,1012.1,,1,2,42139,Meerut
2025-01-22 13:00:00,16.7,74,0.0,,282,7.6,,1012.1,,1,2,42139,Meerut
2025-01-22 14:00:00,15.8,79,0.0,,292,9.7,,1013.0,,1,2,42139,Meerut
2025-01-22 14:00:00,15.8,79,0.0,,292,9.7,,1013.0,,1,2,42139,Meerut
2025-01-22 15:00:00,14.5,83,0.0,,300,9.4,,1013.9,,2,2,42139,Meerut
2025-01-22 15:00:00,14.5,83,0.0,,300,9.4,,1013.9,,2,2,42139,Meerut
2025-01-22 16:00:00,14.6,83,0.0,,320,11.2,,1014.3,,3,2,42139,Meerut
2025-01-22 16:00:00,14.6,83,0.0,,320,11.2,,1014.3,,3,2,42139,Meerut
2025-01-22 17:00:00,15.1,80,0.0,,322,13.3,,1014.8,,3,2,42139,Meerut
2025-01-22 17:00:00,15.1,80,0.0,,322,13.3,,1014.8,,3,2,42139,Meerut
2025-01-22 18:00:00,14.6,81,0.2,,313,17.3,,1015.2,,5,17,42139,Meerut
2025-01-22 18:00:00,14.6,81,0.2,,313,17.3,,1015.2,,5,17,42139,Meerut
2025-01-22 19:00:00,14.0,83,5.3,,307,16.2,,1015.1,,6,18,42139,Meerut
2025-01-22 19:00:00,14.0,83,5.3,,307,16.2,,1015.1,,6,18,42139,Meerut
2025-01-22 20:00:00,13.7,87,8.2,,324,15.5,,1014.8,,5,18,42139,Meerut
2025-01-22 20:00:00,13.7,87,8.2,,324,15.5,,1014.8,,5,18,42139,Meerut
2025-01-22 21:00:00,13.3,90,0.0,,297,10.8,,1014.1,,3,3,42139,Meerut
2025-01-22 21:00:00,13.3,90,0.0,,297,10.8,,1014.1,,3,3,42139,Meerut
2025-01-22 22:00:00,12.3,92,0.0,,329,6.8,,1013.7,,7,3,42139,Meerut
2025-01-22 22:00:00,12.3,92,0.0,,329,6.8,,1013.7,,7,3,42139,Meerut
2025-01-22 23:00:00,12.7,92,0.0,,212,6.8,,1013.8,,6,3,42139,Meerut
2025-01-22 23:00:00,12.7,92,0.0,,212,6.8,,1013.8,,6,3,42139,Meerut
2025-01-23 00:00:00,12.3,93,0.0,,299,5.4,,1013.9,,7,3,42139,Meerut
2025-01-23 00:00:00,12.3,93,0.0,,299,5.4,,1013.9,,7,3,42139,Meerut
2025-01-23 01:00:00,11.2,95,0.0,,308,6.5,,1014.3,,0,3,42139,Meerut
2025-01-23 01:00:00,11.2,95,0.0,,308,6.5,,1014.3,,0,3,42139,Meerut
2025-01-23 02:00:00,10.4,96,0.0,,315,7.9,,1014.8,,1,1,42139,Meerut
2025-01-23 02:00:00,10.4,96,0.0,,315,7.9,,1014.8,,1,1,42139,Meerut
2025-01-23 03:00:00,13.0,93,0.0,,0,0.0,,1015.3,,1,1,42139,Meerut
2025-01-23 03:00:00,13.0,93,0.0,,0,0.0,,1015.3,,1,1,42139,Meerut
2025-01-23 04:00:00,15.0,88,0.0,,320,7.2,,1016.1,,0,1,42139,Meerut
2025-01-23 04:00:00,15.0,88,0.0,,320,7.2,,1016.1,,0,1,42139,Meerut
2025-01-23 05:00:00,17.6,77,0.0,,310,7.6,,1016.7,,0,1,42139,Meerut
2025-01-23 05:00:00,17.6,77,0.0,,310,7.6,,1016.7,,0,1,42139,Meerut
2025-01-23 06:00:00,19.7,68,0.0,,306,10.1,,1016.4,,0,1,42139,Meerut
2025-01-23 06:00:00,19.7,68,0.0,,306,10.1,,1016.4,,0,1,42139,Meerut
2025-01-23 07:00:00,21.1,59,0.0,,304,10.8,,1015.5,,0,1,42139,Meerut
2025-01-23 07:00:00,21.1,59,0.0,,304,10.8,,1015.5,,0,1,42139,Meerut
2025-01-23 08:00:00,22.1,48,0.0,,310,12.6,,1014.6,,0,1,42139,Meerut
2025-01-23 08:00:00,22.1,48,0.0,,310,12.6,,1014.6,,0,1,42139,Meerut
2025-01-23 09:00:00,23.0,40,0.0,,320,5.4,,1013.8,,0,1,42139,Meerut
2025-01-23 09:00:00,23.0,40,0.0,,320,5.4,,1013.8,,0,1,42139,Meerut
2025-01-23 10:00:00,21.6,44,0.0,,312,14.4,,1013.7,,0,1,42139,Meerut
2025-01-23 10:00:00,21.6,44,0.0,,312,14.4,,1013.7,,0,1,42139,Meerut
2025-01-23 11:00:00,20.1,51,0.0,,308,13.3,,1014.0,,0,1,42139,Meerut
2025-01-23 11:00:00,20.1,51,0.0,,308,13.3,,1014.0,,0,1,42139,Meerut
2025-01-23 12:00:00,20.4,51,0.0,,0,0.0,,1013.3,,0,1,42139,Meerut
2025-01-23 12:00:00,20.4,51,0.0,,0,0.0,,1013.3,,0,1,42139,Meerut
2025-01-23 13:00:00,15.2,68,0.0,,298,11.5,,1014.7,,0,1,42139,Meerut
2025-01-23 13:00:00,15.2,68,0.0,,298,11.5,,1014.7,,0,1,42139,Meerut
2025-01-23 14:00:00,14.4,74,0.0,,304,11.5,,1015.5,,0,1,42139,Meerut
2025-01-23 14:00:00,14.4,74,0.0,,304,11.5,,1015.5,,0,1,42139,Meerut
2025-01-23 15:00:00,13.9,77,0.0,,305,11.9,,1016.1,,0,1,42139,Meerut
2025-01-23 15:00:00,13.9,77,0.0,,305,11.9,,1016.1,,0,1,42139,Meerut
2025-01-23 16:00:00,13.4,75,0.0,,300,12.6,,1016.5,,0,1,42139,Meerut
2025-01-23 16:00:00,13.4,75,0.0,,300,12.6,,1016.5,,0,1,42139,Meerut
2025-01-23 17:00:00,12.8,78,0.0,,303,11.9,,1016.6,,0,1,42139,Meerut
2025-01-23 17:00:00,12.8,78,0.0,,303,11.9,,1016.6,,0,1,42139,Meerut
2025-01-23 18:00:00,12.0,81,0.0,,305,11.9,,1016.4,,0,1,42139,Meerut
2025-01-23 18:00:00,12.0,81,0.0,,305,11.9,,1016.4,,0,1,42139,Meerut
2025-01-23 19:00:00,11.5,81,0.0,,305,11.5,,1016.2,,0,1,42139,Meerut
2025-01-23 19:00:00,11.5,81,0.0,,305,11.5,,1016.2,,0,1,42139,Meerut
2025-01-23 20:00:00,11.1,82,0.0,,304,11.5,,1015.8,,0,1,42139,Meerut
2025-01-23 20:00:00,11.1,82,0.0,,304,11.5,,1015.8,,0,1,42139,Meerut
2025-01-23 21:00:00,10.4,84,0.0,,303,10.8,,1014.7,,0,1,42139,Meerut
2025-01-23 21:00:00,10.4,84,0.0,,303,10.8,,1014.7,,0,1,42139,Meerut
2025-01-23 22:00:00,10.1,84,0.0,,300,10.8,,1014.4,,0,1,42139,Meerut
2025-01-23 22:00:00,10.1,84,0.0,,300,10.8,,1014.4,,0,1,42139,Meerut
2025-01-23 23:00:00,9.8,84,0.0,,294,11.2,,1014.2,,0,1,42139,Meerut
2025-01-23 23:00:00,9.8,84,0.0,,294,11.2,,1014.2,,0,1,42139,Meerut
2025-01-24 00:00:00,9.6,84,0.0,,291,11.2,,1014.4,,0,1,42139,Meerut
2025-01-24 00:00:00,9.6,84,0.0,,291,11.2,,1014.4,,0,1,42139,Meerut
2025-01-24 01:00:00,9.2,85,0.0,,288,10.8,,1015.1,,0,1,42139,Meerut
2025-01-24 01:00:00,9.2,85,0.0,,288,10.8,,1015.1,,0,1,42139,Meerut
2025-01-24 02:00:00,9.4,88,0.0,,287,10.8,,1015.9,,0,1,42139,Meerut
2025-01-24 02:00:00,9.4,88,0.0,,287,10.8,,1015.9,,0,1,42139,Meerut
2025-01-24 03:00:00,11.6,81,0.0,,270,3.6,,1015.9,,0,1,42139,Meerut
2025-01-24 03:00:00,11.6,81,0.0,,270,3.6,,1015.9,,0,1,42139,Meerut
2025-01-24 04:00:00,13.5,73,0.0,,282,11.9,,1017.0,,0,1,42139,Meerut
2025-01-24 04:00:00,13.5,73,0.0,,282,11.9,,1017.0,,0,1,42139,Meerut
2025-01-24 05:00:00,15.9,66,0.0,,288,13.0,,1017.4,,0,1,42139,Meerut
2025-01-24 05:00:00,15.9,66,0.0,,288,13.0,,1017.4,,0,1,42139,Meerut
2025-01-24 06:00:00,18.8,48,0.0,,320,5.4,,1016.6,,0,1,42139,Meerut
2025-01-24 06:00:00,18.8,48,0.0,,320,5.4,,1016.6,,0,1,42139,Meerut
2025-01-24 07:00:00,19.8,53,0.0,,300,14.0,,1015.7,,0,1,42139,Meerut
2025-01-24 07:00:00,19.8,53,0.0,,300,14.0,,1015.7,,0,1,42139,Meerut
2025-01-24 08:00:00,20.8,47,0.0,,295,15.5,,1014.7,,0,1,42139,Meerut
2025-01-24 08:00:00,20.8,47,0.0,,295,15.5,,1014.7,,0,1,42139,Meerut
2025-01-24 09:00:00,22.4,33,0.0,,320,9.4,,1013.7,,0,1,42139,Meerut
2025-01-24 09:00:00,22.4,33,0.0,,320,9.4,,1013.7,,0,1,42139,Meerut
2025-01-24 10:00:00,20.7,45,0.0,,293,16.6,,1013.7,,0,1,42139,Meerut
2025-01-24 10:00:00,20.7,45,0.0,,293,16.6,,1013.7,,0,1,42139,Meerut
2025-01-24 11:00:00,19.6,53,0.0,,288,13.7,,1013.6,,0,1,42139,Meerut
2025-01-24 11:00:00,19.6,53,0.0,,288,13.7,,1013.6,,0,1,42139,Meerut
2025-01-24 12:00:00,20.4,44,0.0,,320,3.6,,1013.3,,0,1,42139,Meerut
2025-01-24 12:00:00,20.4,44,0.0,,320,3.6,,1013.3,,0,1,42139,Meerut
2025-01-24 13:00:00,15.3,71,0.0,,287,12.6,,1014.3,,0,1,42139,Meerut
2025-01-24 13:00:00,15.3,71,0.0,,287,12.6,,1014.3,,0,1,42139,Meerut
2025-01-24 14:00:00,14.3,74,0.0,,289,12.6,,1014.9,,0,1,42139,Meerut
2025-01-24 14:00:00,14.3,74,0.0,,289,12.6,,1014.9,,0,1,42139,Meerut
2025-01-24 15:00:00,13.5,76,0.0,,293,12.6,,1015.2,,0,1,42139,Meerut
2025-01-24 15:00:00,13.5,76,0.0,,293,12.6,,1015.2,,0,1,42139,Meerut
2025-01-24 16:00:00,12.8,77,0.0,,294,12.6,,1015.4,,0,1,42139,Meerut
2025-01-24 16:00:00,12.8,77,0.0,,294,12.6,,1015.4,,0,1,42139,Meerut
2025-01-24 17:00:00,12.3,77,0.0,,290,12.2,,1015.4,,0,1,42139,Meerut
2025-01-24 17:00:00,12.3,77,0.0,,290,12.2,,1015.4,,0,1,42139,Meerut
2025-01-24 18:00:00,11.8,77,0.0,,292,12.6,,1015.3,,0,1,42139,Meerut
2025-01-24 18:00:00,11.8,77,0.0,,292,12.6,,1015.3,,0,1,42139,Meerut
2025-01-24 19:00:00,11.3,77,0.0,,292,13.0,,1015.0,,0,1,42139,Meerut
2025-01-24 19:00:00,11.3,77,0.0,,292,13.0,,1015.0,,0,1,42139,Meerut
2025-01-24 20:00:00,10.7,78,0.0,,288,12.6,,1014.7,,0,1,42139,Meerut
2025-01-24 20:00:00,10.7,78,0.0,,288,12.6,,1014.7,,0,1,42139,Meerut
2025-01-24 21:00:00,10.2,78,0.0,,290,12.2,,1014.5,,0,1,42139,Meerut
2025-01-24 21:00:00,10.2,78,0.0,,290,12.2,,1014.5,,0,1,42139,Meerut
2025-01-24 22:00:00,9.8,81,0.0,,291,11.5,,1013.7,,0,1,42139,Meerut
2025-01-24 22:00:00,9.8,81,0.0,,291,11.5,,1013.7,,0,1,42139,Meerut
2025-01-24 23:00:00,9.4,81,0.0,,290,11.9,,1013.6,,0,1,42139,Meerut
2025-01-24 23:00:00,9.4,81,0.0,,290,11.9,,1013.6,,0,1,42139,Meerut
2025-01-25 00:00:00,9.1,79,0.0,,282,11.9,,1013.9,,0,1,42139,Meerut
2025-01-25 00:00:00,9.1,79,0.0,,282,11.9,,1013.9,,0,1,42139,Meerut
2025-01-25 01:00:00,8.9,77,0.0,,276,12.2,,1014.4,,0,1,42139,Meerut
2025-01-25 01:00:00,8.9,77,0.0,,276,12.2,,1014.4,,0,1,42139,Meerut
2025-01-25 02:00:00,8.8,75,0.0,,276,13.0,,1015.2,,0,1,42139,Meerut
2025-01-25 02:00:00,8.8,75,0.0,,276,13.0,,1015.2,,0,1,42139,Meerut
2025-01-25 03:00:00,10.6,77,0.0,,0,0.0,,1015.4,,0,1,42139,Meerut
2025-01-25 03:00:00,10.6,77,0.0,,0,0.0,,1015.4,,0,1,42139,Meerut
2025-01-25 04:00:00,12.9,66,0.0,,277,11.9,,1016.6,,0,1,42139,Meerut
2025-01-25 04:00:00,12.9,66,0.0,,277,11.9,,1016.6,,0,1,42139,Meerut
2025-01-25 05:00:00,15.3,61,0.0,,281,11.5,,1017.2,,0,1,42139,Meerut
2025-01-25 05:00:00,15.3,61,0.0,,281,11.5,,1017.2,,0,1,42139,Meerut
2025-01-25 06:00:00,18.6,41,0.0,,230,3.6,,1016.3,,0,1,42139,Meerut
2025-01-25 06:00:00,18.6,41,0.0,,230,3.6,,1016.3,,0,1,42139,Meerut
2025-01-25 07:00:00,19.1,51,0.0,,289,12.2,,1015.8,,0,1,42139,Meerut
2025-01-25 07:00:00,19.1,51,0.0,,289,12.2,,1015.8,,0,1,42139,Meerut
2025-01-25 08:00:00,20.1,49,0.0,,288,13.0,,1014.7,,0,1,42139,Meerut
2025-01-25 08:00:00,20.1,49,0.0,,288,13.0,,1014.7,,0,1,42139,Meerut
2025-01-25 09:00:00,22.6,29,0.0,,320,9.4,,1013.0,,0,1,42139,Meerut
2025-01-25 09:00:00,22.6,29,0.0,,320,9.4,,1013.0,,0,1,42139,Meerut
2025-01-25 10:00:00,20.1,49,0.0,,283,13.7,,1013.3,,0,1,42139,Meerut
2025-01-25 10:00:00,20.1,49,0.0,,283,13.7,,1013.3,,0,1,42139,Meerut
2025-01-25 11:00:00,19.1,54,0.0,,281,11.9,,1013.2,,0,1,42139,Meerut
2025-01-25 11:00:00,19.1,54,0.0,,281,11.9,,1013.2,,0,1,42139,Meerut
2025-01-25 12:00:00,20.4,41,0.0,,0,0.0,,1012.8,,0,1,42139,Meerut
2025-01-25 12:00:00,20.4,41,0.0,,0,0.0,,1012.8,,0,1,42139,Meerut
2025-01-25 13:00:00,13.8,76,0.0,,278,11.2,,1013.9,,0,1,42139,Meerut
2025-01-25 13:00:00,13.8,76,0.0,,278,11.2,,1013.9,,0,1,42139,Meerut
2025-01-25 14:00:00,13.3,79,0.0,,281,10.8,,1014.5,,0,1,42139,Meerut
2025-01-25 14:00:00,13.3,79,0.0,,281,10.8,,1014.5,,0,1,42139,Meerut
2025-01-25 15:00:00,12.3,82,0.0,,287,10.4,,1015.0,,0,1,42139,Meerut
2025-01-25 15:00:00,12.3,82,0.0,,287,10.4,,1015.0,,0,1,42139,Meerut
2025-01-25 16:00:00,11.6,83,0.0,,288,10.8,,1015.4,,0,1,42139,Meerut
2025-01-25 16:00:00,11.6,83,0.0,,288,10.8,,1015.4,,0,1,42139,Meerut
2025-01-25 17:00:00,10.7,85,0.0,,285,10.4,,1015.6,,0,1,42139,Meerut
2025-01-25 17:00:00,10.7,85,0.0,,285,10.4,,1015.6,,0,1,42139,Meerut
2025-01-25 18:00:00,9.9,86,0.0,,285,10.4,,1015.4,,0,1,42139,Meerut
2025-01-25 18:00:00,9.9,86,0.0,,285,10.4,,1015.4,,0,1,42139,Meerut
2025-01-25 19:00:00,9.4,86,0.0,,289,10.8,,1015.1,,0,1,42139,Meerut
2025-01-25 19:00:00,9.4,86,0.0,,289,10.8,,1015.1,,0,1,42139,Meerut
2025-01-25 20:00:00,9.0,85,0.0,,294,10.8,,1014.8,,0,1,42139,Meerut
2025-01-25 20:00:00,9.0,85,0.0,,294,10.8,,1014.8,,0,1,42139,Meerut
2025-01-25 21:00:00,8.4,85,0.0,,297,10.8,,1014.3,,0,1,42139,Meerut
2025-01-25 21:00:00,8.4,85,0.0,,297,10.8,,1014.3,,0,1,42139,Meerut
2025-01-25 22:00:00,8.0,84,0.0,,299,10.8,,1014.0,,0,1,42139,Meerut
2025-01-25 22:00:00,8.0,84,0.0,,299,10.8,,1014.0,,0,1,42139,Meerut
2025-01-25 23:00:00,7.5,85,0.0,,300,10.4,,1013.8,,0,1,42139,Meerut
2025-01-25 23:00:00,7.5,85,0.0,,300,10.4,,1013.8,,0,1,42139,Meerut
2025-01-26 00:00:00,7.2,85,0.0,,302,10.1,,1014.1,,0,1,42139,Meerut
2025-01-26 00:00:00,7.2,85,0.0,,302,10.1,,1014.1,,0,1,42139,Meerut
2025-01-26 01:00:00,6.7,86,0.0,,300,9.7,,1014.7,,0,1,42139,Meerut
2025-01-26 01:00:00,6.7,86,0.0,,300,9.7,,1014.7,,0,1,42139,Meerut
2025-01-26 02:00:00,6.4,88,0.0,,288,9.7,,1015.5,,0,1,42139,Meerut
2025-01-26 02:00:00,6.4,88,0.0,,288,9.7,,1015.5,,0,1,42139,Meerut
2025-01-26 03:00:00,11.0,78,0.0,,0,0.0,,1016.2,,0,1,42139,Meerut
2025-01-26 03:00:00,11.0,78,0.0,,0,0.0,,1016.2,,0,1,42139,Meerut
2025-01-26 04:00:00,12.0,74,0.0,,278,7.9,,1017.0,,0,1,42139,Meerut
2025-01-26 04:00:00,12.0,74,0.0,,278,7.9,,1017.0,,0,1,42139,Meerut
2025-01-26 05:00:00,14.7,67,0.0,,286,8.3,,1017.3,,0,1,42139,Meerut
2025-01-26 05:00:00,14.7,67,0.0,,286,8.3,,1017.3,,0,1,42139,Meerut
2025-01-26 06:00:00,18.6,49,0.0,,320,3.6,,1016.8,,0,1,42139,Meerut
2025-01-26 06:00:00,18.6,49,0.0,,320,3.6,,1016.8,,0,1,42139,Meerut
2025-01-26 07:00:00,18.4,53,0.0,,294,10.1,,1015.7,,0,1,42139,Meerut
2025-01-26 07:00:00,18.4,53,0.0,,294,10.1,,1015.7,,0,1,42139,Meerut
2025-01-26 08:00:00,19.6,49,0.0,,295,10.4,,1014.4,,0,1,42139,Meerut
2025-01-26 08:00:00,19.6,49,0.0,,295,10.4,,1014.4,,0,1,42139,Meerut
2025-01-26 09:00:00,22.0,35,0.0,,320,3.6,,1013.4,,0,1,42139,Meerut
2025-01-26 09:00:00,22.0,35,0.0,,320,3.6,,1013.4,,0,1,42139,Meerut
2025-01-26 10:00:00,20.1,48,0.0,,284,11.2,,1013.0,,0,1,42139,Meerut
2025-01-26 10:00:00,20.1,48,0.0,,284,11.2,,1013.0,,0,1,42139,Meerut
2025-01-26 11:00:00,19.2,56,0.0,,276,9.0,,1012.9,,0,1,42139,Meerut
2025-01-26 11:00:00,19.2,56,0.0,,276,9.0,,1012.9,,0,1,42139,Meerut
2025-01-26 12:00:00,19.8,57,0.0,,0,0.0,,1012.2,,0,1,42139,Meerut
2025-01-26 12:00:00,19.8,57,0.0,,0,0.0,,1012.2,,0,1,42139,Meerut
2025-01-26 13:00:00,13.4,79,0.0,,272,7.9,,1013.3,,0,1,42139,Meerut
2025-01-26 13:00:00,13.4,79,0.0,,272,7.9,,1013.3,,0,1,42139,Meerut
2025-01-26 14:00:00,12.1,83,0.0,,274,7.6,,1014.0,,0,1,42139,Meerut
2025-01-26 14:00:00,12.1,83,0.0,,274,7.6,,1014.0,,0,1,42139,Meerut
2025-01-26 15:00:00,11.6,86,0.0,,272,7.6,,1014.3,,0,1,42139,Meerut
2025-01-26 15:00:00,11.6,86,0.0,,272,7.6,,1014.3,,0,1,42139,Meerut
2025-01-26 16:00:00,10.7,88,0.0,,273,7.6,,1014.8,,0,1,42139,Meerut
2025-01-26 16:00:00,10.7,88,0.0,,273,7.6,,1014.8,,0,1,42139,Meerut
2025-01-26 17:00:00,9.9,90,0.0,,276,8.6,,1015.0,,0,1,42139,Meerut
2025-01-26 17:00:00,9.9,90,0.0,,276,8.6,,1015.0,,0,1,42139,Meerut
2025-01-26 18:00:00,9.3,90,0.0,,289,9.0,,1014.9,,0,1,42139,Meerut
2025-01-26 18:00:00,9.3,90,0.0,,289,9.0,,1014.9,,0,1,42139,Meerut
2025-01-26 19:00:00,8.8,89,0.0,,300,9.4,,1014.7,,0,1,42139,Meerut
2025-01-26 19:00:00,8.8,89,0.0,,300,9.4,,1014.7,,0,1,42139,Meerut
2025-01-26 20:00:00,8.4,89,0.0,,296,9.0,,1014.0,,0,1,42139,Meerut
2025-01-26 20:00:00,8.4,89,0.0,,296,9.0,,1014.0,,0,1,42139,Meerut
2025-01-26 21:00:00,7.8,90,0.0,,298,8.6,,1013.6,,0,1,42139,Meerut
2025-01-26 21:00:00,7.8,90,0.0,,298,8.6,,1013.6,,0,1,42139,Meerut
2025-01-26 22:00:00,7.3,91,0.0,,300,8.3,,1013.2,,0,1,42139,Meerut
2025-01-26 22:00:00,7.3,91,0.0,,300,8.3,,1013.2,,0,1,42139,Meerut
2025-01-26 23:00:00,6.8,91,0.0,,297,7.9,,1013.0,,0,1,42139,Meerut
2025-01-26 23:00:00,6.8,91,0.0,,297,7.9,,1013.0,,0,1,42139,Meerut
2025-01-27 00:00:00,6.4,90,0.0,,296,7.9,,1013.1,,0,1,42139,Meerut
2025-01-27 00:00:00,6.4,90,0.0,,296,7.9,,1013.1,,0,1,42139,Meerut
2025-01-27 01:00:00,6.2,93,0.0,,312,7.2,,1013.9,,0,1,42139,Meerut
2025-01-27 01:00:00,6.2,93,0.0,,312,7.2,,1013.9,,0,1,42139,Meerut
2025-01-27 02:00:00,6.0,92,0.0,,297,6.8,,1014.6,,0,1,42139,Meerut
2025-01-27 02:00:00,6.0,92,0.0,,297,6.8,,1014.6,,0,1,42139,Meerut
2025-01-27 03:00:00,8.6,92,0.0,,0,0.0,,1015.1,,0,1,42139,Meerut
2025-01-27 03:00:00,8.6,92,0.0,,0,0.0,,1015.1,,0,1,42139,Meerut
2025-01-27 04:00:00,11.7,79,0.0,,293,5.0,,1016.0,,0,1,42139,Meerut
2025-01-27 04:00:00,11.7,79,0.0,,293,5.0,,1016.0,,0,1,42139,Meerut
2025-01-27 05:00:00,14.6,71,0.0,,286,5.8,,1016.4,,0,1,42139,Meerut
2025-01-27 05:00:00,14.6,71,0.0,,286,5.8,,1016.4,,0,1,42139,Meerut
2025-01-27 06:00:00,18.2,54,0.0,,320,3.6,,1015.3,,0,1,42139,Meerut
2025-01-27 06:00:00,18.2,54,0.0,,320,3.6,,1015.3,,0,1,42139,Meerut
2025-01-27 07:00:00,18.7,54,0.0,,295,9.0,,1014.6,,0,1,42139,Meerut
2025-01-27 07:00:00,18.7,54,0.0,,295,9.0,,1014.6,,0,1,42139,Meerut
2025-01-27 08:00:00,19.7,50,0.0,,292,10.4,,1013.4,,0,1,42139,Meerut
2025-01-27 08:00:00,19.7,50,0.0,,292,10.4,,1013.4,,0,1,42139,Meerut
2025-01-27 09:00:00,22.0,36,0.0,,270,3.6,,1011.5,,0,1,42139,Meerut
2025-01-27 09:00:00,22.0,36,0.0,,270,3.6,,1011.5,,0,1,42139,Meerut
2025-01-27 10:00:00,20.1,50,0.0,,293,11.9,,1011.3,,0,1,42139,Meerut
2025-01-27 10:00:00,20.1,50,0.0,,293,11.9,,1011.3,,0,1,42139,Meerut
2025-01-27 11:00:00,19.1,55,0.0,,299,10.4,,1011.3,,0,1,42139,Meerut
2025-01-27 11:00:00,19.1,55,0.0,,299,10.4,,1011.3,,0,1,42139,Meerut
2025-01-27 12:00:00,18.8,48,0.0,,0,0.0,,1010.3,,0,1,42139,Meerut
2025-01-27 12:00:00,18.8,48,0.0,,0,0.0,,1010.3,,0,1,42139,Meerut
2025-01-27 13:00:00,13.5,79,0.0,,287,9.7,,1011.6,,0,1,42139,Meerut
2025-01-27 13:00:00,13.5,79,0.0,,287,9.7,,1011.6,,0,1,42139,Meerut
2025-01-27 14:00:00,12.3,82,0.0,,280,9.4,,1012.0,,0,1,42139,Meerut
2025-01-27 14:00:00,12.3,82,0.0,,280,9.4,,1012.0,,0,1,42139,Meerut
2025-01-27 15:00:00,11.3,84,0.0,,266,8.6,,1012.5,,0,1,42139,Meerut
2025-01-27 15:00:00,11.3,84,0.0,,266,8.6,,1012.5,,0,1,42139,Meerut
2025-01-27 16:00:00,10.9,88,0.0,,258,9.0,,1012.8,,0,1,42139,Meerut
2025-01-27 16:00:00,10.9,88,0.0,,258,9.0,,1012.8,,0,1,42139,Meerut
2025-01-27 17:00:00,10.2,89,0.0,,265,9.4,,1012.8,,0,1,42139,Meerut
2025-01-27 17:00:00,10.2,89,0.0,,265,9.4,,1012.8,,0,1,42139,Meerut
2025-01-27 18:00:00,9.6,88,0.0,,274,9.7,,1012.7,,0,1,42139,Meerut
2025-01-27 18:00:00,9.6,88,0.0,,274,9.7,,1012.7,,0,1,42139,Meerut
2025-01-27 19:00:00,9.0,87,0.0,,284,9.7,,1012.5,,0,1,42139,Meerut
2025-01-27 19:00:00,9.0,87,0.0,,284,9.7,,1012.5,,0,1,42139,Meerut
2025-01-27 20:00:00,8.3,87,0.0,,289,9.7,,1012.1,,0,1,42139,Meerut
2025-01-27 20:00:00,8.3,87,0.0,,289,9.7,,1012.1,,0,1,42139,Meerut
2025-01-27 21:00:00,7.9,88,0.0,,294,9.7,,1011.5,,0,1,42139,Meerut
2025-01-27 21:00:00,7.9,88,0.0,,294,9.7,,1011.5,,0,1,42139,Meerut
2025-01-27 22:00:00,7.5,87,0.0,,303,9.7,,1011.4,,0,1,42139,Meerut
2025-01-27 22:00:00,7.5,87,0.0,,303,9.7,,1011.4,,0,1,42139,Meerut
2025-01-27 23:00:00,7.0,87,0.0,,307,9.4,,1011.4,,0,1,42139,Meerut
2025-01-27 23:00:00,7.0,87,0.0,,307,9.4,,1011.4,,0,1,42139,Meerut
2025-01-28 00:00:00,6.5,88,0.0,,311,9.4,,1011.6,,0,1,42139,Meerut
2025-01-28 00:00:00,6.5,88,0.0,,311,9.4,,1011.6,,0,1,42139,Meerut
2025-01-28 01:00:00,6.2,89,0.0,,308,9.0,,1012.3,,0,1,42139,Meerut
2025-01-28 01:00:00,6.2,89,0.0,,308,9.0,,1012.3,,0,1,42139,Meerut
2025-01-28 02:00:00,6.2,90,0.0,,284,7.2,,1013.7,,0,1,42139,Meerut
2025-01-28 02:00:00,6.2,90,0.0,,284,7.2,,1013.7,,0,1,42139,Meerut
2025-01-28 03:00:00,10.2,87,0.0,,0,0.0,,1014.5,,0,1,42139,Meerut
2025-01-28 03:00:00,10.2,87,0.0,,0,0.0,,1014.5,,0,1,42139,Meerut
2025-01-28 04:00:00,11.8,79,0.0,,261,5.4,,1015.4,,0,1,42139,Meerut
2025-01-28 04:00:00,11.8,79,0.0,,261,5.4,,1015.4,,0,1,42139,Meerut
2025-01-28 05:00:00,14.6,71,0.0,,266,5.0,,1015.7,,0,1,42139,Meerut
2025-01-28 05:00:00,14.6,71,0.0,,266,5.0,,1015.7,,0,1,42139,Meerut
2025-01-28 06:00:00,18.0,56,0.0,,230,3.6,,1014.8,,0,1,42139,Meerut
2025-01-28 06:00:00,18.0,56,0.0,,230,3.6,,1014.8,,0,1,42139,Meerut
2025-01-28 07:00:00,18.6,57,0.0,,285,6.1,,1014.1,,0,1,42139,Meerut
2025-01-28 07:00:00,18.6,57,0.0,,285,6.1,,1014.1,,0,1,42139,Meerut
2025-01-28 08:00:00,19.7,53,0.0,,291,6.1,,1013.2,,0,1,42139,Meerut
2025-01-28 08:00:00,19.7,53,0.0,,291,6.1,,1013.2,,0,1,42139,Meerut
2025-01-28 09:00:00,23.8,40,0.0,,0,0.0,,1011.0,,0,1,42139,Meerut
2025-01-28 09:00:00,23.8,40,0.0,,0,0.0,,1011.0,,0,1,42139,Meerut
2025-01-28 10:00:00,20.3,51,0.0,,281,7.2,,1011.8,,0,1,42139,Meerut
2025-01-28 10:00:00,20.3,51,0.0,,281,7.2,,1011.8,,0,1,42139,Meerut
2025-01-28 11:00:00,19.6,59,0.0,,270,6.8,,1011.6,,0,1,42139,Meerut
2025-01-28 11:00:00,19.6,59,0.0,,270,6.8,,1011.6,,0,1,42139,Meerut
2025-01-28 12:00:00,20.0,54,0.0,,0,0.0,,1010.9,,0,1,42139,Meerut
2025-01-28 12:00:00,20.0,54,0.0,,0,0.0,,1010.9,,0,1,42139,Meerut
2025-01-28 13:00:00,13.9,81,0.0,,241,6.5,,1012.2,,0,1,42139,Meerut
2025-01-28 13:00:00,13.9,81,0.0,,241,6.5,,1012.2,,0,1,42139,Meerut
2025-01-28 14:00:00,13.2,80,0.0,,259,5.4,,1012.9,,0,1,42139,Meerut
2025-01-28 14:00:00,13.2,80,0.0,,259,5.4,,1012.9,,0,1,42139,Meerut
2025-01-28 15:00:00,13.0,79,0.0,,326,5.0,,1013.5,,0,1,42139,Meerut
2025-01-28 15:00:00,13.0,79,0.0,,326,5.0,,1013.5,,0,1,42139,Meerut
2025-01-28 16:00:00,12.4,81,0.0,,19,4.0,,1014.0,,0,1,42139,Meerut
2025-01-28 16:00:00,12.4,81,0.0,,19,4.0,,1014.0,,0,1,42139,Meerut
2025-01-28 17:00:00,12.2,83,0.0,,28,2.9,,1014.6,,0,1,42139,Meerut
2025-01-28 17:00:00,12.2,83,0.0,,28,2.9,,1014.6,,0,1,42139,Meerut
2025-01-28 18:00:00,11.4,86,0.0,,69,4.0,,1014.8,,0,1,42139,Meerut
2025-01-28 18:00:00,11.4,86,0.0,,69,4.0,,1014.8,,0,1,42139,Meerut
2025-01-28 19:00:00,9.7,94,0.0,,101,7.2,,1014.9,,0,1,42139,Meerut
2025-01-28 19:00:00,9.7,94,0.0,,101,7.2,,1014.9,,0,1,42139,Meerut
2025-01-28 20:00:00,9.2,95,0.0,,90,7.6,,1015.1,,0,1,42139,Meerut
2025-01-28 20:00:00,9.2,95,0.0,,90,7.6,,1015.1,,0,1,42139,Meerut
2025-01-28 21:00:00,8.9,95,0.0,,80,7.2,,1015.0,,0,1,42139,Meerut
2025-01-28 21:00:00,8.9,95,0.0,,80,7.2,,1015.0,,0,1,42139,Meerut
2025-01-28 22:00:00,8.4,96,0.0,,72,7.6,,1014.4,,0,1,42139,Meerut
2025-01-28 22:00:00,8.4,96,0.0,,72,7.6,,1014.4,,0,1,42139,Meerut
2025-01-28 23:00:00,8.1,97,0.0,,68,8.6,,1014.2,,0,1,42139,Meerut
2025-01-28 23:00:00,8.1,97,0.0,,68,8.6,,1014.2,,0,1,42139,Meerut
2025-01-29 00:00:00,8.2,97,0.0,,80,9.0,,1014.4,,0,1,42139,Meerut
2025-01-29 00:00:00,8.2,97,0.0,,80,9.0,,1014.4,,0,1,42139,Meerut
2025-01-29 01:00:00,8.3,98,0.0,,93,9.0,,1015.1,,0,1,42139,Meerut
2025-01-29 01:00:00,8.3,98,0.0,,93,9.0,,1015.1,,0,1,42139,Meerut
2025-01-29 02:00:00,8.6,98,0.0,,97,8.6,,1016.1,,0,1,42139,Meerut
2025-01-29 02:00:00,8.6,98,0.0,,97,8.6,,1016.1,,0,1,42139,Meerut
2025-01-29 03:00:00,9.0,100,0.0,,0,0.0,,1017.2,,3,1,42139,Meerut
2025-01-29 03:00:00,9.0,100,0.0,,0,0.0,,1017.2,,3,1,42139,Meerut
2025-01-29 04:00:00,13.1,93,0.0,,108,7.9,,1017.7,,3,3,42139,Meerut
2025-01-29 04:00:00,13.1,93,0.0,,108,7.9,,1017.7,,3,3,42139,Meerut
2025-01-29 05:00:00,15.7,85,0.0,,111,9.0,,1018.1,,0,2,42139,Meerut
2025-01-29 05:00:00,15.7,85,0.0,,111,9.0,,1018.1,,0,2,42139,Meerut
2025-01-29 06:00:00,17.0,74,0.0,,140,5.4,,1017.7,,0,1,42139,Meerut
2025-01-29 06:00:00,17.0,74,0.0,,140,5.4,,1017.7,,0,1,42139,Meerut
2025-01-29 07:00:00,20.1,62,0.0,,121,11.9,,1016.5,,0,1,42139,Meerut
2025-01-29 07:00:00,20.1,62,0.0,,121,11.9,,1016.5,,0,1,42139,Meerut
2025-01-29 08:00:00,21.0,53,0.0,,122,11.5,,1015.0,,0,1,42139,Meerut
2025-01-29 08:00:00,21.0,53,0.0,,122,11.5,,1015.0,,0,1,42139,Meerut
2025-01-29 09:00:00,22.2,51,0.0,,140,5.4,,1013.8,,0,1,42139,Meerut
2025-01-29 09:00:00,22.2,51,0.0,,140,5.4,,1013.8,,0,1,42139,Meerut
2025-01-29 10:00:00,21.2,53,0.0,,118,10.4,,1013.3,,0,1,42139,Meerut
2025-01-29 10:00:00,21.2,53,0.0,,118,10.4,,1013.3,,0,1,42139,Meerut
2025-01-29 11:00:00,20.4,57,0.0,,115,8.6,,1013.0,,0,1,42139,Meerut
2025-01-29 11:00:00,20.4,57,0.0,,115,8.6,,1013.0,,0,1,42139,Meerut
2025-01-29 12:00:00,19.8,69,0.0,,0,0.0,,1012.7,,0,1,42139,Meerut
2025-01-29 12:00:00,19.8,69,0.0,,0,0.0,,1012.7,,0,1,42139,Meerut
2025-01-29 13:00:00,15.1,77,0.0,,104,8.3,,1013.2,,0,1,42139,Meerut
2025-01-29 13:00:00,15.1,77,0.0,,104,8.3,,1013.2,,0,1,42139,Meerut
2025-01-29 14:00:00,14.5,79,0.0,,105,9.4,,1013.7,,0,1,42139,Meerut
2025-01-29 14:00:00,14.5,79,0.0,,105,9.4,,1013.7,,0,1,42139,Meerut
2025-01-29 15:00:00,13.7,82,0.0,,106,9.7,,1014.1,,0,1,42139,Meerut
2025-01-29 15:00:00,13.7,82,0.0,,106,9.7,,1014.1,,0,1,42139,Meerut
2025-01-29 16:00:00,12.9,85,0.0,,99,9.7,,1014.3,,0,1,42139,Meerut
2025-01-29 16:00:00,12.9,85,0.0,,99,9.7,,1014.3,,0,1,42139,Meerut
2025-01-29 17:00:00,12.3,88,0.0,,95,9.4,,1014.4,,0,1,42139,Meerut
2025-01-29 17:00:00,12.3,88,0.0,,95,9.4,,1014.4,,0,1,42139,Meerut
2025-01-29 18:00:00,11.9,90,0.0,,96,9.0,,1014.2,,0,1,42139,Meerut
2025-01-29 18:00:00,11.9,90,0.0,,96,9.0,,1014.2,,0,1,42139,Meerut
2025-01-29 19:00:00,11.4,91,0.0,,96,8.6,,1013.9,,0,1,42139,Meerut
2025-01-29 19:00:00,11.4,91,0.0,,96,8.6,,1013.9,,0,1,42139,Meerut
2025-01-29 20:00:00,10.9,92,0.0,,99,8.3,,1013.6,,0,1,42139,Meerut
2025-01-29 20:00:00,10.9,92,0.0,,99,8.3,,1013.6,,0,1,42139,Meerut
2025-01-29 21:00:00,10.5,93,0.0,,98,7.6,,1013.1,,0,1,42139,Meerut
2025-01-29 21:00:00,10.5,93,0.0,,98,7.6,,1013.1,,0,1,42139,Meerut
2025-01-29 22:00:00,10.1,94,0.0,,92,7.6,,1012.4,,0,1,42139,Meerut
2025-01-29 22:00:00,10.1,94,0.0,,92,7.6,,1012.4,,0,1,42139,Meerut
2025-01-29 23:00:00,9.7,95,0.0,,89,6.8,,1011.9,,0,1,42139,Meerut
2025-01-29 23:00:00,9.7,95,0.0,,89,6.8,,1011.9,,0,1,42139,Meerut
2025-01-30 00:00:00,9.4,96,0.0,,91,6.5,,1011.5,,0,1,42139,Meerut
2025-01-30 00:00:00,9.4,96,0.0,,91,6.5,,1011.5,,0,1,42139,Meerut
2025-01-30 01:00:00,9.1,96,0.0,,92,6.1,,1011.8,,0,1,42139,Meerut
2025-01-30 01:00:00,9.1,96,0.0,,92,6.1,,1011.8,,0,1,42139,Meerut
2025-01-30 02:00:00,8.9,97,0.0,,92,7.2,,1012.3,,0,1,42139,Meerut
2025-01-30 02:00:00,8.9,97,0.0,,92,7.2,,1012.3,,0,1,42139,Meerut
2025-01-30 03:00:00,9.8,92,0.0,,0,0.0,,1013.8,,0,1,42139,Meerut
2025-01-30 03:00:00,9.8,92,0.0,,0,0.0,,1013.8,,0,1,42139,Meerut
2025-01-30 04:00:00,14.8,86,0.0,,78,5.8,,1013.3,,0,1,42139,Meerut
2025-01-30 04:00:00,14.8,86,0.0,,78,5.8,,1013.3,,0,1,42139,Meerut
2025-01-30 05:00:00,17.2,80,0.0,,95,4.3,,1013.7,,0,1,42139,Meerut
2025-01-30 05:00:00,17.2,80,0.0,,95,4.3,,1013.7,,0,1,42139,Meerut
2025-01-30 06:00:00,20.0,62,0.0,,230,3.6,,1013.3,,0,1,42139,Meerut
2025-01-30 06:00:00,20.0,62,0.0,,230,3.6,,1013.3,,0,1,42139,Meerut
2025-01-30 07:00:00,21.6,56,0.0,,153,6.5,,1012.4,,0,1,42139,Meerut
2025-01-30 07:00:00,21.6,56,0.0,,153,6.5,,1012.4,,0,1,42139,Meerut
2025-01-30 08:00:00,22.5,52,0.0,,170,6.1,,1010.9,,0,1,42139,Meerut
2025-01-30 08:00:00,22.5,52,0.0,,170,6.1,,1010.9,,0,1,42139,Meerut
2025-01-30 09:00:00,24.4,44,0.0,,230,3.6,,1009.3,,0,1,42139,Meerut
2025-01-30 09:00:00,24.4,44,0.0,,230,3.6,,1009.3,,0,1,42139,Meerut
2025-01-30 10:00:00,22.7,53,0.0,,164,5.0,,1009.4,,0,1,42139,Meerut
2025-01-30 10:00:00,22.7,53,0.0,,164,5.0,,1009.4,,0,1,42139,Meerut
2025-01-30 11:00:00,22.0,59,0.0,,164,5.0,,1009.2,,0,1,42139,Meerut
2025-01-30 11:00:00,22.0,59,0.0,,164,5.0,,1009.2,,0,1,42139,Meerut
2025-01-30 12:00:00,21.4,65,0.0,,0,0.0,,1008.5,,0,1,42139,Meerut
2025-01-30 12:00:00,21.4,65,0.0,,0,0.0,,1008.5,,0,1,42139,Meerut
2025-01-30 13:00:00,17.2,76,0.0,,145,5.8,,1009.4,,0,1,42139,Meerut
2025-01-30 13:00:00,17.2,76,0.0,,145,5.8,,1009.4,,0,1,42139,Meerut
2025-01-30 14:00:00,16.3,78,0.0,,130,5.8,,1009.8,,0,1,42139,Meerut
2025-01-30 14:00:00,16.3,78,0.0,,130,5.8,,1009.8,,0,1,42139,Meerut
2025-01-30 15:00:00,15.7,81,0.0,,90,5.4,,1010.4,,0,1,42139,Meerut
2025-01-30 15:00:00,15.7,81,0.0,,90,5.4,,1010.4,,0,1,42139,Meerut
2025-01-30 16:00:00,14.8,84,0.0,,91,5.0,,1010.7,,0,1,42139,Meerut
2025-01-30 16:00:00,14.8,84,0.0,,91,5.0,,1010.7,,0,1,42139,Meerut
2025-01-30 17:00:00,14.0,86,0.0,,86,4.0,,1010.9,,0,1,42139,Meerut
2025-01-30 17:00:00,14.0,86,0.0,,86,4.0,,1010.9,,0,1,42139,Meerut
2025-01-30 18:00:00,13.3,88,0.0,,116,2.9,,1011.0,,0,1,42139,Meerut
2025-01-30 18:00:00,13.3,88,0.0,,116,2.9,,1011.0,,0,1,42139,Meerut
2025-01-30 19:00:00,12.8,90,0.0,,86,2.9,,1010.8,,0,1,42139,Meerut
2025-01-30 19:00:00,12.8,90,0.0,,86,2.9,,1010.8,,0,1,42139,Meerut
2025-01-30 20:00:00,12.0,93,0.0,,76,4.3,,1010.3,,0,1,42139,Meerut
2025-01-30 20:00:00,12.0,93,0.0,,76,4.3,,1010.3,,0,1,42139,Meerut
2025-01-30 21:00:00,11.3,95,0.0,,78,4.7,,1010.0,,0,1,42139,Meerut
2025-01-30 21:00:00,11.3,95,0.0,,78,4.7,,1010.0,,0,1,42139,Meerut
2025-01-30 22:00:00,10.5,96,0.0,,62,5.0,,1009.7,,0,1,42139,Meerut
2025-01-30 22:00:00,10.5,96,0.0,,62,5.0,,1009.7,,0,1,42139,Meerut
2025-01-30 23:00:00,10.0,97,0.0,,53,6.1,,1009.5,,0,1,42139,Meerut
2025-01-30 23:00:00,10.0,97,0.0,,53,6.1,,1009.5,,0,1,42139,Meerut
2025-01-31 00:00:00,9.9,97,0.0,,52,5.4,,1009.6,,0,1,42139,Meerut
2025-01-31 00:00:00,9.9,97,0.0,,52,5.4,,1009.6,,0,1,42139,Meerut
2025-01-31 01:00:00,9.7,98,0.0,,79,5.4,,1010.2,,0,1,42139,Meerut
2025-01-31 01:00:00,9.7,98,0.0,,79,5.4,,1010.2,,0,1,42139,Meerut
2025-01-31 02:00:00,9.7,98,0.0,,116,6.1,,1011.2,,0,1,42139,Meerut
2025-01-31 02:00:00,9.7,98,0.0,,116,6.1,,1011.2,,0,1,42139,Meerut
2025-01-31 03:00:00,10.8,95,0.0,,0,0.0,,1012.2,,0,1,42139,Meerut
2025-01-31 03:00:00,10.8,95,0.0,,0,0.0,,1012.2,,0,1,42139,Meerut
2025-01-31 04:00:00,16.3,84,0.0,,131,5.4,,1012.5,,0,1,42139,Meerut
2025-01-31 04:00:00,16.3,84,0.0,,131,5.4,,1012.5,,0,1,42139,Meerut
2025-01-31 05:00:00,19.4,75,0.0,,144,5.8,,1012.9,,0,1,42139,Meerut
2025-01-31 05:00:00,19.4,75,0.0,,144,5.8,,1012.9,,0,1,42139,Meerut
2025-01-31 06:00:00,22.0,58,0.0,,230,3.6,,1012.1,,0,1,42139,Meerut
2025-01-31 06:00:00,22.0,58,0.0,,230,3.6,,1012.1,,0,1,42139,Meerut
2025-01-31 07:00:00,22.8,59,0.0,,143,6.5,,1011.8,,0,1,42139,Meerut
2025-01-31 07:00:00,22.8,59,0.0,,143,6.5,,1011.8,,0,1,42139,Meerut
2025-01-31 08:00:00,23.6,54,0.0,,136,6.1,,1010.7,,1,1,42139,Meerut
2025-01-31 08:00:00,23.6,54,0.0,,136,6.1,,1010.7,,1,1,42139,Meerut
2025-01-31 09:00:00,25.0,43,0.0,,180,3.6,,1009.6,,1,2,42139,Meerut
2025-01-31 09:00:00,25.0,43,0.0,,180,3.6,,1009.6,,1,2,42139,Meerut
2025-01-31 10:00:00,24.0,45,0.0,,145,6.5,,1009.4,,1,1,42139,Meerut
2025-01-31 10:00:00,24.0,45,0.0,,145,6.5,,1009.4,,1,1,42139,Meerut
2025-01-31 11:00:00,23.1,52,0.0,,149,5.4,,1009.6,,0,2,42139,Meerut
2025-01-31 11:00:00,23.1,52,0.0,,149,5.4,,1009.6,,0,2,42139,Meerut
2025-01-31 12:00:00,22.0,53,0.0,,0,0.0,,1009.4,,0,1,42139,Meerut
2025-01-31 12:00:00,22.0,53,0.0,,0,0.0,,1009.4,,0,1,42139,Meerut
2025-01-31 13:00:00,17.7,64,0.0,,103,8.6,,1010.4,,0,1,42139,Meerut
2025-01-31 13:00:00,17.7,64,0.0,,103,8.6,,1010.4,,0,1,42139,Meerut
2025-01-31 14:00:00,17.0,64,0.0,,111,7.6,,1010.9,,0,1,42139,Meerut
2025-01-31 14:00:00,17.0,64,0.0,,111,7.6,,1010.9,,0,1,42139,Meerut
2025-01-31 15:00:00,16.2,70,0.0,,118,7.2,,1011.7,,0,1,42139,Meerut
2025-01-31 15:00:00,16.2,70,0.0,,118,7.2,,1011.7,,0,1,42139,Meerut
2025-01-31 16:00:00,15.7,64,0.0,,86,7.6,,1012.3,,0,1,42139,Meerut
2025-01-31 16:00:00,15.7,64,0.0,,86,7.6,,1012.3,,0,1,42139,Meerut
2025-01-31 17:00:00,14.3,70,0.0,,64,9.7,,1012.6,,0,1,42139,Meerut
2025-01-31 17:00:00,14.3,70,0.0,,64,9.7,,1012.6,,0,1,42139,Meerut
2025-01-31 18:00:00,14.2,70,0.0,,61,11.9,,1012.5,,0,1,42139,Meerut
2025-01-31 18:00:00,14.2,70,0.0,,61,11.9,,1012.5,,0,1,42139,Meerut
2025-01-31 19:00:00,14.3,69,0.0,,72,11.9,,1012.3,,0,1,42139,Meerut
2025-01-31 19:00:00,14.3,69,0.0,,72,11.9,,1012.3,,0,1,42139,Meerut
2025-01-31 20:00:00,13.6,74,0.0,,78,11.5,,1012.1,,0,1,42139,Meerut
2025-01-31 20:00:00,13.6,74,0.0,,78,11.5,,1012.1,,0,1,42139,Meerut
2025-01-31 21:00:00,12.5,82,0.0,,67,10.1,,1011.5,,0,1,42139,Meerut
2025-01-31 21:00:00,12.5,82,0.0,,67,10.1,,1011.5,,0,1,42139,Meerut
2025-01-31 22:00:00,11.9,84,0.0,,78,8.6,,1011.2,,0,1,42139,Meerut
2025-01-31 22:00:00,11.9,84,0.0,,78,8.6,,1011.2,,0,1,42139,Meerut
2025-01-31 23:00:00,11.2,86,0.0,,83,7.6,,1011.3,,0,1,42139,Meerut
2025-01-31 23:00:00,11.2,86,0.0,,83,7.6,,1011.3,,0,1,42139,Meerut
2025-02-01 00:00:00,10.8,87,0.0,,77,7.9,,1011.2,,0,1,42139,Meerut
2025-02-01 00:00:00,10.8,87,0.0,,77,7.9,,1011.2,,0,1,42139,Meerut
2025-01-01 00:00:00,7.7,98,0.0,,279,7.6,,1019.1,,8,5,42176,Rohtak
2025-01-01 00:00:00,7.7,98,0.0,,279,7.6,,1019.1,,8,5,42176,Rohtak
2025-01-01 01:00:00,7.7,97,0.0,,277,7.9,,1019.2,,8,5,42176,Rohtak
2025-01-01 01:00:00,7.7,97,0.0,,277,7.9,,1019.2,,8,5,42176,Rohtak
2025-01-01 02:00:00,7.8,95,0.0,,259,7.6,,1019.6,,8,5,42176,Rohtak
2025-01-01 02:00:00,7.8,95,0.0,,259,7.6,,1019.6,,8,5,42176,Rohtak
2025-01-01 03:00:00,9.6,99,0.0,,320,3.6,,1018.0,,7,5,42176,Rohtak
2025-01-01 03:00:00,9.6,99,0.0,,320,3.6,,1018.0,,7,5,42176,Rohtak
2025-01-01 04:00:00,10.0,96,0.0,,283,9.4,,1020.7,,8,5,42176,Rohtak
2025-01-01 04:00:00,10.0,96,0.0,,283,9.4,,1020.7,,8,5,42176,Rohtak
2025-01-01 05:00:00,11.6,91,0.0,,288,10.1,,1020.8,,7,5,42176,Rohtak
2025-01-01 05:00:00,11.6,91,0.0,,288,10.1,,1020.8,,7,5,42176,Rohtak
2025-01-01 06:00:00,14.2,81,0.0,,279,8.6,,1020.2,,4,3,42176,Rohtak
2025-01-01 06:00:00,14.2,81,0.0,,279,8.6,,1020.2,,4,3,42176,Rohtak
2025-01-01 07:00:00,16.1,74,0.0,,283,9.0,,1019.3,,0,3,42176,Rohtak
2025-01-01 07:00:00,16.1,74,0.0,,283,9.0,,1019.3,,0,3,42176,Rohtak
2025-01-01 08:00:00,17.3,68,0.0,,287,9.4,,1018.1,,0,1,42176,Rohtak
2025-01-01 08:00:00,17.3,68,0.0,,287,9.4,,1018.1,,0,1,42176,Rohtak
2025-01-01 09:00:00,18.2,65,0.0,,280,9.0,,1017.1,,0,1,42176,Rohtak
2025-01-01 09:00:00,18.2,65,0.0,,280,9.0,,1017.1,,0,1,42176,Rohtak
2025-01-01 10:00:00,18.2,65,0.0,,277,9.7,,1016.8,,1,1,42176,Rohtak
2025-01-01 10:00:00,18.2,65,0.0,,277,9.7,,1016.8,,1,1,42176,Rohtak
2025-01-01 11:00:00,17.4,71,0.0,,277,8.6,,1016.8,,1,1,42176,Rohtak
2025-01-01 11:00:00,17.4,71,0.0,,277,8.6,,1016.8,,1,1,42176,Rohtak
2025-01-01 12:00:00,12.2,91,0.0,,320,3.6,,1016.1,,7,2,42176,Rohtak
2025-01-01 12:00:00,12.2,91,0.0,,320,3.6,,1016.1,,7,2,42176,Rohtak
2025-01-01 13:00:00,13.6,86,0.0,,284,8.3,,1017.7,,5,2,42176,Rohtak
2025-01-01 13:00:00,13.6,86,0.0,,284,8.3,,1017.7,,5,2,42176,Rohtak
2025-01-01 14:00:00,12.1,90,0.0,,291,7.9,,1019.1,,3,3,42176,Rohtak
2025-01-01 14:00:00,12.1,90,0.0,,291,7.9,,1019.1,,3,3,42176,Rohtak
2025-01-01 15:00:00,11.4,93,0.0,,314,7.6,,1019.6,,2,3,42176,Rohtak
2025-01-01 15:00:00,11.4,93,0.0,,314,7.6,,1019.6,,2,3,42176,Rohtak
2025-01-01 16:00:00,10.6,94,0.0,,325,7.2,,1019.7,,2,2,42176,Rohtak
2025-01-01 16:00:00,10.6,94,0.0,,325,7.2,,1019.7,,2,2,42176,Rohtak
2025-01-01 17:00:00,10.1,95,0.0,,330,7.2,,1019.6,,2,2,42176,Rohtak
2025-01-01 17:00:00,10.1,95,0.0,,330,7.2,,1019.6,,2,2,42176,Rohtak
2025-01-01 18:00:00,9.9,95,0.0,,323,7.6,,1019.2,,1,2,42176,Rohtak
2025-01-01 18:00:00,9.9,95,0.0,,323,7.6,,1019.2,,1,2,42176,Rohtak
2025-01-01 19:00:00,8.9,98,0.0,,324,6.5,,1018.6,,8,2,42176,Rohtak
2025-01-01 19:00:00,8.9,98,0.0,,324,6.5,,1018.6,,8,2,42176,Rohtak
2025-01-01 20:00:00,8.7,98,0.0,,300,5.8,,1018.0,,5,3,42176,Rohtak
2025-01-01 20:00:00,8.7,98,0.0,,300,5.8,,1018.0,,5,3,42176,Rohtak
2025-01-01 21:00:00,8.5,99,0.0,,284,6.8,,1017.8,,7,3,42176,Rohtak
2025-01-01 21:00:00,8.5,99,0.0,,284,6.8,,1017.8,,7,3,42176,Rohtak
2025-01-01 22:00:00,8.8,99,0.0,,279,7.6,,1017.5,,8,3,42176,Rohtak
2025-01-01 22:00:00,8.8,99,0.0,,279,7.6,,1017.5,,8,3,42176,Rohtak
2025-01-01 23:00:00,9.3,100,0.0,,270,9.0,,1017.5,,8,3,42176,Rohtak
2025-01-01 23:00:00,9.3,100,0.0,,270,9.0,,1017.5,,8,3,42176,Rohtak
2025-01-02 00:00:00,9.4,100,0.0,,264,9.7,,1017.7,,8,5,42176,Rohtak
2025-01-02 00:00:00,9.4,100,0.0,,264,9.7,,1017.7,,8,5,42176,Rohtak
2025-01-02 01:00:00,9.3,100,0.0,,275,10.1,,1018.1,,8,5,42176,Rohtak
2025-01-02 01:00:00,9.3,100,0.0,,275,10.1,,1018.1,,8,5,42176,Rohtak
2025-01-02 02:00:00,9.4,100,0.0,,292,10.4,,1018.5,,8,5,42176,Rohtak
2025-01-02 02:00:00,9.4,100,0.0,,292,10.4,,1018.5,,8,5,42176,Rohtak
2025-01-02 03:00:00,8.2,90,0.0,,300,3.6,,1016.2,,7,5,42176,Rohtak
2025-01-02 03:00:00,8.2,90,0.0,,300,3.6,,1016.2,,7,5,42176,Rohtak
2025-01-02 04:00:00,11.8,94,0.0,,298,10.1,,1020.0,,8,5,42176,Rohtak
2025-01-02 04:00:00,11.8,94,0.0,,298,10.1,,1020.0,,8,5,42176,Rohtak
2025-01-02 05:00:00,13.3,88,0.0,,293,8.3,,1020.6,,6,3,42176,Rohtak
2025-01-02 05:00:00,13.3,88,0.0,,293,8.3,,1020.6,,6,3,42176,Rohtak
2025-01-02 06:00:00,16.1,79,0.0,,291,9.0,,1020.2,,8,3,42176,Rohtak
2025-01-02 06:00:00,16.1,79,0.0,,291,9.0,,1020.2,,8,3,42176,Rohtak
2025-01-02 07:00:00,18.0,69,0.0,,290,9.4,,1019.1,,8,3,42176,Rohtak
2025-01-02 07:00:00,18.0,69,0.0,,290,9.4,,1019.1,,8,3,42176,Rohtak
2025-01-02 08:00:00,19.2,64,0.0,,285,10.1,,1018.0,,8,3,42176,Rohtak
2025-01-02 08:00:00,19.2,64,0.0,,285,10.1,,1018.0,,8,3,42176,Rohtak
2025-01-02 09:00:00,19.7,61,0.0,,286,10.1,,1017.3,,8,3,42176,Rohtak
2025-01-02 09:00:00,19.7,61,0.0,,286,10.1,,1017.3,,8,3,42176,Rohtak
2025-01-02 10:00:00,19.7,61,0.0,,284,10.1,,1017.0,,8,3,42176,Rohtak
2025-01-02 10:00:00,19.7,61,0.0,,284,10.1,,1017.0,,8,3,42176,Rohtak
2025-01-02 11:00:00,18.7,70,0.0,,286,6.8,,1016.9,,8,3,42176,Rohtak
2025-01-02 11:00:00,18.7,70,0.0,,286,6.8,,1016.9,,8,3,42176,Rohtak
2025-01-02 12:00:00,12.8,89,0.0,,320,3.6,,1014.5,,7,3,42176,Rohtak
2025-01-02 12:00:00,12.8,89,0.0,,320,3.6,,1014.5,,7,3,42176,Rohtak
2025-01-02 13:00:00,14.4,84,0.0,,318,6.8,,1017.5,,8,3,42176,Rohtak
2025-01-02 13:00:00,14.4,84,0.0,,318,6.8,,1017.5,,8,3,42176,Rohtak
2025-01-02 14:00:00,14.0,87,0.0,,327,6.8,,1017.9,,8,3,42176,Rohtak
2025-01-02 14:00:00,14.0,87,0.0,,327,6.8,,1017.9,,8,3,42176,Rohtak
2025-01-02 15:00:00,12.1,89,0.0,,281,6.1,,1018.6,,8,3,42176,Rohtak
2025-01-02 15:00:00,12.1,89,0.0,,281,6.1,,1018.6,,8,3,42176,Rohtak
2025-01-02 16:00:00,11.1,94,0.0,,258,6.1,,1018.9,,8,3,42176,Rohtak
2025-01-02 16:00:00,11.1,94,0.0,,258,6.1,,1018.9,,8,3,42176,Rohtak
2025-01-02 17:00:00,10.3,95,0.0,,252,5.8,,1018.9,,8,3,42176,Rohtak
2025-01-02 17:00:00,10.3,95,0.0,,252,5.8,,1018.9,,8,3,42176,Rohtak
2025-01-02 18:00:00,9.8,95,0.0,,258,5.4,,1018.8,,8,3,42176,Rohtak
2025-01-02 18:00:00,9.8,95,0.0,,258,5.4,,1018.8,,8,3,42176,Rohtak
2025-01-02 19:00:00,9.5,96,0.0,,256,5.8,,1018.4,,8,3,42176,Rohtak
2025-01-02 19:00:00,9.5,96,0.0,,256,5.8,,1018.4,,8,3,42176,Rohtak
2025-01-02 20:00:00,8.9,97,0.0,,264,4.0,,1018.0,,8,3,42176,Rohtak
2025-01-02 20:00:00,8.9,97,0.0,,264,4.0,,1018.0,,8,3,42176,Rohtak
2025-01-02 21:00:00,8.6,98,0.0,,317,4.7,,1017.7,,8,3,42176,Rohtak
2025-01-02 21:00:00,8.6,98,0.0,,317,4.7,,1017.7,,8,3,42176,Rohtak
2025-01-02 22:00:00,8.5,98,0.0,,303,4.7,,1017.7,,8,3,42176,Rohtak
2025-01-02 22:00:00,8.5,98,0.0,,303,4.7,,1017.7,,8,3,42176,Rohtak
2025-01-02 23:00:00,8.0,99,0.0,,307,5.0,,1017.8,,8,3,42176,Rohtak
2025-01-02 23:00:00,8.0,99,0.0,,307,5.0,,1017.8,,8,3,42176,Rohtak
2025-01-03 00:00:00,8.0,100,0.0,,322,5.8,,1017.9,,8,3,42176,Rohtak
2025-01-03 00:00:00,8.0,100,0.0,,322,5.8,,1017.9,,8,3,42176,Rohtak
2025-01-03 01:00:00,7.7,100,0.0,,274,3.6,,1018.6,,8,5,42176,Rohtak
2025-01-03 01:00:00,7.7,100,0.0,,274,3.6,,1018.6,,8,5,42176,Rohtak
2025-01-03 02:00:00,7.8,99,0.0,,260,3.6,,1019.1,,8,5,42176,Rohtak
2025-01-03 02:00:00,7.8,99,0.0,,260,3.6,,1019.1,,8,5,42176,Rohtak
2025-01-03 03:00:00,9.4,94,0.0,,300,3.6,,1024.7,,7,5,42176,Rohtak
2025-01-03 03:00:00,9.4,94,0.0,,300,3.6,,1024.7,,7,5,42176,Rohtak
2025-01-03 04:00:00,11.2,98,0.0,,291,1.8,,1019.9,,8,5,42176,Rohtak
2025-01-03 04:00:00,11.2,98,0.0,,291,1.8,,1019.9,,8,5,42176,Rohtak
2025-01-03 05:00:00,13.7,95,0.0,,313,1.8,,1020.3,,8,5,42176,Rohtak
2025-01-03 05:00:00,13.7,95,0.0,,313,1.8,,1020.3,,8,5,42176,Rohtak
2025-01-03 06:00:00,16.8,81,0.0,,335,2.5,,1019.8,,8,3,42176,Rohtak
2025-01-03 06:00:00,16.8,81,0.0,,335,2.5,,1019.8,,8,3,42176,Rohtak
2025-01-03 07:00:00,19.4,69,0.0,,326,3.6,,1018.8,,8,3,42176,Rohtak
2025-01-03 07:00:00,19.4,69,0.0,,326,3.6,,1018.8,,8,3,42176,Rohtak
2025-01-03 08:00:00,20.9,63,0.0,,318,4.7,,1017.6,,8,3,42176,Rohtak
2025-01-03 08:00:00,20.9,63,0.0,,318,4.7,,1017.6,,8,3,42176,Rohtak
2025-01-03 09:00:00,21.7,59,0.0,,319,4.3,,1016.8,,8,3,42176,Rohtak
2025-01-03 09:00:00,21.7,59,0.0,,319,4.3,,1016.8,,8,3,42176,Rohtak
2025-01-03 10:00:00,21.6,60,0.0,,322,4.0,,1016.1,,8,3,42176,Rohtak
2025-01-03 10:00:00,21.6,60,0.0,,322,4.0,,1016.1,,8,3,42176,Rohtak
2025-01-03 11:00:00,20.0,75,0.0,,315,2.2,,1016.1,,6,3,42176,Rohtak
2025-01-03 11:00:00,20.0,75,0.0,,315,2.2,,1016.1,,6,3,42176,Rohtak
2025-01-03 12:00:00,16.2,93,0.0,,320,3.6,,1014.7,,5,3,42176,Rohtak
2025-01-03 12:00:00,16.2,93,0.0,,320,3.6,,1014.7,,5,3,42176,Rohtak
2025-01-03 13:00:00,15.5,83,0.0,,318,2.9,,1016.4,,0,3,42176,Rohtak
2025-01-03 13:00:00,15.5,83,0.0,,318,2.9,,1016.4,,0,3,42176,Rohtak
2025-01-03 14:00:00,14.1,87,0.0,,302,4.0,,1016.6,,0,1,42176,Rohtak
2025-01-03 14:00:00,14.1,87,0.0,,302,4.0,,1016.6,,0,1,42176,Rohtak
2025-01-03 15:00:00,13.2,89,0.0,,279,4.3,,1016.9,,0,1,42176,Rohtak
2025-01-03 15:00:00,13.2,89,0.0,,279,4.3,,1016.9,,0,1,42176,Rohtak
2025-01-03 16:00:00,11.9,91,0.0,,244,2.2,,1017.3,,0,1,42176,Rohtak
2025-01-03 16:00:00,11.9,91,0.0,,244,2.2,,1017.3,,0,1,42176,Rohtak
2025-01-03 17:00:00,11.1,94,0.0,,229,2.5,,1017.3,,0,1,42176,Rohtak
2025-01-03 17:00:00,11.1,94,0.0,,229,2.5,,1017.3,,0,1,42176,Rohtak
2025-01-03 18:00:00,10.6,95,0.0,,235,2.5,,1017.2,,0,1,42176,Rohtak
2025-01-03 18:00:00,10.6,95,0.0,,235,2.5,,1017.2,,0,1,42176,Rohtak
2025-01-03 19:00:00,10.2,96,0.0,,255,1.8,,1016.8,,0,1,42176,Rohtak
2025-01-03 19:00:00,10.2,96,0.0,,255,1.8,,1016.8,,0,1,42176,Rohtak
2025-01-03 20:00:00,9.9,96,0.0,,290,2.2,,1016.6,,0,1,42176,Rohtak
2025-01-03 20:00:00,9.9,96,0.0,,290,2.2,,1016.6,,0,1,42176,Rohtak
2025-01-03 21:00:00,8.5,100,0.0,,234,4.0,,1015.6,,8,1,42176,Rohtak
2025-01-03 21:00:00,8.5,100,0.0,,234,4.0,,1015.6,,8,1,42176,Rohtak
2025-01-03 22:00:00,8.2,100,0.0,,14,2.9,,1015.1,,8,5,42176,Rohtak
2025-01-03 22:00:00,8.2,100,0.0,,14,2.9,,1015.1,,8,5,42176,Rohtak
2025-01-03 23:00:00,8.1,100,0.0,,31,3.2,,1014.7,,8,5,42176,Rohtak
2025-01-03 23:00:00,8.1,100,0.0,,31,3.2,,1014.7,,8,5,42176,Rohtak
2025-01-04 00:00:00,8.1,99,0.0,,47,3.6,,1014.9,,8,5,42176,Rohtak
2025-01-04 00:00:00,8.1,99,0.0,,47,3.6,,1014.9,,8,5,42176,Rohtak
2025-01-04 01:00:00,8.3,99,0.0,,67,2.9,,1015.3,,8,5,42176,Rohtak
2025-01-04 01:00:00,8.3,99,0.0,,67,2.9,,1015.3,,8,5,42176,Rohtak
2025-01-04 02:00:00,8.3,98,0.0,,158,3.2,,1016.1,,8,5,42176,Rohtak
2025-01-04 02:00:00,8.3,98,0.0,,158,3.2,,1016.1,,8,5,42176,Rohtak
2025-01-04 03:00:00,8.6,90,0.0,,160,3.6,,1014.3,,3,5,42176,Rohtak
2025-01-04 03:00:00,8.6,90,0.0,,160,3.6,,1014.3,,3,5,42176,Rohtak
2025-01-04 04:00:00,11.6,97,0.0,,174,5.0,,1017.6,,8,5,42176,Rohtak
2025-01-04 04:00:00,11.6,97,0.0,,174,5.0,,1017.6,,8,5,42176,Rohtak
2025-01-04 05:00:00,14.1,89,0.0,,150,6.1,,1017.8,,7,5,42176,Rohtak
2025-01-04 05:00:00,14.1,89,0.0,,150,6.1,,1017.8,,7,5,42176,Rohtak
2025-01-04 06:00:00,15.9,89,0.0,,175,4.3,,1017.3,,7,5,42176,Rohtak
2025-01-04 06:00:00,15.9,89,0.0,,175,4.3,,1017.3,,7,5,42176,Rohtak
2025-01-04 07:00:00,18.7,83,0.0,,173,2.9,,1016.2,,2,5,42176,Rohtak
2025-01-04 07:00:00,18.7,83,0.0,,173,2.9,,1016.2,,2,5,42176,Rohtak
2025-01-04 08:00:00,20.6,80,0.0,,148,3.6,,1015.0,,0,2,42176,Rohtak
2025-01-04 08:00:00,20.6,80,0.0,,148,3.6,,1015.0,,0,2,42176,Rohtak
2025-01-04 09:00:00,22.1,73,0.0,,136,4.3,,1013.9,,0,1,42176,Rohtak
2025-01-04 09:00:00,22.1,73,0.0,,136,4.3,,1013.9,,0,1,42176,Rohtak
2025-01-04 10:00:00,22.4,72,0.0,,127,5.8,,1013.4,,0,1,42176,Rohtak
2025-01-04 10:00:00,22.4,72,0.0,,127,5.8,,1013.4,,0,1,42176,Rohtak
2025-01-04 11:00:00,21.3,82,0.0,,112,5.4,,1013.1,,0,1,42176,Rohtak
2025-01-04 11:00:00,21.3,82,0.0,,112,5.4,,1013.1,,0,1,42176,Rohtak
2025-01-04 12:00:00,16.0,38,0.0,,320,3.6,,1016.4,,6,1,42176,Rohtak
2025-01-04 12:00:00,16.0,38,0.0,,320,3.6,,1016.4,,6,1,42176,Rohtak
2025-01-04 13:00:00,16.6,92,0.0,,103,8.6,,1013.8,,0,1,42176,Rohtak
2025-01-04 13:00:00,16.6,92,0.0,,103,8.6,,1013.8,,0,1,42176,Rohtak
2025-01-04 14:00:00,15.6,94,0.0,,112,8.3,,1014.5,,0,1,42176,Rohtak
2025-01-04 14:00:00,15.6,94,0.0,,112,8.3,,1014.5,,0,1,42176,Rohtak
2025-01-04 15:00:00,14.6,95,0.0,,118,8.3,,1015.3,,0,1,42176,Rohtak
2025-01-04 15:00:00,14.6,95,0.0,,118,8.3,,1015.3,,0,1,42176,Rohtak
2025-01-04 16:00:00,14.1,97,0.0,,123,8.3,,1015.8,,0,1,42176,Rohtak
2025-01-04 16:00:00,14.1,97,0.0,,123,8.3,,1015.8,,0,1,42176,Rohtak
2025-01-04 17:00:00,13.9,98,0.0,,128,8.6,,1015.9,,0,1,42176,Rohtak
2025-01-04 17:00:00,13.9,98,0.0,,128,8.6,,1015.9,,0,1,42176,Rohtak
2025-01-04 18:00:00,12.9,98,0.0,,143,8.3,,1016.2,,0,1,42176,Rohtak
2025-01-04 18:00:00,12.9,98,0.0,,143,8.3,,1016.2,,0,1,42176,Rohtak
2025-01-04 19:00:00,11.9,99,0.0,,135,7.2,,1015.9,,0,1,42176,Rohtak
2025-01-04 19:00:00,11.9,99,0.0,,135,7.2,,1015.9,,0,1,42176,Rohtak
2025-01-04 20:00:00,11.3,100,0.0,,125,7.2,,1015.7,,1,1,42176,Rohtak
2025-01-04 20:00:00,11.3,100,0.0,,125,7.2,,1015.7,,1,1,42176,Rohtak
2025-01-04 21:00:00,11.4,100,0.0,,121,7.6,,1015.4,,8,2,42176,Rohtak
2025-01-04 21:00:00,11.4,100,0.0,,121,7.6,,1015.4,,8,2,42176,Rohtak
2025-01-04 22:00:00,11.8,100,0.0,,120,8.6,,1015.1,,8,5,42176,Rohtak
2025-01-04 22:00:00,11.8,100,0.0,,120,8.6,,1015.1,,8,5,42176,Rohtak
2025-01-04 23:00:00,12.4,100,0.0,,138,9.0,,1015.0,,8,5,42176,Rohtak
2025-01-04 23:00:00,12.4,100,0.0,,138,9.0,,1015.0,,8,5,42176,Rohtak
2025-01-05 00:00:00,12.0,100,0.0,,133,9.7,,1015.1,,8,5,42176,Rohtak
2025-01-05 00:00:00,12.0,100,0.0,,133,9.7,,1015.1,,8,5,42176,Rohtak
2025-01-05 01:00:00,11.8,99,0.0,,132,9.7,,1015.3,,8,5,42176,Rohtak
2025-01-05 01:00:00,11.8,99,0.0,,132,9.7,,1015.3,,8,5,42176,Rohtak
2025-01-05 02:00:00,11.5,99,0.0,,131,9.7,,1015.9,,8,5,42176,Rohtak
2025-01-05 02:00:00,11.5,99,0.0,,131,9.7,,1015.9,,8,5,42176,Rohtak
2025-01-05 03:00:00,10.4,91,0.0,,140,3.6,,1013.3,,6,5,42176,Rohtak
2025-01-05 03:00:00,10.4,91,0.0,,140,3.6,,1013.3,,6,5,42176,Rohtak
2025-01-05 04:00:00,12.1,98,0.0,,132,11.9,,1017.6,,8,5,42176,Rohtak
2025-01-05 04:00:00,12.1,98,0.0,,132,11.9,,1017.6,,8,5,42176,Rohtak
2025-01-05 05:00:00,14.1,89,0.0,,135,12.2,,1017.9,,7,5,42176,Rohtak
2025-01-05 05:00:00,14.1,89,0.0,,135,12.2,,1017.9,,7,5,42176,Rohtak
2025-01-05 06:00:00,16.5,83,0.0,,131,8.6,,1017.5,,0,3,42176,Rohtak
2025-01-05 06:00:00,16.5,83,0.0,,131,8.6,,1017.5,,0,3,42176,Rohtak
2025-01-05 07:00:00,18.1,78,0.0,,125,7.9,,1016.3,,0,1,42176,Rohtak
2025-01-05 07:00:00,18.1,78,0.0,,125,7.9,,1016.3,,0,1,42176,Rohtak
2025-01-05 08:00:00,19.3,74,0.0,,115,7.6,,1015.0,,0,1,42176,Rohtak
2025-01-05 08:00:00,19.3,74,0.0,,115,7.6,,1015.0,,0,1,42176,Rohtak
2025-01-05 09:00:00,19.9,72,0.0,,118,9.4,,1014.4,,0,1,42176,Rohtak
2025-01-05 09:00:00,19.9,72,0.0,,118,9.4,,1014.4,,0,1,42176,Rohtak
2025-01-05 10:00:00,19.9,71,0.0,,112,11.9,,1013.8,,0,1,42176,Rohtak
2025-01-05 10:00:00,19.9,71,0.0,,112,11.9,,1013.8,,0,1,42176,Rohtak
2025-01-05 11:00:00,19.2,75,0.0,,107,11.5,,1013.4,,0,1,42176,Rohtak
2025-01-05 11:00:00,19.2,75,0.0,,107,11.5,,1013.4,,0,1,42176,Rohtak
2025-01-05 12:00:00,16.4,93,0.0,,30,3.6,,1011.1,,7,1,42176,Rohtak
2025-01-05 12:00:00,16.4,93,0.0,,30,3.6,,1011.1,,7,1,42176,Rohtak
2025-01-05 13:00:00,15.4,90,0.0,,103,9.0,,1014.2,,0,1,42176,Rohtak
2025-01-05 13:00:00,15.4,90,0.0,,103,9.0,,1014.2,,0,1,42176,Rohtak
2025-01-05 14:00:00,13.9,92,0.0,,105,8.6,,1015.7,,0,1,42176,Rohtak
2025-01-05 14:00:00,13.9,92,0.0,,105,8.6,,1015.7,,0,1,42176,Rohtak
2025-01-05 15:00:00,13.1,93,0.0,,106,7.2,,1016.6,,0,1,42176,Rohtak
2025-01-05 15:00:00,13.1,93,0.0,,106,7.2,,1016.6,,0,1,42176,Rohtak
2025-01-05 16:00:00,12.7,94,0.0,,112,7.9,,1016.8,,0,1,42176,Rohtak
2025-01-05 16:00:00,12.7,94,0.0,,112,7.9,,1016.8,,0,1,42176,Rohtak
2025-01-05 17:00:00,12.4,95,0.0,,121,7.6,,1016.9,,0,1,42176,Rohtak
2025-01-05 17:00:00,12.4,95,0.0,,121,7.6,,1016.9,,0,1,42176,Rohtak
2025-01-05 18:00:00,11.8,96,0.0,,113,7.2,,1017.0,,0,1,42176,Rohtak
2025-01-05 18:00:00,11.8,96,0.0,,113,7.2,,1017.0,,0,1,42176,Rohtak
2025-01-05 19:00:00,11.4,97,0.0,,105,7.9,,1016.3,,0,1,42176,Rohtak
2025-01-05 19:00:00,11.4,97,0.0,,105,7.9,,1016.3,,0,1,42176,Rohtak
2025-01-05 20:00:00,11.1,98,0.0,,113,6.1,,1016.0,,1,1,42176,Rohtak
2025-01-05 20:00:00,11.1,98,0.0,,113,6.1,,1016.0,,1,1,42176,Rohtak
2025-01-05 21:00:00,10.6,99,0.0,,95,5.8,,1015.7,,5,1,42176,Rohtak
2025-01-05 21:00:00,10.6,99,0.0,,95,5.8,,1015.7,,5,1,42176,Rohtak
2025-01-05 22:00:00,10.9,99,0.0,,76,4.0,,1015.7,,4,3,42176,Rohtak
2025-01-05 22:00:00,10.9,99,0.0,,76,4.0,,1015.7,,4,3,42176,Rohtak
2025-01-05 23:00:00,11.4,99,0.9,,87,10.8,,1015.1,,4,17,42176,Rohtak
2025-01-05 23:00:00,11.4,99,0.9,,87,10.8,,1015.1,,4,17,42176,Rohtak
2025-01-06 00:00:00,11.0,99,2.9,,330,4.3,,1016.2,,5,18,42176,Rohtak
2025-01-06 00:00:00,11.0,99,2.9,,330,4.3,,1016.2,,5,18,42176,Rohtak
2025-01-06 01:00:00,11.2,99,1.0,,58,8.3,,1016.2,,6,18,42176,Rohtak
2025-01-06 01:00:00,11.2,99,1.0,,58,8.3,,1016.2,,6,18,42176,Rohtak
2025-01-06 02:00:00,11.1,99,0.0,,24,6.1,,1016.5,,1,3,42176,Rohtak
2025-01-06 02:00:00,11.1,99,0.0,,24,6.1,,1016.5,,1,3,42176,Rohtak
2025-01-06 03:00:00,11.6,86,0.0,,200,3.6,,1015.1,,7,2,42176,Rohtak
2025-01-06 03:00:00,11.6,86,0.0,,200,3.6,,1015.1,,7,2,42176,Rohtak
2025-01-06 04:00:00,13.5,94,0.0,,85,7.9,,1018.6,,8,2,42176,Rohtak
2025-01-06 04:00:00,13.5,94,0.0,,85,7.9,,1018.6,,8,2,42176,Rohtak
2025-01-06 05:00:00,14.1,93,0.0,,127,4.7,,1019.7,,8,3,42176,Rohtak
2025-01-06 05:00:00,14.1,93,0.0,,127,4.7,,1019.7,,8,3,42176,Rohtak
2025-01-06 06:00:00,15.8,86,0.0,,123,2.9,,1019.1,,8,3,42176,Rohtak
2025-01-06 06:00:00,15.8,86,0.0,,123,2.9,,1019.1,,8,3,42176,Rohtak
2025-01-06 07:00:00,17.2,77,0.0,,294,2.9,,1018.3,,5,3,42176,Rohtak
2025-01-06 07:00:00,17.2,77,0.0,,294,2.9,,1018.3,,5,3,42176,Rohtak
2025-01-06 08:00:00,18.9,68,0.0,,308,7.6,,1017.2,,5,3,42176,Rohtak
2025-01-06 08:00:00,18.9,68,0.0,,308,7.6,,1017.2,,5,3,42176,Rohtak
2025-01-06 09:00:00,19.4,67,0.0,,309,11.2,,1016.3,,4,3,42176,Rohtak
2025-01-06 09:00:00,19.4,67,0.0,,309,11.2,,1016.3,,4,3,42176,Rohtak
2025-01-06 10:00:00,19.7,67,0.0,,325,12.6,,1016.2,,3,3,42176,Rohtak
2025-01-06 10:00:00,19.7,67,0.0,,325,12.6,,1016.2,,3,3,42176,Rohtak
2025-01-06 11:00:00,18.9,71,0.0,,333,11.2,,1016.0,,3,2,42176,Rohtak
2025-01-06 11:00:00,18.9,71,0.0,,333,11.2,,1016.0,,3,2,42176,Rohtak
2025-01-06 12:00:00,13.0,95,0.0,,300,3.6,,1014.1,,7,2,42176,Rohtak
2025-01-06 12:00:00,13.0,95,0.0,,300,3.6,,1014.1,,7,2,42176,Rohtak
2025-01-06 13:00:00,14.8,89,0.0,,305,10.8,,1016.7,,1,2,42176,Rohtak
2025-01-06 13:00:00,14.8,89,0.0,,305,10.8,,1016.7,,1,2,42176,Rohtak
2025-01-06 14:00:00,14.5,91,0.0,,310,12.6,,1017.3,,0,2,42176,Rohtak
2025-01-06 14:00:00,14.5,91,0.0,,310,12.6,,1017.3,,0,2,42176,Rohtak
2025-01-06 15:00:00,13.6,93,0.0,,310,12.2,,1018.4,,0,1,42176,Rohtak
2025-01-06 15:00:00,13.6,93,0.0,,310,12.2,,1018.4,,0,1,42176,Rohtak
2025-01-06 16:00:00,13.2,94,0.0,,307,11.5,,1018.7,,0,1,42176,Rohtak
2025-01-06 16:00:00,13.2,94,0.0,,307,11.5,,1018.7,,0,1,42176,Rohtak
2025-01-06 17:00:00,12.6,94,0.0,,305,10.4,,1018.9,,0,1,42176,Rohtak
2025-01-06 17:00:00,12.6,94,0.0,,305,10.4,,1018.9,,0,1,42176,Rohtak
2025-01-06 18:00:00,12.1,94,0.0,,305,10.1,,1018.7,,0,1,42176,Rohtak
2025-01-06 18:00:00,12.1,94,0.0,,305,10.1,,1018.7,,0,1,42176,Rohtak
2025-01-06 19:00:00,11.8,95,0.0,,301,10.4,,1018.5,,0,1,42176,Rohtak
2025-01-06 19:00:00,11.8,95,0.0,,301,10.4,,1018.5,,0,1,42176,Rohtak
2025-01-06 20:00:00,12.0,95,0.0,,302,11.5,,1018.0,,0,1,42176,Rohtak
2025-01-06 20:00:00,12.0,95,0.0,,302,11.5,,1018.0,,0,1,42176,Rohtak
2025-01-06 21:00:00,11.7,96,0.0,,302,10.8,,1017.8,,0,1,42176,Rohtak
2025-01-06 21:00:00,11.7,96,0.0,,302,10.8,,1017.8,,0,1,42176,Rohtak
2025-01-06 22:00:00,11.4,97,0.0,,298,10.4,,1017.7,,0,1,42176,Rohtak
2025-01-06 22:00:00,11.4,97,0.0,,298,10.4,,1017.7,,0,1,42176,Rohtak
2025-01-06 23:00:00,11.1,97,0.0,,295,10.8,,1017.7,,0,1,42176,Rohtak
2025-01-06 23:00:00,11.1,97,0.0,,295,10.8,,1017.7,,0,1,42176,Rohtak
2025-01-07 00:00:00,10.9,97,0.0,,292,11.2,,1017.6,,0,1,42176,Rohtak
2025-01-07 00:00:00,10.9,97,0.0,,292,11.2,,1017.6,,0,1,42176,Rohtak
2025-01-07 01:00:00,11.7,99,0.0,,294,11.2,,1018.4,,8,1,42176,Rohtak
2025-01-07 01:00:00,11.7,99,0.0,,294,11.2,,1018.4,,8,1,42176,Rohtak
2025-01-07 02:00:00,12.2,100,0.0,,299,15.1,,1018.7,,8,3,42176,Rohtak
2025-01-07 02:00:00,12.2,100,0.0,,299,15.1,,1018.7,,8,3,42176,Rohtak
2025-01-07 03:00:00,11.8,89,0.0,,170,3.6,,1016.7,,7,5,42176,Rohtak
2025-01-07 03:00:00,11.8,89,0.0,,170,3.6,,1016.7,,7,5,42176,Rohtak
2025-01-07 04:00:00,12.9,98,0.0,,300,14.4,,1020.3,,8,5,42176,Rohtak
2025-01-07 04:00:00,12.9,98,0.0,,300,14.4,,1020.3,,8,5,42176,Rohtak
2025-01-07 05:00:00,13.8,94,0.0,,296,15.1,,1020.7,,8,5,42176,Rohtak
2025-01-07 05:00:00,13.8,94,0.0,,296,15.1,,1020.7,,8,5,42176,Rohtak
2025-01-07 06:00:00,15.4,87,0.0,,296,16.2,,1020.2,,8,3,42176,Rohtak
2025-01-07 06:00:00,15.4,87,0.0,,296,16.2,,1020.2,,8,3,42176,Rohtak
2025-01-07 07:00:00,16.9,76,0.0,,300,16.2,,1019.2,,4,3,42176,Rohtak
2025-01-07 07:00:00,16.9,76,0.0,,300,16.2,,1019.2,,4,3,42176,Rohtak
2025-01-07 08:00:00,18.0,70,0.0,,300,13.0,,1017.6,,1,3,42176,Rohtak
2025-01-07 08:00:00,18.0,70,0.0,,300,13.0,,1017.6,,1,3,42176,Rohtak
2025-01-07 09:00:00,18.6,69,0.0,,303,11.5,,1016.4,,1,2,42176,Rohtak
2025-01-07 09:00:00,18.6,69,0.0,,303,11.5,,1016.4,,1,2,42176,Rohtak
2025-01-07 10:00:00,18.7,66,0.0,,299,13.3,,1015.9,,0,1,42176,Rohtak
2025-01-07 10:00:00,18.7,66,0.0,,299,13.3,,1015.9,,0,1,42176,Rohtak
2025-01-07 11:00:00,18.2,69,0.0,,290,12.2,,1015.7,,0,1,42176,Rohtak
2025-01-07 11:00:00,18.2,69,0.0,,290,12.2,,1015.7,,0,1,42176,Rohtak
2025-01-07 12:00:00,15.2,90,0.0,,300,3.6,,1013.8,,7,1,42176,Rohtak
2025-01-07 12:00:00,15.2,90,0.0,,300,3.6,,1013.8,,7,1,42176,Rohtak
2025-01-07 13:00:00,14.4,81,0.0,,296,11.2,,1016.3,,0,1,42176,Rohtak
2025-01-07 13:00:00,14.4,81,0.0,,296,11.2,,1016.3,,0,1,42176,Rohtak
2025-01-07 14:00:00,13.6,82,0.0,,294,11.2,,1016.7,,0,1,42176,Rohtak
2025-01-07 14:00:00,13.6,82,0.0,,294,11.2,,1016.7,,0,1,42176,Rohtak
2025-01-07 15:00:00,12.7,83,0.0,,287,11.2,,1016.9,,0,1,42176,Rohtak
2025-01-07 15:00:00,12.7,83,0.0,,287,11.2,,1016.9,,0,1,42176,Rohtak
2025-01-07 16:00:00,11.7,90,0.0,,282,10.1,,1017.5,,0,1,42176,Rohtak
2025-01-07 16:00:00,11.7,90,0.0,,282,10.1,,1017.5,,0,1,42176,Rohtak
2025-01-07 17:00:00,11.1,90,0.0,,284,10.1,,1017.4,,0,1,42176,Rohtak
2025-01-07 17:00:00,11.1,90,0.0,,284,10.1,,1017.4,,0,1,42176,Rohtak
2025-01-07 18:00:00,10.6,88,0.0,,286,10.8,,1016.9,,0,1,42176,Rohtak
2025-01-07 18:00:00,10.6,88,0.0,,286,10.8,,1016.9,,0,1,42176,Rohtak
2025-01-07 19:00:00,10.3,86,0.0,,286,10.8,,1016.6,,0,1,42176,Rohtak
2025-01-07 19:00:00,10.3,86,0.0,,286,10.8,,1016.6,,0,1,42176,Rohtak
2025-01-07 20:00:00,9.8,85,0.0,,286,10.4,,1016.2,,0,1,42176,Rohtak
2025-01-07 20:00:00,9.8,85,0.0,,286,10.4,,1016.2,,0,1,42176,Rohtak
2025-01-07 21:00:00,9.9,90,0.0,,288,10.4,,1015.1,,0,1,42176,Rohtak
2025-01-07 21:00:00,9.9,90,0.0,,288,10.4,,1015.1,,0,1,42176,Rohtak
2025-01-07 22:00:00,9.6,89,0.0,,290,10.8,,1014.9,,0,1,42176,Rohtak
2025-01-07 22:00:00,9.6,89,0.0,,290,10.8,,1014.9,,0,1,42176,Rohtak
2025-01-07 23:00:00,9.4,89,0.0,,289,11.2,,1014.7,,0,1,42176,Rohtak
2025-01-07 23:00:00,9.4,89,0.0,,289,11.2,,1014.7,,0,1,42176,Rohtak
2025-01-08 00:00:00,9.3,88,0.0,,289,11.9,,1014.9,,0,1,42176,Rohtak
2025-01-08 00:00:00,9.3,88,0.0,,289,11.9,,1014.9,,0,1,42176,Rohtak
2025-01-08 01:00:00,9.2,87,0.0,,287,12.2,,1015.5,,0,1,42176,Rohtak
2025-01-08 01:00:00,9.2,87,0.0,,287,12.2,,1015.5,,0,1,42176,Rohtak
2025-01-08 02:00:00,9.1,89,0.0,,281,11.2,,1016.2,,0,1,42176,Rohtak
2025-01-08 02:00:00,9.1,89,0.0,,281,11.2,,1016.2,,0,1,42176,Rohtak
2025-01-08 03:00:00,10.4,84,0.0,,280,13.0,,1017.0,,0,1,42176,Rohtak
2025-01-08 03:00:00,10.4,84,0.0,,280,13.0,,1017.0,,0,1,42176,Rohtak
2025-01-08 04:00:00,12.4,79,0.0,,272,10.8,,1017.9,,0,1,42176,Rohtak
2025-01-08 04:00:00,12.4,79,0.0,,272,10.8,,1017.9,,0,1,42176,Rohtak
2025-01-08 05:00:00,14.7,71,0.0,,267,11.2,,1018.2,,0,1,42176,Rohtak
2025-01-08 05:00:00,14.7,71,0.0,,267,11.2,,1018.2,,0,1,42176,Rohtak
2025-01-08 06:00:00,16.8,63,0.0,,267,11.9,,1017.7,,0,1,42176,Rohtak
2025-01-08 06:00:00,16.8,63,0.0,,267,11.9,,1017.7,,0,1,42176,Rohtak
2025-01-08 07:00:00,18.3,56,0.0,,276,13.7,,1016.8,,0,1,42176,Rohtak
2025-01-08 07:00:00,18.3,56,0.0,,276,13.7,,1016.8,,0,1,42176,Rohtak
2025-01-08 08:00:00,19.3,51,0.0,,285,14.4,,1015.8,,0,1,42176,Rohtak
2025-01-08 08:00:00,19.3,51,0.0,,285,14.4,,1015.8,,0,1,42176,Rohtak
2025-01-08 09:00:00,19.8,49,0.0,,294,14.0,,1015.2,,0,1,42176,Rohtak
2025-01-08 09:00:00,19.8,49,0.0,,294,14.0,,1015.2,,0,1,42176,Rohtak
2025-01-08 10:00:00,19.7,50,0.0,,295,12.2,,1015.0,,0,1,42176,Rohtak
2025-01-08 10:00:00,19.7,50,0.0,,295,12.2,,1015.0,,0,1,42176,Rohtak
2025-01-08 11:00:00,18.5,59,0.0,,289,8.6,,1015.0,,0,1,42176,Rohtak
2025-01-08 11:00:00,18.5,59,0.0,,289,8.6,,1015.0,,0,1,42176,Rohtak
2025-01-08 12:00:00,18.4,71,0.0,,320,3.6,,1011.5,,7,1,42176,Rohtak
2025-01-08 12:00:00,18.4,71,0.0,,320,3.6,,1011.5,,7,1,42176,Rohtak
2025-01-08 13:00:00,13.3,76,0.0,,274,7.6,,1015.4,,0,1,42176,Rohtak
2025-01-08 13:00:00,13.3,76,0.0,,274,7.6,,1015.4,,0,1,42176,Rohtak
2025-01-08 14:00:00,12.3,79,0.0,,280,7.9,,1015.9,,0,1,42176,Rohtak
2025-01-08 14:00:00,12.3,79,0.0,,280,7.9,,1015.9,,0,1,42176,Rohtak
2025-01-08 15:00:00,11.6,81,0.0,,284,7.6,,1016.4,,1,1,42176,Rohtak
2025-01-08 15:00:00,11.6,81,0.0,,284,7.6,,1016.4,,1,1,42176,Rohtak
2025-01-08 16:00:00,11.0,82,0.0,,277,7.2,,1016.7,,1,1,42176,Rohtak
2025-01-08 16:00:00,11.0,82,0.0,,277,7.2,,1016.7,,1,1,42176,Rohtak
2025-01-08 17:00:00,10.4,83,0.0,,270,6.8,,1016.8,,1,1,42176,Rohtak
2025-01-08 17:00:00,10.4,83,0.0,,270,6.8,,1016.8,,1,1,42176,Rohtak
2025-01-08 18:00:00,10.0,84,0.0,,270,6.1,,1017.1,,1,1,42176,Rohtak
2025-01-08 18:00:00,10.0,84,0.0,,270,6.1,,1017.1,,1,1,42176,Rohtak
2025-01-08 19:00:00,9.3,86,0.0,,276,5.8,,1016.7,,0,1,42176,Rohtak
2025-01-08 19:00:00,9.3,86,0.0,,276,5.8,,1016.7,,0,1,42176,Rohtak
2025-01-08 20:00:00,8.8,88,0.0,,279,5.8,,1016.6,,0,1,42176,Rohtak
2025-01-08 20:00:00,8.8,88,0.0,,279,5.8,,1016.6,,0,1,42176,Rohtak
2025-01-08 21:00:00,8.4,88,0.0,,250,4.3,,1017.1,,1,1,42176,Rohtak
2025-01-08 21:00:00,8.4,88,0.0,,250,4.3,,1017.1,,1,1,42176,Rohtak
2025-01-08 22:00:00,8.0,89,0.0,,221,2.2,,1017.1,,0,1,42176,Rohtak
2025-01-08 22:00:00,8.0,89,0.0,,221,2.2,,1017.1,,0,1,42176,Rohtak
2025-01-08 23:00:00,8.3,87,0.0,,290,2.9,,1016.4,,1,1,42176,Rohtak
2025-01-08 23:00:00,8.3,87,0.0,,290,2.9,,1016.4,,1,1,42176,Rohtak
2025-01-09 00:00:00,7.9,88,0.0,,345,3.2,,1016.4,,0,2,42176,Rohtak
2025-01-09 00:00:00,7.9,88,0.0,,345,3.2,,1016.4,,0,2,42176,Rohtak
2025-01-09 01:00:00,7.5,91,0.0,,6,4.0,,1016.9,,1,1,42176,Rohtak
2025-01-09 01:00:00,7.5,91,0.0,,6,4.0,,1016.9,,1,1,42176,Rohtak
2025-01-09 02:00:00,7.3,91,0.0,,92,3.6,,1017.8,,1,1,42176,Rohtak
2025-01-09 02:00:00,7.3,91,0.0,,92,3.6,,1017.8,,1,1,42176,Rohtak
2025-01-09 03:00:00,6.0,89,0.0,,140,3.6,,1015.9,,7,2,42176,Rohtak
2025-01-09 03:00:00,6.0,89,0.0,,140,3.6,,1015.9,,7,2,42176,Rohtak
2025-01-09 04:00:00,12.3,85,0.0,,138,4.0,,1019.7,,0,1,42176,Rohtak
2025-01-09 04:00:00,12.3,85,0.0,,138,4.0,,1019.7,,0,1,42176,Rohtak
2025-01-09 05:00:00,15.5,78,0.0,,143,4.0,,1020.2,,0,1,42176,Rohtak
2025-01-09 05:00:00,15.5,78,0.0,,143,4.0,,1020.2,,0,1,42176,Rohtak
2025-01-09 06:00:00,17.7,69,0.0,,138,4.7,,1019.9,,1,1,42176,Rohtak
2025-01-09 06:00:00,17.7,69,0.0,,138,4.7,,1019.9,,1,1,42176,Rohtak
2025-01-09 07:00:00,19.2,61,0.0,,127,4.3,,1018.9,,3,2,42176,Rohtak
2025-01-09 07:00:00,19.2,61,0.0,,127,4.3,,1018.9,,3,2,42176,Rohtak
2025-01-09 08:00:00,20.0,56,0.0,,124,3.6,,1018.1,,5,3,42176,Rohtak
2025-01-09 08:00:00,20.0,56,0.0,,124,3.6,,1018.1,,5,3,42176,Rohtak
2025-01-09 09:00:00,20.2,56,0.0,,94,2.9,,1017.3,,7,3,42176,Rohtak
2025-01-09 09:00:00,20.2,56,0.0,,94,2.9,,1017.3,,7,3,42176,Rohtak
2025-01-09 10:00:00,20.1,57,0.0,,79,3.6,,1017.0,,4,3,42176,Rohtak
2025-01-09 10:00:00,20.1,57,0.0,,79,3.6,,1017.0,,4,3,42176,Rohtak
2025-01-09 11:00:00,19.2,73,0.0,,96,2.9,,1017.1,,0,3,42176,Rohtak
2025-01-09 11:00:00,19.2,73,0.0,,96,2.9,,1017.1,,0,3,42176,Rohtak
2025-01-09 12:00:00,16.6,91,0.0,,50,3.6,,1016.0,,7,1,42176,Rohtak
2025-01-09 12:00:00,16.6,91,0.0,,50,3.6,,1016.0,,7,1,42176,Rohtak
2025-01-09 13:00:00,14.3,80,0.0,,97,3.2,,1017.7,,0,1,42176,Rohtak
2025-01-09 13:00:00,14.3,80,0.0,,97,3.2,,1017.7,,0,1,42176,Rohtak
2025-01-09 14:00:00,12.8,86,0.0,,82,5.8,,1018.7,,0,1,42176,Rohtak
2025-01-09 14:00:00,12.8,86,0.0,,82,5.8,,1018.7,,0,1,42176,Rohtak
2025-01-09 15:00:00,11.9,89,0.0,,97,5.4,,1019.3,,0,1,42176,Rohtak
2025-01-09 15:00:00,11.9,89,0.0,,97,5.4,,1019.3,,0,1,42176,Rohtak
2025-01-09 16:00:00,10.9,92,0.0,,84,5.4,,1019.7,,0,1,42176,Rohtak
2025-01-09 16:00:00,10.9,92,0.0,,84,5.4,,1019.7,,0,1,42176,Rohtak
2025-01-09 17:00:00,10.0,93,0.0,,98,6.1,,1019.9,,0,1,42176,Rohtak
2025-01-09 17:00:00,10.0,93,0.0,,98,6.1,,1019.9,,0,1,42176,Rohtak
2025-01-09 18:00:00,9.3,94,0.0,,107,5.8,,1020.0,,0,1,42176,Rohtak
2025-01-09 18:00:00,9.3,94,0.0,,107,5.8,,1020.0,,0,1,42176,Rohtak
2025-01-09 19:00:00,9.3,94,0.0,,108,5.0,,1019.5,,0,1,42176,Rohtak
2025-01-09 19:00:00,9.3,94,0.0,,108,5.0,,1019.5,,0,1,42176,Rohtak
2025-01-09 20:00:00,8.6,96,0.0,,117,4.3,,1019.4,,0,1,42176,Rohtak
2025-01-09 20:00:00,8.6,96,0.0,,117,4.3,,1019.4,,0,1,42176,Rohtak
2025-01-09 21:00:00,8.2,97,0.0,,108,4.0,,1019.2,,0,1,42176,Rohtak
2025-01-09 21:00:00,8.2,97,0.0,,108,4.0,,1019.2,,0,1,42176,Rohtak
2025-01-09 22:00:00,7.8,97,0.0,,87,4.0,,1019.1,,0,1,42176,Rohtak
2025-01-09 22:00:00,7.8,97,0.0,,87,4.0,,1019.1,,0,1,42176,Rohtak
2025-01-09 23:00:00,7.4,98,0.0,,91,3.2,,1019.0,,0,1,42176,Rohtak
2025-01-09 23:00:00,7.4,98,0.0,,91,3.2,,1019.0,,0,1,42176,Rohtak
2025-01-10 00:00:00,6.7,100,0.0,,134,3.2,,1019.2,,7,1,42176,Rohtak
2025-01-10 00:00:00,6.7,100,0.0,,134,3.2,,1019.2,,7,1,42176,Rohtak
2025-01-10 01:00:00,6.1,100,0.0,,166,5.0,,1020.0,,8,5,42176,Rohtak
2025-01-10 01:00:00,6.1,100,0.0,,166,5.0,,1020.0,,8,5,42176,Rohtak
2025-01-10 02:00:00,6.2,99,0.0,,167,6.1,,1020.8,,8,5,42176,Rohtak
2025-01-10 02:00:00,6.2,99,0.0,,167,6.1,,1020.8,,8,5,42176,Rohtak
2025-01-10 03:00:00,9.0,94,0.0,,140,3.6,,1019.2,,7,5,42176,Rohtak
2025-01-10 03:00:00,9.0,94,0.0,,140,3.6,,1019.2,,7,5,42176,Rohtak
2025-01-10 04:00:00,10.1,98,0.0,,140,4.0,,1022.3,,8,5,42176,Rohtak
2025-01-10 04:00:00,10.1,98,0.0,,140,4.0,,1022.3,,8,5,42176,Rohtak
2025-01-10 05:00:00,12.5,96,0.0,,133,3.2,,1022.7,,8,5,42176,Rohtak
2025-01-10 05:00:00,12.5,96,0.0,,133,3.2,,1022.7,,8,5,42176,Rohtak
2025-01-10 06:00:00,15.9,84,0.0,,123,4.7,,1022.2,,0,5,42176,Rohtak
2025-01-10 06:00:00,15.9,84,0.0,,123,4.7,,1022.2,,0,5,42176,Rohtak
2025-01-10 07:00:00,18.2,72,0.0,,112,6.1,,1021.0,,0,1,42176,Rohtak
2025-01-10 07:00:00,18.2,72,0.0,,112,6.1,,1021.0,,0,1,42176,Rohtak
2025-01-10 08:00:00,19.3,64,0.0,,104,6.8,,1019.7,,0,1,42176,Rohtak
2025-01-10 08:00:00,19.3,64,0.0,,104,6.8,,1019.7,,0,1,42176,Rohtak
2025-01-10 09:00:00,19.8,61,0.0,,95,7.2,,1018.7,,0,1,42176,Rohtak
2025-01-10 09:00:00,19.8,61,0.0,,95,7.2,,1018.7,,0,1,42176,Rohtak
2025-01-10 10:00:00,19.4,62,0.0,,95,8.6,,1018.3,,0,1,42176,Rohtak
2025-01-10 10:00:00,19.4,62,0.0,,95,8.6,,1018.3,,0,1,42176,Rohtak
2025-01-10 11:00:00,18.5,70,0.0,,90,7.2,,1018.1,,0,1,42176,Rohtak
2025-01-10 11:00:00,18.5,70,0.0,,90,7.2,,1018.1,,0,1,42176,Rohtak
2025-01-10 12:00:00,14.2,92,0.0,,360,3.6,,1015.4,,7,1,42176,Rohtak
2025-01-10 12:00:00,14.2,92,0.0,,360,3.6,,1015.4,,7,1,42176,Rohtak
2025-01-10 13:00:00,13.5,87,0.0,,78,8.3,,1018.3,,0,1,42176,Rohtak
2025-01-10 13:00:00,13.5,87,0.0,,78,8.3,,1018.3,,0,1,42176,Rohtak
2025-01-10 14:00:00,12.7,88,0.0,,87,8.6,,1018.7,,0,1,42176,Rohtak
2025-01-10 14:00:00,12.7,88,0.0,,87,8.6,,1018.7,,0,1,42176,Rohtak
2025-01-10 15:00:00,11.7,91,0.0,,94,8.3,,1019.0,,0,1,42176,Rohtak
2025-01-10 15:00:00,11.7,91,0.0,,94,8.3,,1019.0,,0,1,42176,Rohtak
2025-01-10 16:00:00,11.2,92,0.0,,105,8.6,,1018.9,,0,1,42176,Rohtak
2025-01-10 16:00:00,11.2,92,0.0,,105,8.6,,1018.9,,0,1,42176,Rohtak
2025-01-10 17:00:00,10.8,93,0.0,,119,9.0,,1019.2,,0,1,42176,Rohtak
2025-01-10 17:00:00,10.8,93,0.0,,119,9.0,,1019.2,,0,1,42176,Rohtak
2025-01-10 18:00:00,10.5,94,0.0,,128,9.0,,1019.2,,0,1,42176,Rohtak
2025-01-10 18:00:00,10.5,94,0.0,,128,9.0,,1019.2,,0,1,42176,Rohtak
2025-01-10 19:00:00,10.2,95,0.0,,131,8.6,,1019.0,,0,1,42176,Rohtak
2025-01-10 19:00:00,10.2,95,0.0,,131,8.6,,1019.0,,0,1,42176,Rohtak
2025-01-10 20:00:00,9.9,96,0.0,,121,8.6,,1018.6,,0,1,42176,Rohtak
2025-01-10 20:00:00,9.9,96,0.0,,121,8.6,,1018.6,,0,1,42176,Rohtak
2025-01-10 21:00:00,9.7,96,0.0,,119,8.3,,1018.5,,0,1,42176,Rohtak
2025-01-10 21:00:00,9.7,96,0.0,,119,8.3,,1018.5,,0,1,42176,Rohtak
2025-01-10 22:00:00,9.3,96,0.0,,116,7.9,,1018.5,,0,1,42176,Rohtak
2025-01-10 22:00:00,9.3,96,0.0,,116,7.9,,1018.5,,0,1,42176,Rohtak
2025-01-10 23:00:00,9.4,96,0.0,,110,9.0,,1018.4,,0,1,42176,Rohtak
2025-01-10 23:00:00,9.4,96,0.0,,110,9.0,,1018.4,,0,1,42176,Rohtak
2025-01-11 00:00:00,9.4,96,0.0,,108,10.1,,1018.7,,0,1,42176,Rohtak
2025-01-11 00:00:00,9.4,96,0.0,,108,10.1,,1018.7,,0,1,42176,Rohtak
2025-01-11 01:00:00,9.5,96,0.0,,103,11.2,,1019.1,,0,1,42176,Rohtak
2025-01-11 01:00:00,9.5,96,0.0,,103,11.2,,1019.1,,0,1,42176,Rohtak
2025-01-11 02:00:00,9.6,96,0.0,,102,11.9,,1019.4,,6,1,42176,Rohtak
2025-01-11 02:00:00,9.6,96,0.0,,102,11.9,,1019.4,,6,1,42176,Rohtak
2025-01-11 03:00:00,11.0,94,0.0,,140,3.6,,1006.0,,7,3,42176,Rohtak
2025-01-11 03:00:00,11.0,94,0.0,,140,3.6,,1006.0,,7,3,42176,Rohtak
2025-01-11 04:00:00,12.8,89,0.0,,102,13.0,,1020.2,,8,2,42176,Rohtak
2025-01-11 04:00:00,12.8,89,0.0,,102,13.0,,1020.2,,8,2,42176,Rohtak
2025-01-11 05:00:00,14.7,84,0.0,,105,11.9,,1020.5,,8,3,42176,Rohtak
2025-01-11 05:00:00,14.7,84,0.0,,105,11.9,,1020.5,,8,3,42176,Rohtak
2025-01-11 06:00:00,16.2,80,0.0,,136,10.1,,1020.2,,8,3,42176,Rohtak
2025-01-11 06:00:00,16.2,80,0.0,,136,10.1,,1020.2,,8,3,42176,Rohtak
2025-01-11 07:00:00,16.3,80,0.1,,240,6.1,,1019.4,,8,7,42176,Rohtak
2025-01-11 07:00:00,16.3,80,0.1,,240,6.1,,1019.4,,8,7,42176,Rohtak
2025-01-11 08:00:00,16.3,79,0.0,,243,5.8,,1018.1,,8,3,42176,Rohtak
2025-01-11 08:00:00,16.3,79,0.0,,243,5.8,,1018.1,,8,3,42176,Rohtak
2025-01-11 09:00:00,16.0,81,0.1,,168,4.7,,1016.8,,8,7,42176,Rohtak
2025-01-11 09:00:00,16.0,81,0.1,,168,4.7,,1016.8,,8,7,42176,Rohtak
2025-01-11 10:00:00,16.0,82,0.4,,128,4.7,,1016.4,,8,8,42176,Rohtak
2025-01-11 10:00:00,16.0,82,0.4,,128,4.7,,1016.4,,8,8,42176,Rohtak
2025-01-11 11:00:00,15.0,85,1.1,,105,7.9,,1016.5,,8,9,42176,Rohtak
2025-01-11 11:00:00,15.0,85,1.1,,105,7.9,,1016.5,,8,9,42176,Rohtak
2025-01-11 12:00:00,14.5,85,1.5,,80,13.0,,1015.8,,8,9,42176,Rohtak
2025-01-11 12:00:00,14.5,85,1.5,,80,13.0,,1015.8,,8,9,42176,Rohtak
2025-01-11 13:00:00,13.8,86,0.0,,78,12.6,,1016.5,,8,3,42176,Rohtak
2025-01-11 13:00:00,13.8,86,0.0,,78,12.6,,1016.5,,8,3,42176,Rohtak
2025-01-11 14:00:00,13.5,89,0.0,,77,10.4,,1017.0,,5,3,42176,Rohtak
2025-01-11 14:00:00,13.5,89,0.0,,77,10.4,,1017.0,,5,3,42176,Rohtak
2025-01-11 15:00:00,13.2,90,0.0,,74,11.5,,1017.4,,3,3,42176,Rohtak
2025-01-11 15:00:00,13.2,90,0.0,,74,11.5,,1017.4,,3,3,42176,Rohtak
2025-01-11 16:00:00,13.0,92,0.0,,84,10.8,,1017.5,,0,2,42176,Rohtak
2025-01-11 16:00:00,13.0,92,0.0,,84,10.8,,1017.5,,0,2,42176,Rohtak
2025-01-11 17:00:00,12.7,93,0.0,,76,9.7,,1018.2,,2,1,42176,Rohtak
2025-01-11 17:00:00,12.7,93,0.0,,76,9.7,,1018.2,,2,1,42176,Rohtak
2025-01-11 18:00:00,12.8,93,0.0,,84,10.4,,1018.1,,3,2,42176,Rohtak
2025-01-11 18:00:00,12.8,93,0.0,,84,10.4,,1018.1,,3,2,42176,Rohtak
2025-01-11 19:00:00,12.6,93,0.0,,90,10.4,,1017.8,,2,2,42176,Rohtak
2025-01-11 19:00:00,12.6,93,0.0,,90,10.4,,1017.8,,2,2,42176,Rohtak
2025-01-11 20:00:00,12.5,93,0.0,,93,12.6,,1017.2,,1,2,42176,Rohtak
2025-01-11 20:00:00,12.5,93,0.0,,93,12.6,,1017.2,,1,2,42176,Rohtak
2025-01-11 21:00:00,10.3,94,0.0,,105,8.6,,1017.9,,2,2,42176,Rohtak
2025-01-11 21:00:00,10.3,94,0.0,,105,8.6,,1017.9,,2,2,42176,Rohtak
2025-01-11 22:00:00,10.6,94,0.0,,113,9.4,,1017.6,,1,2,42176,Rohtak
2025-01-11 22:00:00,10.6,94,0.0,,113,9.4,,1017.6,,1,2,42176,Rohtak
2025-01-11 23:00:00,10.8,95,0.0,,121,9.4,,1017.5,,0,2,42176,Rohtak
2025-01-11 23:00:00,10.8,95,0.0,,121,9.4,,1017.5,,0,2,42176,Rohtak
2025-01-12 00:00:00,10.7,95,0.0,,130,8.3,,1017.8,,0,1,42176,Rohtak
2025-01-12 00:00:00,10.7,95,0.0,,130,8.3,,1017.8,,0,1,42176,Rohtak
2025-01-12 01:00:00,10.6,96,0.0,,142,8.3,,1018.3,,0,1,42176,Rohtak
2025-01-12 01:00:00,10.6,96,0.0,,142,8.3,,1018.3,,0,1,42176,Rohtak
2025-01-12 02:00:00,10.2,97,0.0,,120,7.2,,1019.3,,4,1,42176,Rohtak
2025-01-12 02:00:00,10.2,97,0.0,,120,7.2,,1019.3,,4,1,42176,Rohtak
2025-01-12 03:00:00,11.6,95,0.5,,114,10.1,,1019.9,,6,17,42176,Rohtak
2025-01-12 03:00:00,11.6,95,0.5,,114,10.1,,1019.9,,6,17,42176,Rohtak
2025-01-12 04:00:00,12.5,88,4.1,,292,9.4,,1021.3,,8,18,42176,Rohtak
2025-01-12 04:00:00,12.5,88,4.1,,292,9.4,,1021.3,,8,18,42176,Rohtak
2025-01-12 05:00:00,13.0,88,1.3,,82,10.8,,1021.5,,7,9,42176,Rohtak
2025-01-12 05:00:00,13.0,88,1.3,,82,10.8,,1021.5,,7,9,42176,Rohtak
2025-01-12 06:00:00,14.5,86,2.3,,253,5.8,,1021.2,,7,9,42176,Rohtak
2025-01-12 06:00:00,14.5,86,2.3,,253,5.8,,1021.2,,7,9,42176,Rohtak
2025-01-12 07:00:00,16.6,84,2.2,,320,2.9,,1020.1,,8,18,42176,Rohtak
2025-01-12 07:00:00,16.6,84,2.2,,320,2.9,,1020.1,,8,18,42176,Rohtak
2025-01-12 08:00:00,17.0,82,0.0,,294,4.3,,1019.0,,8,3,42176,Rohtak
2025-01-12 08:00:00,17.0,82,0.0,,294,4.3,,1019.0,,8,3,42176,Rohtak
2025-01-12 09:00:00,17.4,79,0.0,,301,5.0,,1018.1,,7,3,42176,Rohtak
2025-01-12 09:00:00,17.4,79,0.0,,301,5.0,,1018.1,,7,3,42176,Rohtak
2025-01-12 10:00:00,17.6,77,0.0,,316,6.1,,1017.9,,4,3,42176,Rohtak
2025-01-12 10:00:00,17.6,77,0.0,,316,6.1,,1017.9,,4,3,42176,Rohtak
2025-01-12 11:00:00,17.5,76,0.0,,324,6.1,,1018.2,,1,3,42176,Rohtak
2025-01-12 11:00:00,17.5,76,0.0,,324,6.1,,1018.2,,1,3,42176,Rohtak
2025-01-12 12:00:00,14.4,92,0.0,,270,3.6,,1017.2,,7,2,42176,Rohtak
2025-01-12 12:00:00,14.4,92,0.0,,270,3.6,,1017.2,,7,2,42176,Rohtak
2025-01-12 13:00:00,14.1,90,0.0,,308,7.9,,1019.1,,1,1,42176,Rohtak
2025-01-12 13:00:00,14.1,90,0.0,,308,7.9,,1019.1,,1,1,42176,Rohtak
2025-01-12 14:00:00,13.3,91,0.0,,304,7.9,,1019.7,,2,2,42176,Rohtak
2025-01-12 14:00:00,13.3,91,0.0,,304,7.9,,1019.7,,2,2,42176,Rohtak
2025-01-12 15:00:00,12.6,93,0.0,,303,7.9,,1020.3,,1,2,42176,Rohtak
2025-01-12 15:00:00,12.6,93,0.0,,303,7.9,,1020.3,,1,2,42176,Rohtak
2025-01-12 16:00:00,12.0,94,0.0,,304,7.9,,1020.8,,1,1,42176,Rohtak
2025-01-12 16:00:00,12.0,94,0.0,,304,7.9,,1020.8,,1,1,42176,Rohtak
2025-01-12 17:00:00,11.6,95,0.0,,312,8.3,,1020.8,,0,1,42176,Rohtak
2025-01-12 17:00:00,11.6,95,0.0,,312,8.3,,1020.8,,0,1,42176,Rohtak
2025-01-12 18:00:00,10.2,96,0.0,,311,7.9,,1020.7,,0,1,42176,Rohtak
2025-01-12 18:00:00,10.2,96,0.0,,311,7.9,,1020.7,,0,1,42176,Rohtak
2025-01-12 19:00:00,10.0,97,0.0,,310,7.2,,1020.3,,0,1,42176,Rohtak
2025-01-12 19:00:00,10.0,97,0.0,,310,7.2,,1020.3,,0,1,42176,Rohtak
2025-01-12 20:00:00,9.6,98,0.0,,299,7.2,,1020.1,,0,1,42176,Rohtak
2025-01-12 20:00:00,9.6,98,0.0,,299,7.2,,1020.1,,0,1,42176,Rohtak
2025-01-12 21:00:00,9.2,98,0.0,,303,6.8,,1019.9,,0,1,42176,Rohtak
2025-01-12 21:00:00,9.2,98,0.0,,303,6.8,,1019.9,,0,1,42176,Rohtak
2025-01-12 22:00:00,9.2,98,0.0,,312,7.2,,1019.7,,0,1,42176,Rohtak
2025-01-12 22:00:00,9.2,98,0.0,,312,7.2,,1019.7,,0,1,42176,Rohtak
2025-01-12 23:00:00,9.4,99,0.0,,314,7.6,,1019.4,,0,1,42176,Rohtak
2025-01-12 23:00:00,9.4,99,0.0,,314,7.6,,1019.4,,0,1,42176,Rohtak
2025-01-13 00:00:00,9.3,98,0.0,,308,7.6,,1019.5,,0,1,42176,Rohtak
2025-01-13 00:00:00,9.3,98,0.0,,308,7.6,,1019.5,,0,1,42176,Rohtak
2025-01-13 01:00:00,9.3,98,0.0,,313,7.9,,1019.6,,0,1,42176,Rohtak
2025-01-13 01:00:00,9.3,98,0.0,,313,7.9,,1019.6,,0,1,42176,Rohtak
2025-01-13 02:00:00,9.1,98,0.0,,306,7.6,,1020.0,,0,1,42176,Rohtak
2025-01-13 02:00:00,9.1,98,0.0,,306,7.6,,1020.0,,0,1,42176,Rohtak
2025-01-13 03:00:00,12.2,94,0.0,,270,3.6,,1017.9,,7,1,42176,Rohtak
2025-01-13 03:00:00,12.2,94,0.0,,270,3.6,,1017.9,,7,1,42176,Rohtak
2025-01-13 04:00:00,12.1,93,0.0,,305,9.0,,1021.2,,6,1,42176,Rohtak
2025-01-13 04:00:00,12.1,93,0.0,,305,9.0,,1021.2,,6,1,42176,Rohtak
2025-01-13 05:00:00,14.1,88,0.0,,301,8.3,,1021.6,,0,3,42176,Rohtak
2025-01-13 05:00:00,14.1,88,0.0,,301,8.3,,1021.6,,0,3,42176,Rohtak
2025-01-13 06:00:00,16.0,80,0.0,,305,7.9,,1020.7,,0,1,42176,Rohtak
2025-01-13 06:00:00,16.0,80,0.0,,305,7.9,,1020.7,,0,1,42176,Rohtak
2025-01-13 07:00:00,17.7,74,0.0,,306,7.9,,1019.7,,0,1,42176,Rohtak
2025-01-13 07:00:00,17.7,74,0.0,,306,7.9,,1019.7,,0,1,42176,Rohtak
2025-01-13 08:00:00,18.7,70,0.0,,302,8.6,,1018.7,,0,1,42176,Rohtak
2025-01-13 08:00:00,18.7,70,0.0,,302,8.6,,1018.7,,0,1,42176,Rohtak
2025-01-13 09:00:00,20.3,64,0.0,,320,10.4,,1017.2,,0,1,42176,Rohtak
2025-01-13 09:00:00,20.3,64,0.0,,320,10.4,,1017.2,,0,1,42176,Rohtak
2025-01-13 10:00:00,20.3,63,0.0,,322,11.5,,1016.8,,0,1,42176,Rohtak
2025-01-13 10:00:00,20.3,63,0.0,,322,11.5,,1016.8,,0,1,42176,Rohtak
2025-01-13 11:00:00,19.5,68,0.0,,320,10.1,,1016.6,,0,1,42176,Rohtak
2025-01-13 11:00:00,19.5,68,0.0,,320,10.1,,1016.6,,0,1,42176,Rohtak
2025-01-13 12:00:00,16.4,93,0.0,,200,3.6,,1015.3,,7,1,42176,Rohtak
2025-01-13 12:00:00,16.4,93,0.0,,200,3.6,,1015.3,,7,1,42176,Rohtak
2025-01-13 13:00:00,14.9,84,0.0,,306,10.4,,1017.5,,0,1,42176,Rohtak
2025-01-13 13:00:00,14.9,84,0.0,,306,10.4,,1017.5,,0,1,42176,Rohtak
2025-01-13 14:00:00,14.2,88,0.0,,303,10.1,,1018.1,,0,1,42176,Rohtak
2025-01-13 14:00:00,14.2,88,0.0,,303,10.1,,1018.1,,0,1,42176,Rohtak
2025-01-13 15:00:00,13.4,90,0.0,,299,10.1,,1018.4,,0,1,42176,Rohtak
2025-01-13 15:00:00,13.4,90,0.0,,299,10.1,,1018.4,,0,1,42176,Rohtak
2025-01-13 16:00:00,12.9,91,0.0,,302,10.4,,1018.8,,0,1,42176,Rohtak
2025-01-13 16:00:00,12.9,91,0.0,,302,10.4,,1018.8,,0,1,42176,Rohtak
2025-01-13 17:00:00,12.5,92,0.0,,306,10.4,,1018.8,,0,1,42176,Rohtak
2025-01-13 17:00:00,12.5,92,0.0,,306,10.4,,1018.8,,0,1,42176,Rohtak
2025-01-13 18:00:00,12.0,93,0.0,,308,10.4,,1018.4,,0,1,42176,Rohtak
2025-01-13 18:00:00,12.0,93,0.0,,308,10.4,,1018.4,,0,1,42176,Rohtak
2025-01-13 19:00:00,11.5,94,0.0,,302,9.7,,1018.0,,0,1,42176,Rohtak
2025-01-13 19:00:00,11.5,94,0.0,,302,9.7,,1018.0,,0,1,42176,Rohtak
2025-01-13 20:00:00,11.0,95,0.0,,297,8.6,,1017.9,,0,1,42176,Rohtak
2025-01-13 20:00:00,11.0,95,0.0,,297,8.6,,1017.9,,0,1,42176,Rohtak
2025-01-13 21:00:00,10.5,96,0.0,,294,8.3,,1017.5,,0,1,42176,Rohtak
2025-01-13 21:00:00,10.5,96,0.0,,294,8.3,,1017.5,,0,1,42176,Rohtak
2025-01-13 22:00:00,10.0,96,0.0,,293,7.9,,1017.3,,0,1,42176,Rohtak
2025-01-13 22:00:00,10.0,96,0.0,,293,7.9,,1017.3,,0,1,42176,Rohtak
2025-01-13 23:00:00,9.6,96,0.0,,298,7.9,,1017.3,,0,1,42176,Rohtak
2025-01-13 23:00:00,9.6,96,0.0,,298,7.9,,1017.3,,0,1,42176,Rohtak
2025-01-14 00:00:00,9.3,96,0.0,,302,7.6,,1017.4,,0,1,42176,Rohtak
2025-01-14 00:00:00,9.3,96,0.0,,302,7.6,,1017.4,,0,1,42176,Rohtak
2025-01-14 01:00:00,8.8,97,0.0,,293,6.8,,1018.4,,0,1,42176,Rohtak
2025-01-14 01:00:00,8.8,97,0.0,,293,6.8,,1018.4,,0,1,42176,Rohtak
2025-01-14 02:00:00,8.1,97,0.0,,280,6.1,,1019.3,,0,1,42176,Rohtak
2025-01-14 02:00:00,8.1,97,0.0,,280,6.1,,1019.3,,0,1,42176,Rohtak
2025-01-14 03:00:00,9.4,88,0.0,,250,3.6,,1018.0,,7,1,42176,Rohtak
2025-01-14 03:00:00,9.4,88,0.0,,250,3.6,,1018.0,,7,1,42176,Rohtak
2025-01-14 04:00:00,12.3,90,0.0,,274,5.4,,1021.0,,0,1,42176,Rohtak
2025-01-14 04:00:00,12.3,90,0.0,,274,5.4,,1021.0,,0,1,42176,Rohtak
2025-01-14 05:00:00,15.0,82,0.0,,286,5.0,,1021.4,,0,1,42176,Rohtak
2025-01-14 05:00:00,15.0,82,0.0,,286,5.0,,1021.4,,0,1,42176,Rohtak
2025-01-14 06:00:00,17.0,74,0.0,,292,5.8,,1021.0,,0,1,42176,Rohtak
2025-01-14 06:00:00,17.0,74,0.0,,292,5.8,,1021.0,,0,1,42176,Rohtak
2025-01-14 07:00:00,18.5,68,0.0,,300,5.8,,1020.2,,0,1,42176,Rohtak
2025-01-14 07:00:00,18.5,68,0.0,,300,5.8,,1020.2,,0,1,42176,Rohtak
2025-01-14 08:00:00,19.4,63,0.0,,305,5.0,,1019.4,,0,1,42176,Rohtak
2025-01-14 08:00:00,19.4,63,0.0,,305,5.0,,1019.4,,0,1,42176,Rohtak
2025-01-14 09:00:00,19.9,60,0.0,,314,5.4,,1018.6,,0,1,42176,Rohtak
2025-01-14 09:00:00,19.9,60,0.0,,314,5.4,,1018.6,,0,1,42176,Rohtak
2025-01-14 10:00:00,19.7,59,0.0,,325,5.8,,1018.3,,0,1,42176,Rohtak
2025-01-14 10:00:00,19.7,59,0.0,,325,5.8,,1018.3,,0,1,42176,Rohtak
2025-01-14 11:00:00,19.0,69,0.0,,328,5.0,,1018.3,,0,1,42176,Rohtak
2025-01-14 11:00:00,19.0,69,0.0,,328,5.0,,1018.3,,0,1,42176,Rohtak
2025-01-14 12:00:00,16.2,37,0.0,,320,3.6,,1016.7,,7,1,42176,Rohtak
2025-01-14 12:00:00,16.2,37,0.0,,320,3.6,,1016.7,,7,1,42176,Rohtak
2025-01-14 13:00:00,14.1,82,0.0,,5,6.5,,1018.8,,0,1,42176,Rohtak
2025-01-14 13:00:00,14.1,82,0.0,,5,6.5,,1018.8,,0,1,42176,Rohtak
2025-01-14 14:00:00,13.3,84,0.0,,16,5.8,,1019.4,,0,1,42176,Rohtak
2025-01-14 14:00:00,13.3,84,0.0,,16,5.8,,1019.4,,0,1,42176,Rohtak
2025-01-14 15:00:00,12.6,86,0.0,,58,4.3,,1020.1,,0,1,42176,Rohtak
2025-01-14 15:00:00,12.6,86,0.0,,58,4.3,,1020.1,,0,1,42176,Rohtak
2025-01-14 16:00:00,11.7,90,0.0,,75,3.6,,1020.6,,0,1,42176,Rohtak
2025-01-14 16:00:00,11.7,90,0.0,,75,3.6,,1020.6,,0,1,42176,Rohtak
2025-01-14 17:00:00,10.6,95,0.0,,12,5.8,,1020.6,,0,1,42176,Rohtak
2025-01-14 17:00:00,10.6,95,0.0,,12,5.8,,1020.6,,0,1,42176,Rohtak
2025-01-14 18:00:00,10.5,95,0.0,,57,2.5,,1020.5,,0,1,42176,Rohtak
2025-01-14 18:00:00,10.5,95,0.0,,57,2.5,,1020.5,,0,1,42176,Rohtak
2025-01-14 19:00:00,10.3,96,0.0,,195,0.7,,1020.5,,0,1,42176,Rohtak
2025-01-14 19:00:00,10.3,96,0.0,,195,0.7,,1020.5,,0,1,42176,Rohtak
2025-01-14 20:00:00,10.2,98,0.0,,276,0.7,,1020.2,,0,1,42176,Rohtak
2025-01-14 20:00:00,10.2,98,0.0,,276,0.7,,1020.2,,0,1,42176,Rohtak
2025-01-14 21:00:00,9.6,99,0.0,,277,1.4,,1019.9,,8,1,42176,Rohtak
2025-01-14 21:00:00,9.6,99,0.0,,277,1.4,,1019.9,,8,1,42176,Rohtak
2025-01-14 22:00:00,8.9,100,0.0,,284,1.4,,1019.9,,8,3,42176,Rohtak
2025-01-14 22:00:00,8.9,100,0.0,,284,1.4,,1019.9,,8,3,42176,Rohtak
2025-01-14 23:00:00,8.3,99,0.0,,320,2.2,,1020.1,,8,5,42176,Rohtak
2025-01-14 23:00:00,8.3,99,0.0,,320,2.2,,1020.1,,8,5,42176,Rohtak
2025-01-15 00:00:00,8.4,100,0.0,,7,3.2,,1020.4,,8,5,42176,Rohtak
2025-01-15 00:00:00,8.4,100,0.0,,7,3.2,,1020.4,,8,5,42176,Rohtak
2025-01-15 01:00:00,8.7,100,0.0,,32,3.2,,1021.1,,8,5,42176,Rohtak
2025-01-15 01:00:00,8.7,100,0.0,,32,3.2,,1021.1,,8,5,42176,Rohtak
2025-01-15 02:00:00,9.0,98,0.0,,58,3.2,,1021.7,,8,5,42176,Rohtak
2025-01-15 02:00:00,9.0,98,0.0,,58,3.2,,1021.7,,8,5,42176,Rohtak
2025-01-15 03:00:00,7.8,90,0.0,,110,3.6,,1018.7,,7,5,42176,Rohtak
2025-01-15 03:00:00,7.8,90,0.0,,110,3.6,,1018.7,,7,5,42176,Rohtak
2025-01-15 04:00:00,10.4,97,0.0,,75,3.6,,1022.7,,8,5,42176,Rohtak
2025-01-15 04:00:00,10.4,97,0.0,,75,3.6,,1022.7,,8,5,42176,Rohtak
2025-01-15 05:00:00,12.3,97,0.0,,106,4.3,,1023.1,,8,5,42176,Rohtak
2025-01-15 05:00:00,12.3,97,0.0,,106,4.3,,1023.1,,8,5,42176,Rohtak
2025-01-15 06:00:00,14.2,92,0.0,,120,4.7,,1022.7,,8,5,42176,Rohtak
2025-01-15 06:00:00,14.2,92,0.0,,120,4.7,,1022.7,,8,5,42176,Rohtak
2025-01-15 07:00:00,17.2,82,0.0,,133,5.0,,1021.4,,4,3,42176,Rohtak
2025-01-15 07:00:00,17.2,82,0.0,,133,5.0,,1021.4,,4,3,42176,Rohtak
2025-01-15 08:00:00,18.4,73,0.0,,101,5.0,,1019.7,,1,3,42176,Rohtak
2025-01-15 08:00:00,18.4,73,0.0,,101,5.0,,1019.7,,1,3,42176,Rohtak
2025-01-15 09:00:00,19.0,69,0.0,,52,6.1,,1018.3,,1,2,42176,Rohtak
2025-01-15 09:00:00,19.0,69,0.0,,52,6.1,,1018.3,,1,2,42176,Rohtak
2025-01-15 10:00:00,19.1,68,0.0,,110,5.0,,1017.7,,1,1,42176,Rohtak
2025-01-15 10:00:00,19.1,68,0.0,,110,5.0,,1017.7,,1,1,42176,Rohtak
2025-01-15 11:00:00,18.7,71,0.0,,142,6.5,,1017.4,,2,1,42176,Rohtak
2025-01-15 11:00:00,18.7,71,0.0,,142,6.5,,1017.4,,2,1,42176,Rohtak
2025-01-15 12:00:00,17.1,79,0.0,,59,3.2,,1017.2,,0,2,42176,Rohtak
2025-01-15 12:00:00,17.1,79,0.0,,59,3.2,,1017.2,,0,2,42176,Rohtak
2025-01-15 13:00:00,14.9,84,0.0,,120,6.5,,1017.7,,5,1,42176,Rohtak
2025-01-15 13:00:00,14.9,84,0.0,,120,6.5,,1017.7,,5,1,42176,Rohtak
2025-01-15 14:00:00,14.2,88,0.0,,144,6.5,,1018.3,,5,3,42176,Rohtak
2025-01-15 14:00:00,14.2,88,0.0,,144,6.5,,1018.3,,5,3,42176,Rohtak
2025-01-15 15:00:00,13.5,89,0.0,,146,10.4,,1018.5,,4,3,42176,Rohtak
2025-01-15 15:00:00,13.5,89,0.0,,146,10.4,,1018.5,,4,3,42176,Rohtak
2025-01-15 16:00:00,13.6,84,0.2,,162,9.7,,1019.7,,6,17,42176,Rohtak
2025-01-15 16:00:00,13.6,84,0.2,,162,9.7,,1019.7,,6,17,42176,Rohtak
2025-01-15 17:00:00,13.2,84,1.4,,134,8.6,,1019.9,,6,18,42176,Rohtak
2025-01-15 17:00:00,13.2,84,1.4,,134,8.6,,1019.9,,6,18,42176,Rohtak
2025-01-15 18:00:00,12.8,86,8.9,,94,7.9,,1020.0,,8,18,42176,Rohtak
2025-01-15 18:00:00,12.8,86,8.9,,94,7.9,,1020.0,,8,18,42176,Rohtak
2025-01-15 19:00:00,12.4,89,2.2,,81,7.9,,1019.8,,8,9,42176,Rohtak
2025-01-15 19:00:00,12.4,89,2.2,,81,7.9,,1019.8,,8,9,42176,Rohtak
2025-01-15 20:00:00,12.8,88,0.3,,74,10.4,,1019.7,,6,8,42176,Rohtak
2025-01-15 20:00:00,12.8,88,0.3,,74,10.4,,1019.7,,6,8,42176,Rohtak
2025-01-15 21:00:00,13.3,92,0.0,,73,8.3,,1018.9,,8,3,42176,Rohtak
2025-01-15 21:00:00,13.3,92,0.0,,73,8.3,,1018.9,,8,3,42176,Rohtak
2025-01-15 22:00:00,13.2,92,0.7,,93,7.2,,1018.7,,6,8,42176,Rohtak
2025-01-15 22:00:00,13.2,92,0.7,,93,7.2,,1018.7,,6,8,42176,Rohtak
2025-01-15 23:00:00,13.0,91,0.7,,93,10.8,,1018.7,,8,17,42176,Rohtak
2025-01-15 23:00:00,13.0,91,0.7,,93,10.8,,1018.7,,8,17,42176,Rohtak
2025-01-16 00:00:00,13.1,90,0.0,,94,7.9,,1019.0,,8,3,42176,Rohtak
2025-01-16 00:00:00,13.1,90,0.0,,94,7.9,,1019.0,,8,3,42176,Rohtak
2025-01-16 01:00:00,13.1,91,0.0,,96,6.1,,1019.7,,8,3,42176,Rohtak
2025-01-16 01:00:00,13.1,91,0.0,,96,6.1,,1019.7,,8,3,42176,Rohtak
2025-01-16 02:00:00,13.2,90,0.0,,134,7.2,,1020.4,,8,3,42176,Rohtak
2025-01-16 02:00:00,13.2,90,0.0,,134,7.2,,1020.4,,8,3,42176,Rohtak
2025-01-16 03:00:00,13.6,89,0.0,,141,8.3,,1021.1,,1,3,42176,Rohtak
2025-01-16 03:00:00,13.6,89,0.0,,141,8.3,,1021.1,,1,3,42176,Rohtak
2025-01-16 04:00:00,14.7,86,0.0,,131,6.8,,1022.0,,2,2,42176,Rohtak
2025-01-16 04:00:00,14.7,86,0.0,,131,6.8,,1022.0,,2,2,42176,Rohtak
2025-01-16 05:00:00,16.3,81,0.0,,132,5.4,,1022.7,,1,2,42176,Rohtak
2025-01-16 05:00:00,16.3,81,0.0,,132,5.4,,1022.7,,1,2,42176,Rohtak
2025-01-16 06:00:00,17.7,72,0.0,,130,5.8,,1022.5,,1,1,42176,Rohtak
2025-01-16 06:00:00,17.7,72,0.0,,130,5.8,,1022.5,,1,1,42176,Rohtak
2025-01-16 07:00:00,18.6,70,0.0,,102,8.6,,1021.5,,7,1,42176,Rohtak
2025-01-16 07:00:00,18.6,70,0.0,,102,8.6,,1021.5,,7,1,42176,Rohtak
2025-01-16 08:00:00,19.2,66,0.0,,107,6.8,,1020.6,,8,3,42176,Rohtak
2025-01-16 08:00:00,19.2,66,0.0,,107,6.8,,1020.6,,8,3,42176,Rohtak
2025-01-16 09:00:00,19.3,64,0.0,,91,4.7,,1020.2,,5,3,42176,Rohtak
2025-01-16 09:00:00,19.3,64,0.0,,91,4.7,,1020.2,,5,3,42176,Rohtak
2025-01-16 10:00:00,19.4,63,0.0,,66,4.3,,1020.1,,2,3,42176,Rohtak
2025-01-16 10:00:00,19.4,63,0.0,,66,4.3,,1020.1,,2,3,42176,Rohtak
2025-01-16 11:00:00,18.9,68,0.0,,66,4.7,,1019.9,,0,2,42176,Rohtak
2025-01-16 11:00:00,18.9,68,0.0,,66,4.7,,1019.9,,0,2,42176,Rohtak
2025-01-16 12:00:00,16.4,88,0.0,,290,3.6,,1019.1,,7,1,42176,Rohtak
2025-01-16 12:00:00,16.4,88,0.0,,290,3.6,,1019.1,,7,1,42176,Rohtak
2025-01-16 13:00:00,15.5,79,0.0,,32,2.9,,1020.9,,0,1,42176,Rohtak
2025-01-16 13:00:00,15.5,79,0.0,,32,2.9,,1020.9,,0,1,42176,Rohtak
2025-01-16 14:00:00,14.2,83,0.0,,322,4.3,,1021.9,,0,1,42176,Rohtak
2025-01-16 14:00:00,14.2,83,0.0,,322,4.3,,1021.9,,0,1,42176,Rohtak
2025-01-16 15:00:00,12.6,89,0.0,,346,6.1,,1022.5,,0,1,42176,Rohtak
2025-01-16 15:00:00,12.6,89,0.0,,346,6.1,,1022.5,,0,1,42176,Rohtak
2025-01-16 16:00:00,12.1,91,0.0,,356,6.8,,1023.1,,0,1,42176,Rohtak
2025-01-16 16:00:00,12.1,91,0.0,,356,6.8,,1023.1,,0,1,42176,Rohtak
2025-01-16 17:00:00,11.7,94,0.0,,359,5.8,,1023.5,,0,1,42176,Rohtak
2025-01-16 17:00:00,11.7,94,0.0,,359,5.8,,1023.5,,0,1,42176,Rohtak
2025-01-16 18:00:00,11.1,96,0.0,,347,7.2,,1023.3,,0,1,42176,Rohtak
2025-01-16 18:00:00,11.1,96,0.0,,347,7.2,,1023.3,,0,1,42176,Rohtak
2025-01-16 19:00:00,10.6,96,0.0,,332,7.2,,1023.2,,2,1,42176,Rohtak
2025-01-16 19:00:00,10.6,96,0.0,,332,7.2,,1023.2,,2,1,42176,Rohtak
2025-01-16 20:00:00,10.0,96,0.0,,330,6.5,,1022.7,,4,2,42176,Rohtak
2025-01-16 20:00:00,10.0,96,0.0,,330,6.5,,1022.7,,4,2,42176,Rohtak
2025-01-16 21:00:00,9.4,96,0.0,,320,7.2,,1022.4,,7,3,42176,Rohtak
2025-01-16 21:00:00,9.4,96,0.0,,320,7.2,,1022.4,,7,3,42176,Rohtak
2025-01-16 22:00:00,9.7,96,0.0,,319,10.8,,1022.1,,0,3,42176,Rohtak
2025-01-16 22:00:00,9.7,96,0.0,,319,10.8,,1022.1,,0,3,42176,Rohtak
2025-01-16 23:00:00,9.3,94,0.0,,325,10.1,,1021.6,,0,1,42176,Rohtak
2025-01-16 23:00:00,9.3,94,0.0,,325,10.1,,1021.6,,0,1,42176,Rohtak
2025-01-17 00:00:00,9.2,94,0.0,,329,10.1,,1021.6,,0,1,42176,Rohtak
2025-01-17 00:00:00,9.2,94,0.0,,329,10.1,,1021.6,,0,1,42176,Rohtak
2025-01-17 01:00:00,9.2,94,0.0,,334,10.4,,1021.9,,0,1,42176,Rohtak
2025-01-17 01:00:00,9.2,94,0.0,,334,10.4,,1021.9,,0,1,42176,Rohtak
2025-01-17 02:00:00,8.9,94,0.0,,335,9.4,,1022.3,,0,1,42176,Rohtak
2025-01-17 02:00:00,8.9,94,0.0,,335,9.4,,1022.3,,0,1,42176,Rohtak
2025-01-17 03:00:00,9.2,82,0.0,,340,3.6,,1020.2,,7,1,42176,Rohtak
2025-01-17 03:00:00,9.2,82,0.0,,340,3.6,,1020.2,,7,1,42176,Rohtak
2025-01-17 04:00:00,12.7,87,0.0,,310,8.3,,1023.1,,0,1,42176,Rohtak
2025-01-17 04:00:00,12.7,87,0.0,,310,8.3,,1023.1,,0,1,42176,Rohtak
2025-01-17 05:00:00,15.0,80,0.0,,301,7.9,,1023.2,,0,1,42176,Rohtak
2025-01-17 05:00:00,15.0,80,0.0,,301,7.9,,1023.2,,0,1,42176,Rohtak
2025-01-17 06:00:00,17.2,72,0.0,,297,9.0,,1022.2,,0,1,42176,Rohtak
2025-01-17 06:00:00,17.2,72,0.0,,297,9.0,,1022.2,,0,1,42176,Rohtak
2025-01-17 07:00:00,18.8,64,0.0,,298,9.0,,1020.8,,0,1,42176,Rohtak
2025-01-17 07:00:00,18.8,64,0.0,,298,9.0,,1020.8,,0,1,42176,Rohtak
2025-01-17 08:00:00,19.7,58,0.0,,294,9.4,,1019.5,,0,1,42176,Rohtak
2025-01-17 08:00:00,19.7,58,0.0,,294,9.4,,1019.5,,0,1,42176,Rohtak
2025-01-17 09:00:00,19.9,55,0.0,,289,10.1,,1018.3,,0,1,42176,Rohtak
2025-01-17 09:00:00,19.9,55,0.0,,289,10.1,,1018.3,,0,1,42176,Rohtak
2025-01-17 10:00:00,19.6,56,0.0,,289,10.8,,1017.9,,0,1,42176,Rohtak
2025-01-17 10:00:00,19.6,56,0.0,,289,10.8,,1017.9,,0,1,42176,Rohtak
2025-01-17 11:00:00,18.6,64,0.0,,286,9.4,,1017.7,,0,1,42176,Rohtak
2025-01-17 11:00:00,18.6,64,0.0,,286,9.4,,1017.7,,0,1,42176,Rohtak
2025-01-17 12:00:00,12.0,92,0.0,,290,3.6,,1017.7,,7,1,42176,Rohtak
2025-01-17 12:00:00,12.0,92,0.0,,290,3.6,,1017.7,,7,1,42176,Rohtak
2025-01-17 13:00:00,13.3,83,0.0,,293,7.9,,1018.0,,0,1,42176,Rohtak
2025-01-17 13:00:00,13.3,83,0.0,,293,7.9,,1018.0,,0,1,42176,Rohtak
2025-01-17 14:00:00,11.8,89,0.0,,303,8.3,,1019.0,,0,1,42176,Rohtak
2025-01-17 14:00:00,11.8,89,0.0,,303,8.3,,1019.0,,0,1,42176,Rohtak
2025-01-17 15:00:00,11.3,91,0.0,,316,9.4,,1019.6,,0,1,42176,Rohtak
2025-01-17 15:00:00,11.3,91,0.0,,316,9.4,,1019.6,,0,1,42176,Rohtak
2025-01-17 16:00:00,11.0,93,0.0,,324,9.7,,1019.7,,1,1,42176,Rohtak
2025-01-17 16:00:00,11.0,93,0.0,,324,9.7,,1019.7,,1,1,42176,Rohtak
2025-01-17 17:00:00,10.9,94,0.0,,317,10.4,,1019.9,,7,1,42176,Rohtak
2025-01-17 17:00:00,10.9,94,0.0,,317,10.4,,1019.9,,7,1,42176,Rohtak
2025-01-17 18:00:00,10.3,95,0.0,,310,9.0,,1020.0,,8,3,42176,Rohtak
2025-01-17 18:00:00,10.3,95,0.0,,310,9.0,,1020.0,,8,3,42176,Rohtak
2025-01-17 19:00:00,9.7,96,0.0,,294,5.8,,1019.8,,8,3,42176,Rohtak
2025-01-17 19:00:00,9.7,96,0.0,,294,5.8,,1019.8,,8,3,42176,Rohtak
2025-01-17 20:00:00,9.6,96,0.0,,269,4.0,,1019.1,,8,3,42176,Rohtak
2025-01-17 20:00:00,9.6,96,0.0,,269,4.0,,1019.1,,8,3,42176,Rohtak
2025-01-17 21:00:00,8.6,98,0.0,,266,4.7,,1018.8,,7,3,42176,Rohtak
2025-01-17 21:00:00,8.6,98,0.0,,266,4.7,,1018.8,,7,3,42176,Rohtak
2025-01-17 22:00:00,7.8,99,0.0,,253,5.8,,1018.9,,6,3,42176,Rohtak
2025-01-17 22:00:00,7.8,99,0.0,,253,5.8,,1018.9,,6,3,42176,Rohtak
2025-01-17 23:00:00,7.5,100,0.0,,244,5.4,,1018.7,,8,3,42176,Rohtak
2025-01-17 23:00:00,7.5,100,0.0,,244,5.4,,1018.7,,8,3,42176,Rohtak
2025-01-18 00:00:00,7.8,100,0.0,,260,6.8,,1018.9,,8,3,42176,Rohtak
2025-01-18 00:00:00,7.8,100,0.0,,260,6.8,,1018.9,,8,3,42176,Rohtak
2025-01-18 01:00:00,7.6,100,0.0,,272,8.6,,1019.4,,8,5,42176,Rohtak
2025-01-18 01:00:00,7.6,100,0.0,,272,8.6,,1019.4,,8,5,42176,Rohtak
2025-01-18 02:00:00,7.7,99,0.0,,286,8.6,,1020.0,,8,5,42176,Rohtak
2025-01-18 02:00:00,7.7,99,0.0,,286,8.6,,1020.0,,8,5,42176,Rohtak
2025-01-18 03:00:00,10.4,86,0.0,,180,3.6,,1018.9,,7,5,42176,Rohtak
2025-01-18 03:00:00,10.4,86,0.0,,180,3.6,,1018.9,,7,5,42176,Rohtak
2025-01-18 04:00:00,10.2,98,0.0,,304,6.5,,1021.6,,8,5,42176,Rohtak
2025-01-18 04:00:00,10.2,98,0.0,,304,6.5,,1021.6,,8,5,42176,Rohtak
2025-01-18 05:00:00,11.9,93,0.0,,287,5.8,,1022.2,,8,5,42176,Rohtak
2025-01-18 05:00:00,11.9,93,0.0,,287,5.8,,1022.2,,8,5,42176,Rohtak
2025-01-18 06:00:00,14.2,86,0.0,,311,5.4,,1021.6,,7,3,42176,Rohtak
2025-01-18 06:00:00,14.2,86,0.0,,311,5.4,,1021.6,,7,3,42176,Rohtak
2025-01-18 07:00:00,16.1,80,0.0,,327,5.0,,1020.4,,3,3,42176,Rohtak
2025-01-18 07:00:00,16.1,80,0.0,,327,5.0,,1020.4,,3,3,42176,Rohtak
2025-01-18 08:00:00,17.6,73,0.0,,356,4.3,,1018.8,,5,3,42176,Rohtak
2025-01-18 08:00:00,17.6,73,0.0,,356,4.3,,1018.8,,5,3,42176,Rohtak
2025-01-18 09:00:00,18.4,66,0.0,,348,5.4,,1017.9,,0,3,42176,Rohtak
2025-01-18 09:00:00,18.4,66,0.0,,348,5.4,,1017.9,,0,3,42176,Rohtak
2025-01-18 10:00:00,18.9,63,0.0,,79,4.7,,1016.5,,0,1,42176,Rohtak
2025-01-18 10:00:00,18.9,63,0.0,,79,4.7,,1016.5,,0,1,42176,Rohtak
2025-01-18 11:00:00,18.4,69,0.0,,62,2.9,,1016.4,,4,1,42176,Rohtak
2025-01-18 11:00:00,18.4,69,0.0,,62,2.9,,1016.4,,4,1,42176,Rohtak
2025-01-18 12:00:00,16.6,88,0.0,,50,3.6,,1016.4,,7,3,42176,Rohtak
2025-01-18 12:00:00,16.6,88,0.0,,50,3.6,,1016.4,,7,3,42176,Rohtak
2025-01-18 13:00:00,13.9,82,0.0,,70,4.3,,1016.3,,2,3,42176,Rohtak
2025-01-18 13:00:00,13.9,82,0.0,,70,4.3,,1016.3,,2,3,42176,Rohtak
2025-01-18 14:00:00,12.8,86,0.0,,80,3.2,,1016.6,,2,2,42176,Rohtak
2025-01-18 14:00:00,12.8,86,0.0,,80,3.2,,1016.6,,2,2,42176,Rohtak
2025-01-18 15:00:00,11.4,94,0.0,,108,1.8,,1017.6,,0,2,42176,Rohtak
2025-01-18 15:00:00,11.4,94,0.0,,108,1.8,,1017.6,,0,2,42176,Rohtak
2025-01-18 16:00:00,10.9,96,0.0,,292,1.1,,1018.1,,0,1,42176,Rohtak
2025-01-18 16:00:00,10.9,96,0.0,,292,1.1,,1018.1,,0,1,42176,Rohtak
2025-01-18 17:00:00,10.1,98,0.0,,310,1.8,,1018.4,,4,1,42176,Rohtak
2025-01-18 17:00:00,10.1,98,0.0,,310,1.8,,1018.4,,4,1,42176,Rohtak
2025-01-18 18:00:00,9.2,100,0.0,,330,3.2,,1018.4,,8,3,42176,Rohtak
2025-01-18 18:00:00,9.2,100,0.0,,330,3.2,,1018.4,,8,3,42176,Rohtak
2025-01-18 19:00:00,8.3,100,0.0,,318,4.0,,1018.2,,8,5,42176,Rohtak
2025-01-18 19:00:00,8.3,100,0.0,,318,4.0,,1018.2,,8,5,42176,Rohtak
2025-01-18 20:00:00,8.1,99,0.0,,95,2.2,,1017.5,,8,5,42176,Rohtak
2025-01-18 20:00:00,8.1,99,0.0,,95,2.2,,1017.5,,8,5,42176,Rohtak
2025-01-18 21:00:00,7.6,99,0.0,,122,3.2,,1017.3,,8,5,42176,Rohtak
2025-01-18 21:00:00,7.6,99,0.0,,122,3.2,,1017.3,,8,5,42176,Rohtak
2025-01-18 22:00:00,8.7,97,0.0,,88,3.6,,1017.2,,8,5,42176,Rohtak
2025-01-18 22:00:00,8.7,97,0.0,,88,3.6,,1017.2,,8,5,42176,Rohtak
2025-01-18 23:00:00,8.7,100,0.0,,100,2.5,,1017.2,,8,5,42176,Rohtak
2025-01-18 23:00:00,8.7,100,0.0,,100,2.5,,1017.2,,8,5,42176,Rohtak
2025-01-19 00:00:00,9.0,99,0.0,,88,2.5,,1017.3,,8,5,42176,Rohtak
2025-01-19 00:00:00,9.0,99,0.0,,88,2.5,,1017.3,,8,5,42176,Rohtak
2025-01-19 01:00:00,9.4,99,0.0,,122,2.9,,1017.8,,8,5,42176,Rohtak
2025-01-19 01:00:00,9.4,99,0.0,,122,2.9,,1017.8,,8,5,42176,Rohtak
2025-01-19 02:00:00,9.2,99,0.0,,81,1.4,,1018.5,,8,5,42176,Rohtak
2025-01-19 02:00:00,9.2,99,0.0,,81,1.4,,1018.5,,8,5,42176,Rohtak
2025-01-19 03:00:00,10.8,91,0.0,,360,3.6,,1016.1,,7,5,42176,Rohtak
2025-01-19 03:00:00,10.8,91,0.0,,360,3.6,,1016.1,,7,5,42176,Rohtak
2025-01-19 04:00:00,12.0,98,0.0,,56,1.4,,1019.6,,8,5,42176,Rohtak
2025-01-19 04:00:00,12.0,98,0.0,,56,1.4,,1019.6,,8,5,42176,Rohtak
2025-01-19 05:00:00,13.4,97,0.0,,98,1.4,,1019.9,,8,5,42176,Rohtak
2025-01-19 05:00:00,13.4,97,0.0,,98,1.4,,1019.9,,8,5,42176,Rohtak
2025-01-19 06:00:00,16.2,94,0.0,,60,2.9,,1019.6,,8,5,42176,Rohtak
2025-01-19 06:00:00,16.2,94,0.0,,60,2.9,,1019.6,,8,5,42176,Rohtak
2025-01-19 07:00:00,19.2,81,0.0,,61,4.3,,1018.6,,7,3,42176,Rohtak
2025-01-19 07:00:00,19.2,81,0.0,,61,4.3,,1018.6,,7,3,42176,Rohtak
2025-01-19 08:00:00,21.1,72,0.0,,54,5.0,,1017.3,,2,3,42176,Rohtak
2025-01-19 08:00:00,21.1,72,0.0,,54,5.0,,1017.3,,2,3,42176,Rohtak
2025-01-19 09:00:00,22.0,68,0.0,,44,5.4,,1016.2,,4,2,42176,Rohtak
2025-01-19 09:00:00,22.0,68,0.0,,44,5.4,,1016.2,,4,2,42176,Rohtak
2025-01-19 10:00:00,22.2,68,0.0,,35,7.2,,1015.5,,4,3,42176,Rohtak
2025-01-19 10:00:00,22.2,68,0.0,,35,7.2,,1015.5,,4,3,42176,Rohtak
2025-01-19 11:00:00,21.5,76,0.0,,38,7.6,,1015.2,,5,3,42176,Rohtak
2025-01-19 11:00:00,21.5,76,0.0,,38,7.6,,1015.2,,5,3,42176,Rohtak
2025-01-19 12:00:00,21.4,90,0.0,,360,3.6,,1013.6,,7,3,42176,Rohtak
2025-01-19 12:00:00,21.4,90,0.0,,360,3.6,,1013.6,,7,3,42176,Rohtak
2025-01-19 13:00:00,17.5,88,0.0,,35,5.8,,1015.2,,8,3,42176,Rohtak
2025-01-19 13:00:00,17.5,88,0.0,,35,5.8,,1015.2,,8,3,42176,Rohtak
2025-01-19 14:00:00,16.7,90,0.0,,17,3.2,,1015.6,,5,3,42176,Rohtak
2025-01-19 14:00:00,16.7,90,0.0,,17,3.2,,1015.6,,5,3,42176,Rohtak
2025-01-19 15:00:00,16.0,91,0.0,,352,1.4,,1015.9,,4,3,42176,Rohtak
2025-01-19 15:00:00,16.0,91,0.0,,352,1.4,,1015.9,,4,3,42176,Rohtak
2025-01-19 16:00:00,15.2,96,0.0,,5,2.2,,1016.8,,3,3,42176,Rohtak
2025-01-19 16:00:00,15.2,96,0.0,,5,2.2,,1016.8,,3,3,42176,Rohtak
2025-01-19 17:00:00,14.6,98,0.0,,334,1.8,,1016.7,,2,2,42176,Rohtak
2025-01-19 17:00:00,14.6,98,0.0,,334,1.8,,1016.7,,2,2,42176,Rohtak
2025-01-19 18:00:00,13.8,99,0.0,,310,4.0,,1016.6,,0,2,42176,Rohtak
2025-01-19 18:00:00,13.8,99,0.0,,310,4.0,,1016.6,,0,2,42176,Rohtak
2025-01-19 19:00:00,13.1,100,0.0,,321,5.0,,1016.2,,4,1,42176,Rohtak
2025-01-19 19:00:00,13.1,100,0.0,,321,5.0,,1016.2,,4,1,42176,Rohtak
2025-01-19 20:00:00,12.6,100,0.0,,318,6.5,,1015.9,,6,5,42176,Rohtak
2025-01-19 20:00:00,12.6,100,0.0,,318,6.5,,1015.9,,6,5,42176,Rohtak
2025-01-19 21:00:00,12.2,95,0.0,,315,5.8,,1015.1,,0,5,42176,Rohtak
2025-01-19 21:00:00,12.2,95,0.0,,315,5.8,,1015.1,,0,5,42176,Rohtak
2025-01-19 22:00:00,11.6,98,0.0,,288,5.4,,1015.0,,2,1,42176,Rohtak
2025-01-19 22:00:00,11.6,98,0.0,,288,5.4,,1015.0,,2,1,42176,Rohtak
2025-01-19 23:00:00,11.3,99,0.0,,277,6.1,,1014.8,,4,5,42176,Rohtak
2025-01-19 23:00:00,11.3,99,0.0,,277,6.1,,1014.8,,4,5,42176,Rohtak
2025-01-20 00:00:00,11.4,98,0.0,,280,6.8,,1014.9,,5,5,42176,Rohtak
2025-01-20 00:00:00,11.4,98,0.0,,280,6.8,,1014.9,,5,5,42176,Rohtak
2025-01-20 01:00:00,11.6,97,0.0,,288,7.9,,1015.4,,6,5,42176,Rohtak
2025-01-20 01:00:00,11.6,97,0.0,,288,7.9,,1015.4,,6,5,42176,Rohtak
2025-01-20 02:00:00,12.0,97,0.0,,292,9.0,,1016.3,,5,5,42176,Rohtak
2025-01-20 02:00:00,12.0,97,0.0,,292,9.0,,1016.3,,5,5,42176,Rohtak
2025-01-20 03:00:00,11.8,89,0.0,,230,3.6,,1015.5,,7,5,42176,Rohtak
2025-01-20 03:00:00,11.8,89,0.0,,230,3.6,,1015.5,,7,5,42176,Rohtak
2025-01-20 04:00:00,16.0,88,0.0,,298,6.8,,1017.1,,0,2,42176,Rohtak
2025-01-20 04:00:00,16.0,88,0.0,,298,6.8,,1017.1,,0,2,42176,Rohtak
2025-01-20 05:00:00,18.5,81,0.0,,277,5.4,,1017.4,,0,1,42176,Rohtak
2025-01-20 05:00:00,18.5,81,0.0,,277,5.4,,1017.4,,0,1,42176,Rohtak
2025-01-20 06:00:00,20.8,75,0.0,,277,6.8,,1017.4,,0,1,42176,Rohtak
2025-01-20 06:00:00,20.8,75,0.0,,277,6.8,,1017.4,,0,1,42176,Rohtak
2025-01-20 07:00:00,21.8,72,0.0,,278,9.4,,1016.6,,0,1,42176,Rohtak
2025-01-20 07:00:00,21.8,72,0.0,,278,9.4,,1016.6,,0,1,42176,Rohtak
2025-01-20 08:00:00,22.7,69,0.0,,286,10.4,,1015.6,,0,1,42176,Rohtak
2025-01-20 08:00:00,22.7,69,0.0,,286,10.4,,1015.6,,0,1,42176,Rohtak
2025-01-20 09:00:00,23.0,66,0.0,,293,10.1,,1014.6,,0,1,42176,Rohtak
2025-01-20 09:00:00,23.0,66,0.0,,293,10.1,,1014.6,,0,1,42176,Rohtak
2025-01-20 10:00:00,22.9,65,0.0,,304,10.8,,1014.1,,0,1,42176,Rohtak
2025-01-20 10:00:00,22.9,65,0.0,,304,10.8,,1014.1,,0,1,42176,Rohtak
2025-01-20 11:00:00,22.1,72,0.0,,307,9.0,,1013.9,,0,1,42176,Rohtak
2025-01-20 11:00:00,22.1,72,0.0,,307,9.0,,1013.9,,0,1,42176,Rohtak
2025-01-20 12:00:00,19.8,93,0.0,,250,3.6,,1012.8,,7,1,42176,Rohtak
2025-01-20 12:00:00,19.8,93,0.0,,250,3.6,,1012.8,,7,1,42176,Rohtak
2025-01-20 13:00:00,17.1,88,0.0,,301,7.6,,1013.9,,0,1,42176,Rohtak
2025-01-20 13:00:00,17.1,88,0.0,,301,7.6,,1013.9,,0,1,42176,Rohtak
2025-01-20 14:00:00,16.0,91,0.0,,307,7.6,,1014.4,,0,1,42176,Rohtak
2025-01-20 14:00:00,16.0,91,0.0,,307,7.6,,1014.4,,0,1,42176,Rohtak
2025-01-20 15:00:00,15.3,92,0.0,,314,9.0,,1014.8,,0,1,42176,Rohtak
2025-01-20 15:00:00,15.3,92,0.0,,314,9.0,,1014.8,,0,1,42176,Rohtak
2025-01-20 16:00:00,14.9,92,0.0,,322,9.4,,1015.3,,0,1,42176,Rohtak
2025-01-20 16:00:00,14.9,92,0.0,,322,9.4,,1015.3,,0,1,42176,Rohtak
2025-01-20 17:00:00,15.1,92,0.0,,324,9.7,,1015.6,,0,1,42176,Rohtak
2025-01-20 17:00:00,15.1,92,0.0,,324,9.7,,1015.6,,0,1,42176,Rohtak
2025-01-20 18:00:00,14.6,92,0.0,,325,9.4,,1015.7,,0,1,42176,Rohtak
2025-01-20 18:00:00,14.6,92,0.0,,325,9.4,,1015.7,,0,1,42176,Rohtak
2025-01-20 19:00:00,14.3,93,0.0,,326,9.4,,1015.4,,0,1,42176,Rohtak
2025-01-20 19:00:00,14.3,93,0.0,,326,9.4,,1015.4,,0,1,42176,Rohtak
2025-01-20 20:00:00,13.9,93,0.0,,325,9.7,,1015.1,,0,1,42176,Rohtak
2025-01-20 20:00:00,13.9,93,0.0,,325,9.7,,1015.1,,0,1,42176,Rohtak
2025-01-20 21:00:00,13.4,94,0.0,,326,9.7,,1014.6,,0,1,42176,Rohtak
2025-01-20 21:00:00,13.4,94,0.0,,326,9.7,,1014.6,,0,1,42176,Rohtak
2025-01-20 22:00:00,12.7,93,0.0,,317,7.9,,1014.1,,0,1,42176,Rohtak
2025-01-20 22:00:00,12.7,93,0.0,,317,7.9,,1014.1,,0,1,42176,Rohtak
2025-01-20 23:00:00,11.9,94,0.0,,315,7.2,,1013.7,,0,1,42176,Rohtak
2025-01-20 23:00:00,11.9,94,0.0,,315,7.2,,1013.7,,0,1,42176,Rohtak
2025-01-21 00:00:00,11.3,96,0.0,,288,6.8,,1013.7,,0,1,42176,Rohtak
2025-01-21 00:00:00,11.3,96,0.0,,288,6.8,,1013.7,,0,1,42176,Rohtak
2025-01-21 01:00:00,11.0,96,0.0,,264,6.5,,1014.4,,0,1,42176,Rohtak
2025-01-21 01:00:00,11.0,96,0.0,,264,6.5,,1014.4,,0,1,42176,Rohtak
2025-01-21 02:00:00,10.8,97,0.0,,267,6.5,,1014.8,,0,1,42176,Rohtak
2025-01-21 02:00:00,10.8,97,0.0,,267,6.5,,1014.8,,0,1,42176,Rohtak
2025-01-21 03:00:00,12.8,92,0.0,,269,9.4,,1015.3,,0,1,42176,Rohtak
2025-01-21 03:00:00,12.8,92,0.0,,269,9.4,,1015.3,,0,1,42176,Rohtak
2025-01-21 04:00:00,15.2,88,0.0,,269,7.9,,1016.3,,0,1,42176,Rohtak
2025-01-21 04:00:00,15.2,88,0.0,,269,7.9,,1016.3,,0,1,42176,Rohtak
2025-01-21 05:00:00,17.7,80,0.0,,269,7.9,,1016.9,,0,1,42176,Rohtak
2025-01-21 05:00:00,17.7,80,0.0,,269,7.9,,1016.9,,0,1,42176,Rohtak
2025-01-21 06:00:00,20.0,72,0.0,,266,7.9,,1016.4,,0,1,42176,Rohtak
2025-01-21 06:00:00,20.0,72,0.0,,266,7.9,,1016.4,,0,1,42176,Rohtak
2025-01-21 07:00:00,21.7,64,0.0,,271,8.3,,1015.3,,0,1,42176,Rohtak
2025-01-21 07:00:00,21.7,64,0.0,,271,8.3,,1015.3,,0,1,42176,Rohtak
2025-01-21 08:00:00,22.6,57,0.0,,283,9.0,,1014.0,,0,1,42176,Rohtak
2025-01-21 08:00:00,22.6,57,0.0,,283,9.0,,1014.0,,0,1,42176,Rohtak
2025-01-21 09:00:00,22.5,55,0.0,,300,11.2,,1013.2,,0,1,42176,Rohtak
2025-01-21 09:00:00,22.5,55,0.0,,300,11.2,,1013.2,,0,1,42176,Rohtak
2025-01-21 10:00:00,22.2,57,0.0,,301,10.1,,1012.7,,0,1,42176,Rohtak
2025-01-21 10:00:00,22.2,57,0.0,,301,10.1,,1012.7,,0,1,42176,Rohtak
2025-01-21 11:00:00,21.2,66,0.0,,297,8.6,,1012.6,,0,1,42176,Rohtak
2025-01-21 11:00:00,21.2,66,0.0,,297,8.6,,1012.6,,0,1,42176,Rohtak
2025-01-21 12:00:00,20.4,93,0.0,,290,3.6,,1012.2,,7,1,42176,Rohtak
2025-01-21 12:00:00,20.4,93,0.0,,290,3.6,,1012.2,,7,1,42176,Rohtak
2025-01-21 13:00:00,16.2,84,0.0,,303,9.4,,1012.7,,0,1,42176,Rohtak
2025-01-21 13:00:00,16.2,84,0.0,,303,9.4,,1012.7,,0,1,42176,Rohtak
2025-01-21 14:00:00,15.6,84,0.0,,306,10.1,,1013.9,,0,1,42176,Rohtak
2025-01-21 14:00:00,15.6,84,0.0,,306,10.1,,1013.9,,0,1,42176,Rohtak
2025-01-21 15:00:00,14.7,84,0.0,,303,9.4,,1014.4,,0,1,42176,Rohtak
2025-01-21 15:00:00,14.7,84,0.0,,303,9.4,,1014.4,,0,1,42176,Rohtak
2025-01-21 16:00:00,13.8,86,0.0,,304,8.3,,1014.6,,0,1,42176,Rohtak
2025-01-21 16:00:00,13.8,86,0.0,,304,8.3,,1014.6,,0,1,42176,Rohtak
2025-01-21 17:00:00,13.3,88,0.0,,306,7.9,,1014.8,,0,1,42176,Rohtak
2025-01-21 17:00:00,13.3,88,0.0,,306,7.9,,1014.8,,0,1,42176,Rohtak
2025-01-21 18:00:00,12.8,89,0.0,,309,8.3,,1014.8,,0,1,42176,Rohtak
2025-01-21 18:00:00,12.8,89,0.0,,309,8.3,,1014.8,,0,1,42176,Rohtak
2025-01-21 19:00:00,12.5,91,0.0,,316,8.6,,1014.6,,0,1,42176,Rohtak
2025-01-21 19:00:00,12.5,91,0.0,,316,8.6,,1014.6,,0,1,42176,Rohtak
2025-01-21 20:00:00,12.4,91,0.0,,326,9.4,,1014.5,,0,1,42176,Rohtak
2025-01-21 20:00:00,12.4,91,0.0,,326,9.4,,1014.5,,0,1,42176,Rohtak
2025-01-21 21:00:00,12.2,92,0.0,,332,8.6,,1014.2,,0,1,42176,Rohtak
2025-01-21 21:00:00,12.2,92,0.0,,332,8.6,,1014.2,,0,1,42176,Rohtak
2025-01-21 22:00:00,11.7,93,0.0,,336,7.6,,1013.6,,0,1,42176,Rohtak
2025-01-21 22:00:00,11.7,93,0.0,,336,7.6,,1013.6,,0,1,42176,Rohtak
2025-01-21 23:00:00,10.9,94,0.0,,340,6.1,,1013.2,,0,1,42176,Rohtak
2025-01-21 23:00:00,10.9,94,0.0,,340,6.1,,1013.2,,0,1,42176,Rohtak
2025-01-22 00:00:00,11.0,95,0.0,,341,5.8,,1013.1,,0,1,42176,Rohtak
2025-01-22 00:00:00,11.0,95,0.0,,341,5.8,,1013.1,,0,1,42176,Rohtak
2025-01-22 01:00:00,10.9,95,0.0,,298,3.2,,1013.8,,0,1,42176,Rohtak
2025-01-22 01:00:00,10.9,95,0.0,,298,3.2,,1013.8,,0,1,42176,Rohtak
2025-01-22 02:00:00,10.7,95,0.0,,304,2.5,,1014.4,,0,1,42176,Rohtak
2025-01-22 02:00:00,10.7,95,0.0,,304,2.5,,1014.4,,0,1,42176,Rohtak
2025-01-22 03:00:00,12.6,91,0.0,,319,6.8,,1014.8,,0,1,42176,Rohtak
2025-01-22 03:00:00,12.6,91,0.0,,319,6.8,,1014.8,,0,1,42176,Rohtak
2025-01-22 04:00:00,15.5,86,0.0,,336,4.0,,1015.2,,0,1,42176,Rohtak
2025-01-22 04:00:00,15.5,86,0.0,,336,4.0,,1015.2,,0,1,42176,Rohtak
2025-01-22 05:00:00,18.1,79,0.0,,311,3.2,,1016.0,,0,1,42176,Rohtak
2025-01-22 05:00:00,18.1,79,0.0,,311,3.2,,1016.0,,0,1,42176,Rohtak
2025-01-22 06:00:00,20.3,74,0.0,,257,2.9,,1015.4,,1,1,42176,Rohtak
2025-01-22 06:00:00,20.3,74,0.0,,257,2.9,,1015.4,,1,1,42176,Rohtak
2025-01-22 07:00:00,21.7,69,0.0,,234,5.8,,1014.6,,3,2,42176,Rohtak
2025-01-22 07:00:00,21.7,69,0.0,,234,5.8,,1014.6,,3,2,42176,Rohtak
2025-01-22 08:00:00,22.3,66,0.0,,238,6.5,,1013.6,,4,2,42176,Rohtak
2025-01-22 08:00:00,22.3,66,0.0,,238,6.5,,1013.6,,4,2,42176,Rohtak
2025-01-22 09:00:00,22.3,65,0.0,,267,6.1,,1012.7,,3,3,42176,Rohtak
2025-01-22 09:00:00,22.3,65,0.0,,267,6.1,,1012.7,,3,3,42176,Rohtak
2025-01-22 10:00:00,22.8,61,0.0,,264,4.7,,1012.0,,4,2,42176,Rohtak
2025-01-22 10:00:00,22.8,61,0.0,,264,4.7,,1012.0,,4,2,42176,Rohtak
2025-01-22 11:00:00,21.9,71,0.0,,238,7.2,,1011.9,,3,3,42176,Rohtak
2025-01-22 11:00:00,21.9,71,0.0,,238,7.2,,1011.9,,3,3,42176,Rohtak
2025-01-22 12:00:00,20.4,93,0.2,,290,3.6,,1010.9,,7,17,42176,Rohtak
2025-01-22 12:00:00,20.4,93,0.2,,290,3.6,,1010.9,,7,17,42176,Rohtak
2025-01-22 13:00:00,17.5,85,0.0,,287,9.7,,1012.7,,6,3,42176,Rohtak
2025-01-22 13:00:00,17.5,85,0.0,,287,9.7,,1012.7,,6,3,42176,Rohtak
2025-01-22 14:00:00,17.3,81,0.0,,311,12.2,,1013.5,,5,3,42176,Rohtak
2025-01-22 14:00:00,17.3,81,0.0,,311,12.2,,1013.5,,5,3,42176,Rohtak
2025-01-22 15:00:00,16.7,87,0.0,,307,14.4,,1014.5,,3,3,42176,Rohtak
2025-01-22 15:00:00,16.7,87,0.0,,307,14.4,,1014.5,,3,3,42176,Rohtak
2025-01-22 16:00:00,15.7,90,0.5,,329,8.3,,1014.8,,3,17,42176,Rohtak
2025-01-22 16:00:00,15.7,90,0.5,,329,8.3,,1014.8,,3,17,42176,Rohtak
2025-01-22 17:00:00,15.8,89,0.0,,13,10.4,,1014.9,,3,2,42176,Rohtak
2025-01-22 17:00:00,15.8,89,0.0,,13,10.4,,1014.9,,3,2,42176,Rohtak
2025-01-22 18:00:00,15.1,90,0.1,,360,6.5,,1015.4,,5,17,42176,Rohtak
2025-01-22 18:00:00,15.1,90,0.1,,360,6.5,,1015.4,,5,17,42176,Rohtak
2025-01-22 19:00:00,15.1,89,0.1,,90,6.5,,1015.0,,4,17,42176,Rohtak
2025-01-22 19:00:00,15.1,89,0.1,,90,6.5,,1015.0,,4,17,42176,Rohtak
2025-01-22 20:00:00,14.4,89,0.0,,59,9.0,,1014.5,,2,3,42176,Rohtak
2025-01-22 20:00:00,14.4,89,0.0,,59,9.0,,1014.5,,2,3,42176,Rohtak
2025-01-22 21:00:00,14.0,89,0.0,,11,6.8,,1014.2,,2,2,42176,Rohtak
2025-01-22 21:00:00,14.0,89,0.0,,11,6.8,,1014.2,,2,2,42176,Rohtak
2025-01-22 22:00:00,13.7,89,0.0,,59,5.8,,1013.9,,4,2,42176,Rohtak
2025-01-22 22:00:00,13.7,89,0.0,,59,5.8,,1013.9,,4,2,42176,Rohtak
2025-01-22 23:00:00,13.2,91,0.0,,200,3.2,,1014.0,,2,3,42176,Rohtak
2025-01-22 23:00:00,13.2,91,0.0,,200,3.2,,1014.0,,2,3,42176,Rohtak
2025-01-23 00:00:00,12.4,93,0.0,,306,5.0,,1013.9,,2,2,42176,Rohtak
2025-01-23 00:00:00,12.4,93,0.0,,306,5.0,,1013.9,,2,2,42176,Rohtak
2025-01-23 01:00:00,11.3,96,0.0,,306,5.4,,1014.7,,0,2,42176,Rohtak
2025-01-23 01:00:00,11.3,96,0.0,,306,5.4,,1014.7,,0,2,42176,Rohtak
2025-01-23 02:00:00,10.6,98,0.0,,318,7.2,,1015.1,,0,1,42176,Rohtak
2025-01-23 02:00:00,10.6,98,0.0,,318,7.2,,1015.1,,0,1,42176,Rohtak
2025-01-23 03:00:00,10.4,91,0.0,,320,3.6,,1012.5,,7,1,42176,Rohtak
2025-01-23 03:00:00,10.4,91,0.0,,320,3.6,,1012.5,,7,1,42176,Rohtak
2025-01-23 04:00:00,15.4,87,0.0,,309,8.3,,1016.7,,0,1,42176,Rohtak
2025-01-23 04:00:00,15.4,87,0.0,,309,8.3,,1016.7,,0,1,42176,Rohtak
2025-01-23 05:00:00,17.8,80,0.0,,317,8.3,,1017.3,,0,1,42176,Rohtak
2025-01-23 05:00:00,17.8,80,0.0,,317,8.3,,1017.3,,0,1,42176,Rohtak
2025-01-23 06:00:00,20.0,72,0.0,,321,8.6,,1017.0,,0,1,42176,Rohtak
2025-01-23 06:00:00,20.0,72,0.0,,321,8.6,,1017.0,,0,1,42176,Rohtak
2025-01-23 07:00:00,21.7,62,0.0,,323,10.1,,1016.2,,0,1,42176,Rohtak
2025-01-23 07:00:00,21.7,62,0.0,,323,10.1,,1016.2,,0,1,42176,Rohtak
2025-01-23 08:00:00,22.5,54,0.0,,323,11.5,,1015.3,,0,1,42176,Rohtak
2025-01-23 08:00:00,22.5,54,0.0,,323,11.5,,1015.3,,0,1,42176,Rohtak
2025-01-23 09:00:00,22.7,50,0.0,,320,13.0,,1014.5,,0,1,42176,Rohtak
2025-01-23 09:00:00,22.7,50,0.0,,320,13.0,,1014.5,,0,1,42176,Rohtak
2025-01-23 10:00:00,22.3,51,0.0,,317,13.7,,1014.3,,0,1,42176,Rohtak
2025-01-23 10:00:00,22.3,51,0.0,,317,13.7,,1014.3,,0,1,42176,Rohtak
2025-01-23 11:00:00,21.1,59,0.0,,317,11.2,,1014.7,,0,1,42176,Rohtak
2025-01-23 11:00:00,21.1,59,0.0,,317,11.2,,1014.7,,0,1,42176,Rohtak
2025-01-23 12:00:00,18.4,71,0.0,,317,7.6,,1014.9,,0,1,42176,Rohtak
2025-01-23 12:00:00,18.4,71,0.0,,317,7.6,,1014.9,,0,1,42176,Rohtak
2025-01-23 13:00:00,16.3,78,0.0,,304,9.0,,1015.3,,0,1,42176,Rohtak
2025-01-23 13:00:00,16.3,78,0.0,,304,9.0,,1015.3,,0,1,42176,Rohtak
2025-01-23 14:00:00,15.8,76,0.0,,312,11.9,,1016.1,,0,1,42176,Rohtak
2025-01-23 14:00:00,15.8,76,0.0,,312,11.9,,1016.1,,0,1,42176,Rohtak
2025-01-23 15:00:00,14.9,77,0.0,,314,10.4,,1016.7,,0,1,42176,Rohtak
2025-01-23 15:00:00,14.9,77,0.0,,314,10.4,,1016.7,,0,1,42176,Rohtak
2025-01-23 16:00:00,14.4,76,0.0,,316,10.8,,1017.0,,0,1,42176,Rohtak
2025-01-23 16:00:00,14.4,76,0.0,,316,10.8,,1017.0,,0,1,42176,Rohtak
2025-01-23 17:00:00,13.8,77,0.0,,316,10.4,,1017.0,,0,1,42176,Rohtak
2025-01-23 17:00:00,13.8,77,0.0,,316,10.4,,1017.0,,0,1,42176,Rohtak
2025-01-23 18:00:00,13.1,78,0.0,,315,9.7,,1016.8,,0,1,42176,Rohtak
2025-01-23 18:00:00,13.1,78,0.0,,315,9.7,,1016.8,,0,1,42176,Rohtak
2025-01-23 19:00:00,12.5,80,0.0,,310,9.4,,1016.7,,0,1,42176,Rohtak
2025-01-23 19:00:00,12.5,80,0.0,,310,9.4,,1016.7,,0,1,42176,Rohtak
2025-01-23 20:00:00,11.9,83,0.0,,303,8.6,,1016.2,,0,1,42176,Rohtak
2025-01-23 20:00:00,11.9,83,0.0,,303,8.6,,1016.2,,0,1,42176,Rohtak
2025-01-23 21:00:00,11.7,84,0.0,,307,9.7,,1015.1,,0,1,42176,Rohtak
2025-01-23 21:00:00,11.7,84,0.0,,307,9.7,,1015.1,,0,1,42176,Rohtak
2025-01-23 22:00:00,11.4,85,0.0,,302,9.7,,1014.9,,0,1,42176,Rohtak
2025-01-23 22:00:00,11.4,85,0.0,,302,9.7,,1014.9,,0,1,42176,Rohtak
2025-01-23 23:00:00,11.0,86,0.0,,290,9.7,,1014.8,,0,1,42176,Rohtak
2025-01-23 23:00:00,11.0,86,0.0,,290,9.7,,1014.8,,0,1,42176,Rohtak
2025-01-24 00:00:00,10.4,86,0.0,,280,9.4,,1015.2,,0,1,42176,Rohtak
2025-01-24 00:00:00,10.4,86,0.0,,280,9.4,,1015.2,,0,1,42176,Rohtak
2025-01-24 01:00:00,10.0,87,0.0,,275,9.7,,1015.9,,0,1,42176,Rohtak
2025-01-24 01:00:00,10.0,87,0.0,,275,9.7,,1015.9,,0,1,42176,Rohtak
2025-01-24 02:00:00,10.0,90,0.0,,270,10.4,,1016.6,,0,1,42176,Rohtak
2025-01-24 02:00:00,10.0,90,0.0,,270,10.4,,1016.6,,0,1,42176,Rohtak
2025-01-24 03:00:00,9.8,88,0.0,,180,3.6,,1015.3,,7,1,42176,Rohtak
2025-01-24 03:00:00,9.8,88,0.0,,180,3.6,,1015.3,,7,1,42176,Rohtak
2025-01-24 04:00:00,14.2,78,0.0,,277,10.1,,1017.7,,0,1,42176,Rohtak
2025-01-24 04:00:00,14.2,78,0.0,,277,10.1,,1017.7,,0,1,42176,Rohtak
2025-01-24 05:00:00,16.8,71,0.0,,290,10.8,,1018.0,,0,1,42176,Rohtak
2025-01-24 05:00:00,16.8,71,0.0,,290,10.8,,1018.0,,0,1,42176,Rohtak
2025-01-24 06:00:00,19.1,63,0.0,,291,12.6,,1017.8,,0,1,42176,Rohtak
2025-01-24 06:00:00,19.1,63,0.0,,291,12.6,,1017.8,,0,1,42176,Rohtak
2025-01-24 07:00:00,20.4,58,0.0,,288,12.6,,1016.7,,0,1,42176,Rohtak
2025-01-24 07:00:00,20.4,58,0.0,,288,12.6,,1016.7,,0,1,42176,Rohtak
2025-01-24 08:00:00,21.3,54,0.0,,292,13.7,,1015.6,,0,1,42176,Rohtak
2025-01-24 08:00:00,21.3,54,0.0,,292,13.7,,1015.6,,0,1,42176,Rohtak
2025-01-24 09:00:00,21.6,51,0.0,,296,14.4,,1015.0,,0,1,42176,Rohtak
2025-01-24 09:00:00,21.6,51,0.0,,296,14.4,,1015.0,,0,1,42176,Rohtak
2025-01-24 10:00:00,21.3,51,0.0,,298,14.4,,1014.6,,0,1,42176,Rohtak
2025-01-24 10:00:00,21.3,51,0.0,,298,14.4,,1014.6,,0,1,42176,Rohtak
2025-01-24 11:00:00,20.3,58,0.0,,300,12.6,,1014.5,,0,1,42176,Rohtak
2025-01-24 11:00:00,20.3,58,0.0,,300,12.6,,1014.5,,0,1,42176,Rohtak
2025-01-24 12:00:00,20.2,93,0.0,,290,3.6,,1012.8,,7,1,42176,Rohtak
2025-01-24 12:00:00,20.2,93,0.0,,290,3.6,,1012.8,,7,1,42176,Rohtak
2025-01-24 13:00:00,15.9,70,0.0,,293,11.9,,1015.0,,0,1,42176,Rohtak
2025-01-24 13:00:00,15.9,70,0.0,,293,11.9,,1015.0,,0,1,42176,Rohtak
2025-01-24 14:00:00,14.9,72,0.0,,293,12.2,,1015.7,,0,1,42176,Rohtak
2025-01-24 14:00:00,14.9,72,0.0,,293,12.2,,1015.7,,0,1,42176,Rohtak
2025-01-24 15:00:00,14.2,74,0.0,,295,12.2,,1015.9,,0,1,42176,Rohtak
2025-01-24 15:00:00,14.2,74,0.0,,295,12.2,,1015.9,,0,1,42176,Rohtak
2025-01-24 16:00:00,13.4,75,0.0,,293,11.9,,1016.2,,0,1,42176,Rohtak
2025-01-24 16:00:00,13.4,75,0.0,,293,11.9,,1016.2,,0,1,42176,Rohtak
2025-01-24 17:00:00,12.9,71,0.0,,292,11.9,,1016.1,,0,1,42176,Rohtak
2025-01-24 17:00:00,12.9,71,0.0,,292,11.9,,1016.1,,0,1,42176,Rohtak
2025-01-24 18:00:00,12.4,70,0.0,,294,11.9,,1015.9,,0,1,42176,Rohtak
2025-01-24 18:00:00,12.4,70,0.0,,294,11.9,,1015.9,,0,1,42176,Rohtak
2025-01-24 19:00:00,11.9,69,0.0,,294,11.2,,1015.7,,0,1,42176,Rohtak
2025-01-24 19:00:00,11.9,69,0.0,,294,11.2,,1015.7,,0,1,42176,Rohtak
2025-01-24 20:00:00,11.3,71,0.0,,298,10.4,,1015.6,,0,1,42176,Rohtak
2025-01-24 20:00:00,11.3,71,0.0,,298,10.4,,1015.6,,0,1,42176,Rohtak
2025-01-24 21:00:00,10.7,72,0.0,,294,10.4,,1015.3,,0,1,42176,Rohtak
2025-01-24 21:00:00,10.7,72,0.0,,294,10.4,,1015.3,,0,1,42176,Rohtak
2025-01-24 22:00:00,10.4,75,0.0,,289,10.4,,1014.6,,0,1,42176,Rohtak
2025-01-24 22:00:00,10.4,75,0.0,,289,10.4,,1014.6,,0,1,42176,Rohtak
2025-01-24 23:00:00,10.0,75,0.0,,278,10.8,,1014.6,,0,1,42176,Rohtak
2025-01-24 23:00:00,10.0,75,0.0,,278,10.8,,1014.6,,0,1,42176,Rohtak
2025-01-25 00:00:00,9.7,75,0.0,,273,11.5,,1014.9,,0,1,42176,Rohtak
2025-01-25 00:00:00,9.7,75,0.0,,273,11.5,,1014.9,,0,1,42176,Rohtak
2025-01-25 01:00:00,9.3,75,0.0,,278,11.9,,1015.3,,0,1,42176,Rohtak
2025-01-25 01:00:00,9.3,75,0.0,,278,11.9,,1015.3,,0,1,42176,Rohtak
2025-01-25 02:00:00,9.1,75,0.0,,276,11.9,,1016.2,,0,1,42176,Rohtak
2025-01-25 02:00:00,9.1,75,0.0,,276,11.9,,1016.2,,0,1,42176,Rohtak
2025-01-25 03:00:00,10.6,73,0.0,,276,13.0,,1016.7,,0,1,42176,Rohtak
2025-01-25 03:00:00,10.6,73,0.0,,276,13.0,,1016.7,,0,1,42176,Rohtak
2025-01-25 04:00:00,13.0,71,0.0,,268,10.4,,1017.2,,0,1,42176,Rohtak
2025-01-25 04:00:00,13.0,71,0.0,,268,10.4,,1017.2,,0,1,42176,Rohtak
2025-01-25 05:00:00,15.6,66,0.0,,266,9.7,,1017.8,,0,1,42176,Rohtak
2025-01-25 05:00:00,15.6,66,0.0,,266,9.7,,1017.8,,0,1,42176,Rohtak
2025-01-25 06:00:00,17.9,59,0.0,,268,10.4,,1017.3,,0,1,42176,Rohtak
2025-01-25 06:00:00,17.9,59,0.0,,268,10.4,,1017.3,,0,1,42176,Rohtak
2025-01-25 07:00:00,19.6,54,0.0,,271,11.2,,1016.4,,0,1,42176,Rohtak
2025-01-25 07:00:00,19.6,54,0.0,,271,11.2,,1016.4,,0,1,42176,Rohtak
2025-01-25 08:00:00,20.7,50,0.0,,278,11.5,,1015.3,,0,1,42176,Rohtak
2025-01-25 08:00:00,20.7,50,0.0,,278,11.5,,1015.3,,0,1,42176,Rohtak
2025-01-25 09:00:00,21.1,48,0.0,,282,11.9,,1014.3,,0,1,42176,Rohtak
2025-01-25 09:00:00,21.1,48,0.0,,282,11.9,,1014.3,,0,1,42176,Rohtak
2025-01-25 10:00:00,20.9,50,0.0,,284,11.2,,1013.9,,0,1,42176,Rohtak
2025-01-25 10:00:00,20.9,50,0.0,,284,11.2,,1013.9,,0,1,42176,Rohtak
2025-01-25 11:00:00,19.9,59,0.0,,281,9.4,,1013.8,,0,1,42176,Rohtak
2025-01-25 11:00:00,19.9,59,0.0,,281,9.4,,1013.8,,0,1,42176,Rohtak
2025-01-25 12:00:00,20.8,94,0.0,,290,3.6,,1012.4,,7,1,42176,Rohtak
2025-01-25 12:00:00,20.8,94,0.0,,290,3.6,,1012.4,,7,1,42176,Rohtak
2025-01-25 13:00:00,14.5,72,0.0,,285,9.4,,1014.3,,0,1,42176,Rohtak
2025-01-25 13:00:00,14.5,72,0.0,,285,9.4,,1014.3,,0,1,42176,Rohtak
2025-01-25 14:00:00,14.4,70,0.0,,287,10.1,,1014.9,,0,1,42176,Rohtak
2025-01-25 14:00:00,14.4,70,0.0,,287,10.1,,1014.9,,0,1,42176,Rohtak
2025-01-25 15:00:00,13.5,72,0.0,,284,9.7,,1015.5,,0,1,42176,Rohtak
2025-01-25 15:00:00,13.5,72,0.0,,284,9.7,,1015.5,,0,1,42176,Rohtak
2025-01-25 16:00:00,12.8,72,0.0,,284,9.7,,1015.7,,0,1,42176,Rohtak
2025-01-25 16:00:00,12.8,72,0.0,,284,9.7,,1015.7,,0,1,42176,Rohtak
2025-01-25 17:00:00,12.2,73,0.0,,284,9.7,,1015.8,,0,1,42176,Rohtak
2025-01-25 17:00:00,12.2,73,0.0,,284,9.7,,1015.8,,0,1,42176,Rohtak
2025-01-25 18:00:00,11.6,74,0.0,,287,9.4,,1015.6,,0,1,42176,Rohtak
2025-01-25 18:00:00,11.6,74,0.0,,287,9.4,,1015.6,,0,1,42176,Rohtak
2025-01-25 19:00:00,11.1,75,0.0,,296,9.4,,1015.2,,0,1,42176,Rohtak
2025-01-25 19:00:00,11.1,75,0.0,,296,9.4,,1015.2,,0,1,42176,Rohtak
2025-01-25 20:00:00,10.6,75,0.0,,302,9.7,,1015.0,,0,1,42176,Rohtak
2025-01-25 20:00:00,10.6,75,0.0,,302,9.7,,1015.0,,0,1,42176,Rohtak
2025-01-25 21:00:00,10.1,76,0.0,,306,9.7,,1014.6,,0,1,42176,Rohtak
2025-01-25 21:00:00,10.1,76,0.0,,306,9.7,,1014.6,,0,1,42176,Rohtak
2025-01-25 22:00:00,9.7,77,0.0,,304,10.1,,1014.3,,0,1,42176,Rohtak
2025-01-25 22:00:00,9.7,77,0.0,,304,10.1,,1014.3,,0,1,42176,Rohtak
2025-01-25 23:00:00,9.2,79,0.0,,291,9.4,,1014.1,,0,1,42176,Rohtak
2025-01-25 23:00:00,9.2,79,0.0,,291,9.4,,1014.1,,0,1,42176,Rohtak
2025-01-26 00:00:00,8.6,80,0.0,,282,8.3,,1014.4,,0,1,42176,Rohtak
2025-01-26 00:00:00,8.6,80,0.0,,282,8.3,,1014.4,,0,1,42176,Rohtak
2025-01-26 01:00:00,8.1,81,0.0,,273,8.3,,1015.1,,0,1,42176,Rohtak
2025-01-26 01:00:00,8.1,81,0.0,,273,8.3,,1015.1,,0,1,42176,Rohtak
2025-01-26 02:00:00,7.9,80,0.0,,268,9.0,,1015.9,,0,1,42176,Rohtak
2025-01-26 02:00:00,7.9,80,0.0,,268,9.0,,1015.9,,0,1,42176,Rohtak
2025-01-26 03:00:00,6.0,89,0.0,,180,3.6,,1013.3,,7,1,42176,Rohtak
2025-01-26 03:00:00,6.0,89,0.0,,180,3.6,,1013.3,,7,1,42176,Rohtak
2025-01-26 04:00:00,12.9,70,0.0,,268,9.4,,1017.1,,0,1,42176,Rohtak
2025-01-26 04:00:00,12.9,70,0.0,,268,9.4,,1017.1,,0,1,42176,Rohtak
2025-01-26 05:00:00,15.7,65,0.0,,273,7.6,,1017.6,,0,1,42176,Rohtak
2025-01-26 05:00:00,15.7,65,0.0,,273,7.6,,1017.6,,0,1,42176,Rohtak
2025-01-26 06:00:00,18.1,57,0.0,,277,8.6,,1017.2,,0,1,42176,Rohtak
2025-01-26 06:00:00,18.1,57,0.0,,277,8.6,,1017.2,,0,1,42176,Rohtak
2025-01-26 07:00:00,19.8,52,0.0,,283,9.4,,1016.1,,0,1,42176,Rohtak
2025-01-26 07:00:00,19.8,52,0.0,,283,9.4,,1016.1,,0,1,42176,Rohtak
2025-01-26 08:00:00,20.8,50,0.0,,286,9.7,,1014.9,,0,1,42176,Rohtak
2025-01-26 08:00:00,20.8,50,0.0,,286,9.7,,1014.9,,0,1,42176,Rohtak
2025-01-26 09:00:00,21.3,48,0.0,,286,9.7,,1013.9,,0,1,42176,Rohtak
2025-01-26 09:00:00,21.3,48,0.0,,286,9.7,,1013.9,,0,1,42176,Rohtak
2025-01-26 10:00:00,21.2,49,0.0,,281,10.1,,1013.5,,0,1,42176,Rohtak
2025-01-26 10:00:00,21.2,49,0.0,,281,10.1,,1013.5,,0,1,42176,Rohtak
2025-01-26 11:00:00,20.1,59,0.0,,269,8.3,,1013.3,,0,1,42176,Rohtak
2025-01-26 11:00:00,20.1,59,0.0,,269,8.3,,1013.3,,0,1,42176,Rohtak
2025-01-26 12:00:00,18.8,32,0.0,,290,3.6,,1011.2,,7,1,42176,Rohtak
2025-01-26 12:00:00,18.8,32,0.0,,290,3.6,,1011.2,,7,1,42176,Rohtak
2025-01-26 13:00:00,14.4,74,0.0,,270,7.9,,1013.5,,0,1,42176,Rohtak
2025-01-26 13:00:00,14.4,74,0.0,,270,7.9,,1013.5,,0,1,42176,Rohtak
2025-01-26 14:00:00,13.2,75,0.0,,281,8.3,,1014.1,,0,1,42176,Rohtak
2025-01-26 14:00:00,13.2,75,0.0,,281,8.3,,1014.1,,0,1,42176,Rohtak
2025-01-26 15:00:00,12.7,79,0.0,,280,7.9,,1014.4,,0,1,42176,Rohtak
2025-01-26 15:00:00,12.7,79,0.0,,280,7.9,,1014.4,,0,1,42176,Rohtak
2025-01-26 16:00:00,11.8,80,0.0,,280,7.9,,1014.8,,0,1,42176,Rohtak
2025-01-26 16:00:00,11.8,80,0.0,,280,7.9,,1014.8,,0,1,42176,Rohtak
2025-01-26 17:00:00,11.1,79,0.0,,285,7.9,,1015.0,,0,1,42176,Rohtak
2025-01-26 17:00:00,11.1,79,0.0,,285,7.9,,1015.0,,0,1,42176,Rohtak
2025-01-26 18:00:00,10.5,78,0.0,,291,7.6,,1014.9,,0,1,42176,Rohtak
2025-01-26 18:00:00,10.5,78,0.0,,291,7.6,,1014.9,,0,1,42176,Rohtak
2025-01-26 19:00:00,9.9,77,0.0,,296,7.6,,1014.7,,0,1,42176,Rohtak
2025-01-26 19:00:00,9.9,77,0.0,,296,7.6,,1014.7,,0,1,42176,Rohtak
2025-01-26 20:00:00,9.3,80,0.0,,296,6.5,,1014.1,,0,1,42176,Rohtak
2025-01-26 20:00:00,9.3,80,0.0,,296,6.5,,1014.1,,0,1,42176,Rohtak
2025-01-26 21:00:00,8.5,83,0.0,,303,6.1,,1013.8,,0,1,42176,Rohtak
2025-01-26 21:00:00,8.5,83,0.0,,303,6.1,,1013.8,,0,1,42176,Rohtak
2025-01-26 22:00:00,7.8,85,0.0,,290,6.1,,1013.6,,0,1,42176,Rohtak
2025-01-26 22:00:00,7.8,85,0.0,,290,6.1,,1013.6,,0,1,42176,Rohtak
2025-01-26 23:00:00,7.1,89,0.0,,279,6.1,,1013.5,,0,1,42176,Rohtak
2025-01-26 23:00:00,7.1,89,0.0,,279,6.1,,1013.5,,0,1,42176,Rohtak
2025-01-27 00:00:00,6.7,90,0.0,,283,6.5,,1013.4,,0,1,42176,Rohtak
2025-01-27 00:00:00,6.7,90,0.0,,283,6.5,,1013.4,,0,1,42176,Rohtak
2025-01-27 01:00:00,6.5,91,0.0,,287,6.5,,1014.1,,0,1,42176,Rohtak
2025-01-27 01:00:00,6.5,91,0.0,,287,6.5,,1014.1,,0,1,42176,Rohtak
2025-01-27 02:00:00,6.5,91,0.0,,291,6.5,,1014.8,,0,1,42176,Rohtak
2025-01-27 02:00:00,6.5,91,0.0,,291,6.5,,1014.8,,0,1,42176,Rohtak
2025-01-27 03:00:00,6.4,86,0.0,,250,3.6,,1012.4,,7,1,42176,Rohtak
2025-01-27 03:00:00,6.4,86,0.0,,250,3.6,,1012.4,,7,1,42176,Rohtak
2025-01-27 04:00:00,12.9,79,0.0,,268,5.8,,1016.1,,0,1,42176,Rohtak
2025-01-27 04:00:00,12.9,79,0.0,,268,5.8,,1016.1,,0,1,42176,Rohtak
2025-01-27 05:00:00,16.0,71,0.0,,269,5.0,,1016.6,,0,1,42176,Rohtak
2025-01-27 05:00:00,16.0,71,0.0,,269,5.0,,1016.6,,0,1,42176,Rohtak
2025-01-27 06:00:00,18.4,61,0.0,,269,6.1,,1016.0,,0,1,42176,Rohtak
2025-01-27 06:00:00,18.4,61,0.0,,269,6.1,,1016.0,,0,1,42176,Rohtak
2025-01-27 07:00:00,20.0,54,0.0,,266,7.2,,1015.0,,0,1,42176,Rohtak
2025-01-27 07:00:00,20.0,54,0.0,,266,7.2,,1015.0,,0,1,42176,Rohtak
2025-01-27 08:00:00,21.0,50,0.0,,275,8.3,,1013.8,,0,1,42176,Rohtak
2025-01-27 08:00:00,21.0,50,0.0,,275,8.3,,1013.8,,0,1,42176,Rohtak
2025-01-27 09:00:00,21.4,48,0.0,,286,8.6,,1012.6,,0,1,42176,Rohtak
2025-01-27 09:00:00,21.4,48,0.0,,286,8.6,,1012.6,,0,1,42176,Rohtak
2025-01-27 10:00:00,21.5,48,0.0,,296,8.6,,1011.7,,0,1,42176,Rohtak
2025-01-27 10:00:00,21.5,48,0.0,,296,8.6,,1011.7,,0,1,42176,Rohtak
2025-01-27 11:00:00,20.3,58,0.0,,304,7.9,,1011.6,,0,1,42176,Rohtak
2025-01-27 11:00:00,20.3,58,0.0,,304,7.9,,1011.6,,0,1,42176,Rohtak
2025-01-27 12:00:00,19.2,98,0.0,,290,3.6,,1009.4,,7,1,42176,Rohtak
2025-01-27 12:00:00,19.2,98,0.0,,290,3.6,,1009.4,,7,1,42176,Rohtak
2025-01-27 13:00:00,14.9,74,0.0,,295,7.2,,1011.8,,0,1,42176,Rohtak
2025-01-27 13:00:00,14.9,74,0.0,,295,7.2,,1011.8,,0,1,42176,Rohtak
2025-01-27 14:00:00,13.5,77,0.0,,281,7.6,,1012.3,,0,1,42176,Rohtak
2025-01-27 14:00:00,13.5,77,0.0,,281,7.6,,1012.3,,0,1,42176,Rohtak
2025-01-27 15:00:00,12.5,80,0.0,,269,7.6,,1012.9,,0,1,42176,Rohtak
2025-01-27 15:00:00,12.5,80,0.0,,269,7.6,,1012.9,,0,1,42176,Rohtak
2025-01-27 16:00:00,12.3,80,0.0,,271,8.3,,1013.1,,0,1,42176,Rohtak
2025-01-27 16:00:00,12.3,80,0.0,,271,8.3,,1013.1,,0,1,42176,Rohtak
2025-01-27 17:00:00,11.7,80,0.0,,272,8.6,,1013.0,,0,1,42176,Rohtak
2025-01-27 17:00:00,11.7,80,0.0,,272,8.6,,1013.0,,0,1,42176,Rohtak
2025-01-27 18:00:00,11.0,80,0.0,,272,8.6,,1012.9,,0,1,42176,Rohtak
2025-01-27 18:00:00,11.0,80,0.0,,272,8.6,,1012.9,,0,1,42176,Rohtak
2025-01-27 19:00:00,10.5,78,0.0,,279,8.3,,1012.6,,0,1,42176,Rohtak
2025-01-27 19:00:00,10.5,78,0.0,,279,8.3,,1012.6,,0,1,42176,Rohtak
2025-01-27 20:00:00,9.9,79,0.0,,287,8.3,,1012.2,,0,1,42176,Rohtak
2025-01-27 20:00:00,9.9,79,0.0,,287,8.3,,1012.2,,0,1,42176,Rohtak
2025-01-27 21:00:00,9.7,82,0.0,,290,9.0,,1011.6,,0,1,42176,Rohtak
2025-01-27 21:00:00,9.7,82,0.0,,290,9.0,,1011.6,,0,1,42176,Rohtak
2025-01-27 22:00:00,9.3,83,0.0,,297,9.0,,1011.4,,0,1,42176,Rohtak
2025-01-27 22:00:00,9.3,83,0.0,,297,9.0,,1011.4,,0,1,42176,Rohtak
2025-01-27 23:00:00,8.8,84,0.0,,298,9.0,,1011.2,,0,1,42176,Rohtak
2025-01-27 23:00:00,8.8,84,0.0,,298,9.0,,1011.2,,0,1,42176,Rohtak
2025-01-28 00:00:00,8.1,86,0.0,,287,7.9,,1011.5,,0,1,42176,Rohtak
2025-01-28 00:00:00,8.1,86,0.0,,287,7.9,,1011.5,,0,1,42176,Rohtak
2025-01-28 01:00:00,7.3,88,0.0,,269,6.8,,1012.4,,0,1,42176,Rohtak
2025-01-28 01:00:00,7.3,88,0.0,,269,6.8,,1012.4,,0,1,42176,Rohtak
2025-01-28 02:00:00,6.7,90,0.0,,264,6.5,,1013.9,,0,1,42176,Rohtak
2025-01-28 02:00:00,6.7,90,0.0,,264,6.5,,1013.9,,0,1,42176,Rohtak
2025-01-28 03:00:00,6.0,89,0.0,,290,3.6,,1010.7,,7,1,42176,Rohtak
2025-01-28 03:00:00,6.0,89,0.0,,290,3.6,,1010.7,,7,1,42176,Rohtak
2025-01-28 04:00:00,12.7,78,0.0,,258,5.4,,1015.3,,0,1,42176,Rohtak
2025-01-28 04:00:00,12.7,78,0.0,,258,5.4,,1015.3,,0,1,42176,Rohtak
2025-01-28 05:00:00,15.9,70,0.0,,269,4.0,,1015.6,,0,1,42176,Rohtak
2025-01-28 05:00:00,15.9,70,0.0,,269,4.0,,1015.6,,0,1,42176,Rohtak
2025-01-28 06:00:00,18.5,61,0.0,,282,4.3,,1015.3,,0,1,42176,Rohtak
2025-01-28 06:00:00,18.5,61,0.0,,282,4.3,,1015.3,,0,1,42176,Rohtak
2025-01-28 07:00:00,20.1,56,0.0,,272,4.3,,1014.3,,0,1,42176,Rohtak
2025-01-28 07:00:00,20.1,56,0.0,,272,4.3,,1014.3,,0,1,42176,Rohtak
2025-01-28 08:00:00,21.2,52,0.0,,282,4.7,,1013.2,,0,1,42176,Rohtak
2025-01-28 08:00:00,21.2,52,0.0,,282,4.7,,1013.2,,0,1,42176,Rohtak
2025-01-28 09:00:00,21.7,50,0.0,,285,4.3,,1012.5,,0,1,42176,Rohtak
2025-01-28 09:00:00,21.7,50,0.0,,285,4.3,,1012.5,,0,1,42176,Rohtak
2025-01-28 10:00:00,21.7,50,0.0,,267,4.0,,1012.0,,0,1,42176,Rohtak
2025-01-28 10:00:00,21.7,50,0.0,,267,4.0,,1012.0,,0,1,42176,Rohtak
2025-01-28 11:00:00,20.9,63,0.0,,224,3.6,,1011.8,,0,1,42176,Rohtak
2025-01-28 11:00:00,20.9,63,0.0,,224,3.6,,1011.8,,0,1,42176,Rohtak
2025-01-28 12:00:00,21.2,94,0.0,,290,3.6,,1010.2,,7,1,42176,Rohtak
2025-01-28 12:00:00,21.2,94,0.0,,290,3.6,,1010.2,,7,1,42176,Rohtak
2025-01-28 13:00:00,15.8,70,0.0,,207,4.0,,1012.0,,0,1,42176,Rohtak
2025-01-28 13:00:00,15.8,70,0.0,,207,4.0,,1012.0,,0,1,42176,Rohtak
2025-01-28 14:00:00,14.5,72,0.0,,192,4.3,,1012.5,,0,1,42176,Rohtak
2025-01-28 14:00:00,14.5,72,0.0,,192,4.3,,1012.5,,0,1,42176,Rohtak
2025-01-28 15:00:00,13.1,79,0.0,,177,6.5,,1013.1,,0,1,42176,Rohtak
2025-01-28 15:00:00,13.1,79,0.0,,177,6.5,,1013.1,,0,1,42176,Rohtak
2025-01-28 16:00:00,11.9,85,0.0,,167,7.6,,1013.6,,0,1,42176,Rohtak
2025-01-28 16:00:00,11.9,85,0.0,,167,7.6,,1013.6,,0,1,42176,Rohtak
2025-01-28 17:00:00,11.4,87,0.0,,156,7.6,,1014.1,,0,1,42176,Rohtak
2025-01-28 17:00:00,11.4,87,0.0,,156,7.6,,1014.1,,0,1,42176,Rohtak
2025-01-28 18:00:00,10.7,88,0.0,,153,7.6,,1014.3,,0,1,42176,Rohtak
2025-01-28 18:00:00,10.7,88,0.0,,153,7.6,,1014.3,,0,1,42176,Rohtak
2025-01-28 19:00:00,9.9,89,0.0,,136,6.8,,1014.3,,0,1,42176,Rohtak
2025-01-28 19:00:00,9.9,89,0.0,,136,6.8,,1014.3,,0,1,42176,Rohtak
2025-01-28 20:00:00,9.5,89,0.0,,112,8.3,,1014.4,,0,1,42176,Rohtak
2025-01-28 20:00:00,9.5,89,0.0,,112,8.3,,1014.4,,0,1,42176,Rohtak
2025-01-28 21:00:00,9.8,89,0.0,,98,9.4,,1014.2,,0,1,42176,Rohtak
2025-01-28 21:00:00,9.8,89,0.0,,98,9.4,,1014.2,,0,1,42176,Rohtak
2025-01-28 22:00:00,9.4,90,0.0,,100,9.4,,1013.7,,0,1,42176,Rohtak
2025-01-28 22:00:00,9.4,90,0.0,,100,9.4,,1013.7,,0,1,42176,Rohtak
2025-01-28 23:00:00,9.7,90,0.0,,102,10.1,,1013.6,,0,1,42176,Rohtak
2025-01-28 23:00:00,9.7,90,0.0,,102,10.1,,1013.6,,0,1,42176,Rohtak
2025-01-29 00:00:00,10.0,90,0.0,,109,10.1,,1013.9,,0,1,42176,Rohtak
2025-01-29 00:00:00,10.0,90,0.0,,109,10.1,,1013.9,,0,1,42176,Rohtak
2025-01-29 01:00:00,10.0,91,0.0,,114,9.7,,1014.6,,0,1,42176,Rohtak
2025-01-29 01:00:00,10.0,91,0.0,,114,9.7,,1014.6,,0,1,42176,Rohtak
2025-01-29 02:00:00,10.2,91,0.0,,114,10.1,,1015.5,,1,1,42176,Rohtak
2025-01-29 02:00:00,10.2,91,0.0,,114,10.1,,1015.5,,1,1,42176,Rohtak
2025-01-29 03:00:00,9.8,88,0.0,,290,3.6,,1013.7,,7,1,42176,Rohtak
2025-01-29 03:00:00,9.8,88,0.0,,290,3.6,,1013.7,,7,1,42176,Rohtak
2025-01-29 04:00:00,14.9,83,0.0,,130,9.7,,1017.0,,0,1,42176,Rohtak
2025-01-29 04:00:00,14.9,83,0.0,,130,9.7,,1017.0,,0,1,42176,Rohtak
2025-01-29 05:00:00,17.6,77,0.0,,132,10.1,,1017.1,,0,1,42176,Rohtak
2025-01-29 05:00:00,17.6,77,0.0,,132,10.1,,1017.1,,0,1,42176,Rohtak
2025-01-29 06:00:00,20.0,69,0.0,,135,11.2,,1016.7,,0,1,42176,Rohtak
2025-01-29 06:00:00,20.0,69,0.0,,135,11.2,,1016.7,,0,1,42176,Rohtak
2025-01-29 07:00:00,21.7,63,0.0,,135,12.6,,1015.5,,0,1,42176,Rohtak
2025-01-29 07:00:00,21.7,63,0.0,,135,12.6,,1015.5,,0,1,42176,Rohtak
2025-01-29 08:00:00,22.4,59,0.0,,129,12.6,,1014.2,,0,1,42176,Rohtak
2025-01-29 08:00:00,22.4,59,0.0,,129,12.6,,1014.2,,0,1,42176,Rohtak
2025-01-29 09:00:00,22.8,55,0.0,,128,13.3,,1013.3,,0,1,42176,Rohtak
2025-01-29 09:00:00,22.8,55,0.0,,128,13.3,,1013.3,,0,1,42176,Rohtak
2025-01-29 10:00:00,22.7,53,0.0,,125,12.6,,1012.5,,0,1,42176,Rohtak
2025-01-29 10:00:00,22.7,53,0.0,,125,12.6,,1012.5,,0,1,42176,Rohtak
2025-01-29 11:00:00,21.8,62,0.0,,124,9.7,,1012.2,,0,1,42176,Rohtak
2025-01-29 11:00:00,21.8,62,0.0,,124,9.7,,1012.2,,0,1,42176,Rohtak
2025-01-29 12:00:00,20.6,93,0.0,,110,3.6,,1010.3,,7,1,42176,Rohtak
2025-01-29 12:00:00,20.6,93,0.0,,110,3.6,,1010.3,,7,1,42176,Rohtak
2025-01-29 13:00:00,16.4,79,0.0,,109,9.7,,1012.5,,0,1,42176,Rohtak
2025-01-29 13:00:00,16.4,79,0.0,,109,9.7,,1012.5,,0,1,42176,Rohtak
2025-01-29 14:00:00,15.4,85,0.0,,101,9.4,,1013.1,,0,1,42176,Rohtak
2025-01-29 14:00:00,15.4,85,0.0,,101,9.4,,1013.1,,0,1,42176,Rohtak
2025-01-29 15:00:00,14.6,87,0.0,,106,10.1,,1013.6,,0,1,42176,Rohtak
2025-01-29 15:00:00,14.6,87,0.0,,106,10.1,,1013.6,,0,1,42176,Rohtak
2025-01-29 16:00:00,14.6,85,0.0,,110,11.2,,1013.6,,0,1,42176,Rohtak
2025-01-29 16:00:00,14.6,85,0.0,,110,11.2,,1013.6,,0,1,42176,Rohtak
2025-01-29 17:00:00,14.8,83,0.0,,113,11.2,,1013.6,,0,1,42176,Rohtak
2025-01-29 17:00:00,14.8,83,0.0,,113,11.2,,1013.6,,0,1,42176,Rohtak
2025-01-29 18:00:00,14.5,84,0.0,,112,11.2,,1013.5,,0,1,42176,Rohtak
2025-01-29 18:00:00,14.5,84,0.0,,112,11.2,,1013.5,,0,1,42176,Rohtak
2025-01-29 19:00:00,13.8,86,0.0,,112,9.4,,1013.4,,0,1,42176,Rohtak
2025-01-29 19:00:00,13.8,86,0.0,,112,9.4,,1013.4,,0,1,42176,Rohtak
2025-01-29 20:00:00,13.2,88,0.0,,110,9.4,,1013.1,,0,1,42176,Rohtak
2025-01-29 20:00:00,13.2,88,0.0,,110,9.4,,1013.1,,0,1,42176,Rohtak
2025-01-29 21:00:00,12.8,89,0.0,,112,9.4,,1012.6,,0,1,42176,Rohtak
2025-01-29 21:00:00,12.8,89,0.0,,112,9.4,,1012.6,,0,1,42176,Rohtak
2025-01-29 22:00:00,12.5,90,0.0,,120,8.6,,1011.8,,0,1,42176,Rohtak
2025-01-29 22:00:00,12.5,90,0.0,,120,8.6,,1011.8,,0,1,42176,Rohtak
2025-01-29 23:00:00,12.1,91,0.0,,122,8.6,,1011.3,,0,1,42176,Rohtak
2025-01-29 23:00:00,12.1,91,0.0,,122,8.6,,1011.3,,0,1,42176,Rohtak
2025-01-30 00:00:00,11.5,93,0.0,,106,9.0,,1011.2,,0,1,42176,Rohtak
2025-01-30 00:00:00,11.5,93,0.0,,106,9.0,,1011.2,,0,1,42176,Rohtak
2025-01-30 01:00:00,11.4,94,0.0,,113,9.0,,1011.4,,0,1,42176,Rohtak
2025-01-30 01:00:00,11.4,94,0.0,,113,9.0,,1011.4,,0,1,42176,Rohtak
2025-01-30 02:00:00,11.4,94,0.0,,122,9.0,,1012.0,,0,1,42176,Rohtak
2025-01-30 02:00:00,11.4,94,0.0,,122,9.0,,1012.0,,0,1,42176,Rohtak
2025-01-30 03:00:00,11.6,92,0.0,,340,3.6,,1009.3,,7,1,42176,Rohtak
2025-01-30 03:00:00,11.6,92,0.0,,340,3.6,,1009.3,,7,1,42176,Rohtak
2025-01-30 04:00:00,15.8,84,0.0,,135,7.9,,1013.0,,0,1,42176,Rohtak
2025-01-30 04:00:00,15.8,84,0.0,,135,7.9,,1013.0,,0,1,42176,Rohtak
2025-01-30 05:00:00,18.1,79,0.0,,130,7.6,,1013.5,,0,1,42176,Rohtak
2025-01-30 05:00:00,18.1,79,0.0,,130,7.6,,1013.5,,0,1,42176,Rohtak
2025-01-30 06:00:00,20.2,73,0.0,,133,8.3,,1013.1,,0,1,42176,Rohtak
2025-01-30 06:00:00,20.2,73,0.0,,133,8.3,,1013.1,,0,1,42176,Rohtak
2025-01-30 07:00:00,21.8,67,0.0,,140,9.0,,1012.2,,0,1,42176,Rohtak
2025-01-30 07:00:00,21.8,67,0.0,,140,9.0,,1012.2,,0,1,42176,Rohtak
2025-01-30 08:00:00,22.7,64,0.0,,143,8.6,,1010.7,,0,1,42176,Rohtak
2025-01-30 08:00:00,22.7,64,0.0,,143,8.6,,1010.7,,0,1,42176,Rohtak
2025-01-30 09:00:00,23.2,62,0.0,,143,7.6,,1009.5,,0,1,42176,Rohtak
2025-01-30 09:00:00,23.2,62,0.0,,143,7.6,,1009.5,,0,1,42176,Rohtak
2025-01-30 10:00:00,23.3,61,0.0,,140,7.2,,1009.3,,0,1,42176,Rohtak
2025-01-30 10:00:00,23.3,61,0.0,,140,7.2,,1009.3,,0,1,42176,Rohtak
2025-01-30 11:00:00,22.7,66,0.0,,143,6.8,,1009.0,,0,1,42176,Rohtak
2025-01-30 11:00:00,22.7,66,0.0,,143,6.8,,1009.0,,0,1,42176,Rohtak
2025-01-30 12:00:00,20.4,77,0.0,,153,5.0,,1008.9,,0,1,42176,Rohtak
2025-01-30 12:00:00,20.4,77,0.0,,153,5.0,,1008.9,,0,1,42176,Rohtak
2025-01-30 13:00:00,18.1,81,0.0,,148,6.5,,1009.2,,0,1,42176,Rohtak
2025-01-30 13:00:00,18.1,81,0.0,,148,6.5,,1009.2,,0,1,42176,Rohtak
2025-01-30 14:00:00,16.7,85,0.0,,142,7.2,,1009.5,,0,1,42176,Rohtak
2025-01-30 14:00:00,16.7,85,0.0,,142,7.2,,1009.5,,0,1,42176,Rohtak
2025-01-30 15:00:00,15.9,89,0.0,,103,6.8,,1010.0,,0,1,42176,Rohtak
2025-01-30 15:00:00,15.9,89,0.0,,103,6.8,,1010.0,,0,1,42176,Rohtak
2025-01-30 16:00:00,14.9,91,0.0,,134,8.3,,1010.5,,0,1,42176,Rohtak
2025-01-30 16:00:00,14.9,91,0.0,,134,8.3,,1010.5,,0,1,42176,Rohtak
2025-01-30 17:00:00,14.5,93,0.0,,166,6.5,,1010.8,,0,1,42176,Rohtak
2025-01-30 17:00:00,14.5,93,0.0,,166,6.5,,1010.8,,0,1,42176,Rohtak
2025-01-30 18:00:00,14.2,93,0.0,,169,4.7,,1010.7,,0,1,42176,Rohtak
2025-01-30 18:00:00,14.2,93,0.0,,169,4.7,,1010.7,,0,1,42176,Rohtak
2025-01-30 19:00:00,13.7,95,0.0,,16,2.5,,1010.7,,0,1,42176,Rohtak
2025-01-30 19:00:00,13.7,95,0.0,,16,2.5,,1010.7,,0,1,42176,Rohtak
2025-01-30 20:00:00,13.1,97,0.0,,39,2.5,,1010.2,,0,1,42176,Rohtak
2025-01-30 20:00:00,13.1,97,0.0,,39,2.5,,1010.2,,0,1,42176,Rohtak
2025-01-30 21:00:00,12.4,98,0.0,,75,4.3,,1009.8,,0,1,42176,Rohtak
2025-01-30 21:00:00,12.4,98,0.0,,75,4.3,,1009.8,,0,1,42176,Rohtak
2025-01-30 22:00:00,11.8,100,0.0,,99,5.0,,1009.5,,3,1,42176,Rohtak
2025-01-30 22:00:00,11.8,100,0.0,,99,5.0,,1009.5,,3,1,42176,Rohtak
2025-01-30 23:00:00,11.5,100,0.0,,101,5.8,,1009.3,,7,5,42176,Rohtak
2025-01-30 23:00:00,11.5,100,0.0,,101,5.8,,1009.3,,7,5,42176,Rohtak
2025-01-31 00:00:00,11.1,100,0.0,,112,6.1,,1009.3,,8,5,42176,Rohtak
2025-01-31 00:00:00,11.1,100,0.0,,112,6.1,,1009.3,,8,5,42176,Rohtak
2025-01-31 01:00:00,11.8,100,0.0,,141,5.8,,1010.0,,8,5,42176,Rohtak
2025-01-31 01:00:00,11.8,100,0.0,,141,5.8,,1010.0,,8,5,42176,Rohtak
2025-01-31 02:00:00,11.7,100,0.0,,167,6.5,,1011.0,,8,5,42176,Rohtak
2025-01-31 02:00:00,11.7,100,0.0,,167,6.5,,1011.0,,8,5,42176,Rohtak
2025-01-31 03:00:00,12.9,98,0.0,,173,5.8,,1011.8,,8,5,42176,Rohtak
2025-01-31 03:00:00,12.9,98,0.0,,173,5.8,,1011.8,,8,5,42176,Rohtak
2025-01-31 04:00:00,14.5,98,0.0,,160,6.8,,1012.6,,8,5,42176,Rohtak
2025-01-31 04:00:00,14.5,98,0.0,,160,6.8,,1012.6,,8,5,42176,Rohtak
2025-01-31 05:00:00,16.7,92,0.0,,154,7.2,,1013.0,,6,5,42176,Rohtak
2025-01-31 05:00:00,16.7,92,0.0,,154,7.2,,1013.0,,6,5,42176,Rohtak
2025-01-31 06:00:00,19.7,86,0.0,,167,5.0,,1012.7,,2,3,42176,Rohtak
2025-01-31 06:00:00,19.7,86,0.0,,167,5.0,,1012.7,,2,3,42176,Rohtak
2025-01-31 07:00:00,21.8,80,0.0,,171,5.0,,1011.8,,0,2,42176,Rohtak
2025-01-31 07:00:00,21.8,80,0.0,,171,5.0,,1011.8,,0,2,42176,Rohtak
2025-01-31 08:00:00,23.1,72,0.0,,170,5.4,,1010.7,,0,1,42176,Rohtak
2025-01-31 08:00:00,23.1,72,0.0,,170,5.4,,1010.7,,0,1,42176,Rohtak
2025-01-31 09:00:00,23.9,64,0.0,,170,5.0,,1009.7,,0,1,42176,Rohtak
2025-01-31 09:00:00,23.9,64,0.0,,170,5.0,,1009.7,,0,1,42176,Rohtak
2025-01-31 10:00:00,24.0,61,0.0,,160,5.4,,1009.2,,0,1,42176,Rohtak
2025-01-31 10:00:00,24.0,61,0.0,,160,5.4,,1009.2,,0,1,42176,Rohtak
2025-01-31 11:00:00,23.0,66,0.0,,146,4.3,,1009.5,,0,1,42176,Rohtak
2025-01-31 11:00:00,23.0,66,0.0,,146,4.3,,1009.5,,0,1,42176,Rohtak
2025-01-31 12:00:00,19.8,93,0.0,,290,3.6,,1007.9,,7,1,42176,Rohtak
2025-01-31 12:00:00,19.8,93,0.0,,290,3.6,,1007.9,,7,1,42176,Rohtak
2025-01-31 13:00:00,19.2,79,0.0,,67,2.9,,1010.0,,0,1,42176,Rohtak
2025-01-31 13:00:00,19.2,79,0.0,,67,2.9,,1010.0,,0,1,42176,Rohtak
2025-01-31 14:00:00,17.3,85,0.0,,44,6.1,,1010.6,,0,1,42176,Rohtak
2025-01-31 14:00:00,17.3,85,0.0,,44,6.1,,1010.6,,0,1,42176,Rohtak
2025-01-31 15:00:00,16.4,89,0.0,,68,9.4,,1011.3,,0,1,42176,Rohtak
2025-01-31 15:00:00,16.4,89,0.0,,68,9.4,,1011.3,,0,1,42176,Rohtak
2025-01-31 16:00:00,16.0,90,0.0,,65,9.4,,1011.9,,0,1,42176,Rohtak
2025-01-31 16:00:00,16.0,90,0.0,,65,9.4,,1011.9,,0,1,42176,Rohtak
2025-01-31 17:00:00,15.4,91,0.0,,73,7.9,,1012.2,,0,1,42176,Rohtak
2025-01-31 17:00:00,15.4,91,0.0,,73,7.9,,1012.2,,0,1,42176,Rohtak
2025-01-31 18:00:00,14.8,90,0.0,,70,7.9,,1012.0,,0,1,42176,Rohtak
2025-01-31 18:00:00,14.8,90,0.0,,70,7.9,,1012.0,,0,1,42176,Rohtak
2025-01-31 19:00:00,14.0,90,0.0,,59,7.6,,1011.9,,0,1,42176,Rohtak
2025-01-31 19:00:00,14.0,90,0.0,,59,7.6,,1011.9,,0,1,42176,Rohtak
2025-01-31 20:00:00,13.8,89,0.0,,66,6.5,,1011.9,,0,1,42176,Rohtak
2025-01-31 20:00:00,13.8,89,0.0,,66,6.5,,1011.9,,0,1,42176,Rohtak
2025-01-31 21:00:00,13.5,92,0.0,,66,6.8,,1011.2,,0,1,42176,Rohtak
2025-01-31 21:00:00,13.5,92,0.0,,66,6.8,,1011.2,,0,1,42176,Rohtak
2025-01-31 22:00:00,13.2,91,0.0,,77,6.8,,1011.1,,0,1,42176,Rohtak
2025-01-31 22:00:00,13.2,91,0.0,,77,6.8,,1011.1,,0,1,42176,Rohtak
2025-01-31 23:00:00,12.8,91,0.0,,73,6.8,,1011.1,,0,1,42176,Rohtak
2025-01-31 23:00:00,12.8,91,0.0,,73,6.8,,1011.1,,0,1,42176,Rohtak
2025-02-01 00:00:00,12.5,90,0.0,,84,7.2,,1011.0,,0,1,42176,Rohtak
2025-02-01 00:00:00,12.5,90,0.0,,84,7.2,,1011.0,,0,1,42176,Rohtak
2025-01-01 00:00:00,9.0,97,0.0,,250,5.4,,1020.2,,3,5,42181,Palam
2025-01-01 00:00:00,9.0,97,0.0,,250,5.4,,1020.2,,3,5,42181,Palam
2025-01-01 01:00:00,8.0,100,0.0,,270,7.6,,1019.0,,4,5,42181,Palam
2025-01-01 01:00:00,8.0,100,0.0,,270,7.6,,1019.0,,4,5,42181,Palam
2025-01-01 02:00:00,8.0,100,0.0,,260,5.4,,1019.0,,4,5,42181,Palam
2025-01-01 02:00:00,8.0,100,0.0,,260,5.4,,1019.0,,4,5,42181,Palam
2025-01-01 03:00:00,9.2,97,0.0,,270,9.4,,1021.1,,2,5,42181,Palam
2025-01-01 03:00:00,9.2,97,0.0,,270,9.4,,1021.1,,2,5,42181,Palam
2025-01-01 04:00:00,9.0,94,0.0,,270,11.2,,1020.0,,2,5,42181,Palam
2025-01-01 04:00:00,9.0,94,0.0,,270,11.2,,1020.0,,2,5,42181,Palam
2025-01-01 05:00:00,10.0,87,0.0,,260,11.2,,1021.0,,2,5,42181,Palam
2025-01-01 05:00:00,10.0,87,0.0,,260,11.2,,1021.0,,2,5,42181,Palam
2025-01-01 06:00:00,11.6,83,0.0,,270,9.4,,1022.1,,2,5,42181,Palam
2025-01-01 06:00:00,11.6,83,0.0,,270,9.4,,1022.1,,2,5,42181,Palam
2025-01-01 07:00:00,12.0,94,0.0,,250,9.4,,1020.0,,2,5,42181,Palam
2025-01-01 07:00:00,12.0,94,0.0,,250,9.4,,1020.0,,2,5,42181,Palam
2025-01-01 08:00:00,12.0,94,0.0,,260,7.6,,1018.0,,2,5,42181,Palam
2025-01-01 08:00:00,12.0,94,0.0,,260,7.6,,1018.0,,2,5,42181,Palam
2025-01-01 09:00:00,12.8,77,0.0,,270,9.4,,1019.4,,4,5,42181,Palam
2025-01-01 09:00:00,12.8,77,0.0,,270,9.4,,1019.4,,4,5,42181,Palam
2025-01-01 10:00:00,13.0,82,0.0,,260,11.2,,1018.0,,4,5,42181,Palam
2025-01-01 10:00:00,13.0,82,0.0,,260,11.2,,1018.0,,4,5,42181,Palam
2025-01-01 11:00:00,13.0,82,0.0,,260,7.6,,1017.0,,0,5,42181,Palam
2025-01-01 11:00:00,13.0,82,0.0,,260,7.6,,1017.0,,0,5,42181,Palam
2025-01-01 12:00:00,12.2,86,0.0,,270,9.4,,1018.9,,0,5,42181,Palam
2025-01-01 12:00:00,12.2,86,0.0,,270,9.4,,1018.9,,0,5,42181,Palam
2025-01-01 13:00:00,11.0,94,0.0,,260,7.6,,1018.0,,0,5,42181,Palam
2025-01-01 13:00:00,11.0,94,0.0,,260,7.6,,1018.0,,0,5,42181,Palam
2025-01-01 14:00:00,11.0,94,0.0,,250,5.4,,1018.0,,0,5,42181,Palam
2025-01-01 14:00:00,11.0,94,0.0,,250,5.4,,1018.0,,0,5,42181,Palam
2025-01-01 15:00:00,10.6,95,0.0,,270,7.6,,1020.5,,0,5,42181,Palam
2025-01-01 15:00:00,10.6,95,0.0,,270,7.6,,1020.5,,0,5,42181,Palam
2025-01-01 16:00:00,10.0,94,0.0,,300,5.4,,1019.0,,0,5,42181,Palam
2025-01-01 16:00:00,10.0,94,0.0,,300,5.4,,1019.0,,0,5,42181,Palam
2025-01-01 17:00:00,10.0,94,0.0,,263,3.6,,1019.0,,0,5,42181,Palam
2025-01-01 17:00:00,10.0,94,0.0,,263,3.6,,1019.0,,0,5,42181,Palam
2025-01-01 18:00:00,10.0,95,0.0,,290,7.6,,1020.4,,0,5,42181,Palam
2025-01-01 18:00:00,10.0,95,0.0,,290,7.6,,1020.4,,0,5,42181,Palam
2025-01-01 19:00:00,9.0,94,0.0,,290,5.4,,1018.0,,0,5,42181,Palam
2025-01-01 19:00:00,9.0,94,0.0,,290,5.4,,1018.0,,0,5,42181,Palam
2025-01-01 20:00:00,9.0,94,0.0,,310,7.6,,1018.0,,2,5,42181,Palam
2025-01-01 20:00:00,9.0,94,0.0,,310,7.6,,1018.0,,2,5,42181,Palam
2025-01-01 21:00:00,10.0,95,0.0,,290,7.6,,1018.8,,2,5,42181,Palam
2025-01-01 21:00:00,10.0,95,0.0,,290,7.6,,1018.8,,2,5,42181,Palam
2025-01-01 22:00:00,9.0,100,0.0,,260,7.6,,1017.0,,3,5,42181,Palam
2025-01-01 22:00:00,9.0,100,0.0,,260,7.6,,1017.0,,3,5,42181,Palam
2025-01-01 23:00:00,9.0,100,0.0,,250,7.6,,1017.0,,3,5,42181,Palam
2025-01-01 23:00:00,9.0,100,0.0,,250,7.6,,1017.0,,3,5,42181,Palam
2025-01-02 00:00:00,9.2,97,0.0,,250,9.4,,1018.5,,4,5,42181,Palam
2025-01-02 00:00:00,9.2,97,0.0,,250,9.4,,1018.5,,4,5,42181,Palam
2025-01-02 01:00:00,8.0,100,0.0,,260,11.2,,1017.0,,4,5,42181,Palam
2025-01-02 01:00:00,8.0,100,0.0,,260,11.2,,1017.0,,4,5,42181,Palam
2025-01-02 02:00:00,8.0,100,0.0,,260,11.2,,1018.0,,6,5,42181,Palam
2025-01-02 02:00:00,8.0,100,0.0,,260,11.2,,1018.0,,6,5,42181,Palam
2025-01-02 03:00:00,8.6,100,0.0,,270,11.2,,1020.4,,6,5,42181,Palam
2025-01-02 03:00:00,8.6,100,0.0,,270,11.2,,1020.4,,6,5,42181,Palam
2025-01-02 04:00:00,9.0,94,0.0,,280,13.0,,1020.0,,6,5,42181,Palam
2025-01-02 04:00:00,9.0,94,0.0,,280,13.0,,1020.0,,6,5,42181,Palam
2025-01-02 05:00:00,10.0,87,0.0,,280,11.2,,1020.0,,5,5,42181,Palam
2025-01-02 05:00:00,10.0,87,0.0,,280,11.2,,1020.0,,5,5,42181,Palam
2025-01-02 06:00:00,11.0,88,0.0,,270,9.4,,1021.8,,4,5,42181,Palam
2025-01-02 06:00:00,11.0,88,0.0,,270,9.4,,1021.8,,4,5,42181,Palam
2025-01-02 07:00:00,11.0,82,0.0,,270,9.4,,1020.0,,0,5,42181,Palam
2025-01-02 07:00:00,11.0,82,0.0,,270,9.4,,1020.0,,0,5,42181,Palam
2025-01-02 08:00:00,12.0,76,0.0,,270,9.4,,1019.0,,0,5,42181,Palam
2025-01-02 08:00:00,12.0,76,0.0,,270,9.4,,1019.0,,0,5,42181,Palam
2025-01-02 09:00:00,13.0,79,0.0,,270,7.6,,1019.1,,3,5,42181,Palam
2025-01-02 09:00:00,13.0,79,0.0,,270,7.6,,1019.1,,3,5,42181,Palam
2025-01-02 10:00:00,13.0,77,0.0,,280,7.6,,1018.0,,3,5,42181,Palam
2025-01-02 10:00:00,13.0,77,0.0,,280,7.6,,1018.0,,3,5,42181,Palam
2025-01-02 11:00:00,14.0,77,0.0,,330,5.4,,1017.0,,3,5,42181,Palam
2025-01-02 11:00:00,14.0,77,0.0,,330,5.4,,1017.0,,3,5,42181,Palam
2025-01-02 12:00:00,12.8,86,0.0,,290,7.6,,1018.5,,3,5,42181,Palam
2025-01-02 12:00:00,12.8,86,0.0,,290,7.6,,1018.5,,3,5,42181,Palam
2025-01-02 13:00:00,11.0,94,0.0,,240,7.6,,1018.0,,3,5,42181,Palam
2025-01-02 13:00:00,11.0,94,0.0,,240,7.6,,1018.0,,3,5,42181,Palam
2025-01-02 14:00:00,11.0,94,0.0,,240,5.4,,1018.0,,3,5,42181,Palam
2025-01-02 14:00:00,11.0,94,0.0,,240,5.4,,1018.0,,3,5,42181,Palam
2025-01-02 15:00:00,11.0,95,0.0,,0,0.0,,1019.5,,2,5,42181,Palam
2025-01-02 15:00:00,11.0,95,0.0,,0,0.0,,1019.5,,2,5,42181,Palam
2025-01-02 16:00:00,10.0,100,0.0,,0,0.0,,1019.0,,2,5,42181,Palam
2025-01-02 16:00:00,10.0,100,0.0,,0,0.0,,1019.0,,2,5,42181,Palam
2025-01-02 17:00:00,9.0,100,0.0,,230,5.4,,1019.0,,2,5,42181,Palam
2025-01-02 17:00:00,9.0,100,0.0,,230,5.4,,1019.0,,2,5,42181,Palam
2025-01-02 18:00:00,10.0,100,0.0,,270,3.6,,1020.2,,2,5,42181,Palam
2025-01-02 18:00:00,10.0,100,0.0,,270,3.6,,1020.2,,2,5,42181,Palam
2025-01-02 19:00:00,9.0,100,0.0,,0,0.0,,1018.0,,3,5,42181,Palam
2025-01-02 19:00:00,9.0,100,0.0,,0,0.0,,1018.0,,3,5,42181,Palam
2025-01-02 20:00:00,9.0,100,0.0,,0,0.0,,1018.0,,3,5,42181,Palam
2025-01-02 20:00:00,9.0,100,0.0,,0,0.0,,1018.0,,3,5,42181,Palam
2025-01-02 21:00:00,9.8,100,0.0,,0,0.0,,1019.1,,4,5,42181,Palam
2025-01-02 21:00:00,9.8,100,0.0,,0,0.0,,1019.1,,4,5,42181,Palam
2025-01-02 22:00:00,9.0,100,0.0,,0,0.0,,1018.0,,4,5,42181,Palam
2025-01-02 22:00:00,9.0,100,0.0,,0,0.0,,1018.0,,4,5,42181,Palam
2025-01-02 23:00:00,9.0,100,0.0,,0,0.0,,1017.0,,5,5,42181,Palam
2025-01-02 23:00:00,9.0,100,0.0,,0,0.0,,1017.0,,5,5,42181,Palam
2025-01-03 00:00:00,9.0,100,0.0,,0,0.0,,1019.2,,6,5,42181,Palam
2025-01-03 00:00:00,9.0,100,0.0,,0,0.0,,1019.2,,6,5,42181,Palam
2025-01-03 01:00:00,8.0,100,0.0,,280,5.4,,1018.0,,6,5,42181,Palam
2025-01-03 01:00:00,8.0,100,0.0,,280,5.4,,1018.0,,6,5,42181,Palam
2025-01-03 02:00:00,8.0,100,0.0,,0,0.0,,1019.0,,7,5,42181,Palam
2025-01-03 02:00:00,8.0,100,0.0,,0,0.0,,1019.0,,7,5,42181,Palam
2025-01-03 03:00:00,9.4,97,0.0,,0,0.0,,1021.0,,7,5,42181,Palam
2025-01-03 03:00:00,9.4,97,0.0,,0,0.0,,1021.0,,7,5,42181,Palam
2025-01-03 04:00:00,9.0,100,0.0,,0,0.0,,1020.0,,7,5,42181,Palam
2025-01-03 04:00:00,9.0,100,0.0,,0,0.0,,1020.0,,7,5,42181,Palam
2025-01-03 05:00:00,10.0,100,0.0,,254,3.6,,1021.0,,6,5,42181,Palam
2025-01-03 05:00:00,10.0,100,0.0,,254,3.6,,1021.0,,6,5,42181,Palam
2025-01-03 06:00:00,12.4,91,0.0,,254,3.6,,1021.4,,2,5,42181,Palam
2025-01-03 06:00:00,12.4,91,0.0,,254,3.6,,1021.4,,2,5,42181,Palam
2025-01-03 07:00:00,16.0,82,0.0,,280,5.4,,1029.0,,6,5,42181,Palam
2025-01-03 07:00:00,16.0,82,0.0,,280,5.4,,1029.0,,6,5,42181,Palam
2025-01-03 08:00:00,17.0,82,0.0,,290,7.6,,1019.0,,6,5,42181,Palam
2025-01-03 08:00:00,17.0,82,0.0,,290,7.6,,1019.0,,6,5,42181,Palam
2025-01-03 09:00:00,17.0,72,0.0,,290,7.6,,1018.3,,2,5,42181,Palam
2025-01-03 09:00:00,17.0,72,0.0,,290,7.6,,1018.3,,2,5,42181,Palam
2025-01-03 10:00:00,18.0,64,0.0,,290,7.6,,1017.0,,2,5,42181,Palam
2025-01-03 10:00:00,18.0,64,0.0,,290,7.6,,1017.0,,2,5,42181,Palam
2025-01-03 11:00:00,18.0,64,0.0,,280,5.4,,1017.0,,2,5,42181,Palam
2025-01-03 11:00:00,18.0,64,0.0,,280,5.4,,1017.0,,2,5,42181,Palam
2025-01-03 12:00:00,16.2,79,0.0,,290,5.4,,1017.4,,1,5,42181,Palam
2025-01-03 12:00:00,16.2,79,0.0,,290,5.4,,1017.4,,1,5,42181,Palam
2025-01-03 13:00:00,15.0,82,0.0,,240,5.4,,1017.0,,2,5,42181,Palam
2025-01-03 13:00:00,15.0,82,0.0,,240,5.4,,1017.0,,2,5,42181,Palam
2025-01-03 14:00:00,13.0,94,0.0,,0,0.0,,1017.0,,2,5,42181,Palam
2025-01-03 14:00:00,13.0,94,0.0,,0,0.0,,1017.0,,2,5,42181,Palam
2025-01-03 15:00:00,13.0,93,0.0,,180,3.6,,1018.1,,2,5,42181,Palam
2025-01-03 15:00:00,13.0,93,0.0,,180,3.6,,1018.1,,2,5,42181,Palam
2025-01-03 16:00:00,10.0,93,0.0,,0,0.0,,1017.0,,2,5,42181,Palam
2025-01-03 16:00:00,10.0,93,0.0,,0,0.0,,1017.0,,2,5,42181,Palam
2025-01-03 17:00:00,10.0,100,0.0,,0,0.0,,1017.0,,2,5,42181,Palam
2025-01-03 17:00:00,10.0,100,0.0,,0,0.0,,1017.0,,2,5,42181,Palam
2025-01-03 18:00:00,11.4,97,0.0,,270,3.6,,1017.9,,2,5,42181,Palam
2025-01-03 18:00:00,11.4,97,0.0,,270,3.6,,1017.9,,2,5,42181,Palam
2025-01-03 19:00:00,10.0,100,0.0,,0,0.0,,1016.0,,3,5,42181,Palam
2025-01-03 19:00:00,10.0,100,0.0,,0,0.0,,1016.0,,3,5,42181,Palam
2025-01-03 20:00:00,10.0,100,0.0,,0,0.0,,1016.0,,3,5,42181,Palam
2025-01-03 20:00:00,10.0,100,0.0,,0,0.0,,1016.0,,3,5,42181,Palam
2025-01-03 21:00:00,10.4,100,0.0,,0,0.0,,1017.0,,4,5,42181,Palam
2025-01-03 21:00:00,10.4,100,0.0,,0,0.0,,1017.0,,4,5,42181,Palam
2025-01-03 22:00:00,10.0,100,0.0,,0,0.0,,1015.0,,8,5,42181,Palam
2025-01-03 22:00:00,10.0,100,0.0,,0,0.0,,1015.0,,8,5,42181,Palam
2025-01-03 23:00:00,10.0,100,0.0,,0,0.0,,1015.0,,7,5,42181,Palam
2025-01-03 23:00:00,10.0,100,0.0,,0,0.0,,1015.0,,7,5,42181,Palam
2025-01-04 00:00:00,10.6,100,0.0,,0,0.0,,1016.8,,7,5,42181,Palam
2025-01-04 00:00:00,10.6,100,0.0,,0,0.0,,1016.8,,7,5,42181,Palam
2025-01-04 01:00:00,10.0,100,0.0,,100,3.6,,1016.0,,7,5,42181,Palam
2025-01-04 01:00:00,10.0,100,0.0,,100,3.6,,1016.0,,7,5,42181,Palam
2025-01-04 02:00:00,9.0,100,0.0,,0,0.0,,1016.0,,6,5,42181,Palam
2025-01-04 02:00:00,9.0,100,0.0,,0,0.0,,1016.0,,6,5,42181,Palam
2025-01-04 03:00:00,9.4,100,0.0,,140,3.6,,1018.8,,6,5,42181,Palam
2025-01-04 03:00:00,9.4,100,0.0,,140,3.6,,1018.8,,6,5,42181,Palam
2025-01-04 04:00:00,10.0,100,0.0,,110,5.4,,1018.0,,7,5,42181,Palam
2025-01-04 04:00:00,10.0,100,0.0,,110,5.4,,1018.0,,7,5,42181,Palam
2025-01-04 05:00:00,11.0,100,0.0,,110,5.4,,1019.0,,5,5,42181,Palam
2025-01-04 05:00:00,11.0,100,0.0,,110,5.4,,1019.0,,5,5,42181,Palam
2025-01-04 06:00:00,13.8,91,0.0,,90,5.4,,1019.1,,2,5,42181,Palam
2025-01-04 06:00:00,13.8,91,0.0,,90,5.4,,1019.1,,2,5,42181,Palam
2025-01-04 07:00:00,17.0,88,0.0,,120,7.6,,1017.0,,4,5,42181,Palam
2025-01-04 07:00:00,17.0,88,0.0,,120,7.6,,1017.0,,4,5,42181,Palam
2025-01-04 08:00:00,19.0,78,0.0,,100,5.4,,1016.0,,3,5,42181,Palam
2025-01-04 08:00:00,19.0,78,0.0,,100,5.4,,1016.0,,3,5,42181,Palam
2025-01-04 09:00:00,18.6,68,0.0,,90,7.6,,1015.8,,0,5,42181,Palam
2025-01-04 09:00:00,18.6,68,0.0,,90,7.6,,1015.8,,0,5,42181,Palam
2025-01-04 10:00:00,19.0,73,0.0,,70,9.4,,1015.0,,0,5,42181,Palam
2025-01-04 10:00:00,19.0,73,0.0,,70,9.4,,1015.0,,0,5,42181,Palam
2025-01-04 11:00:00,18.0,73,0.0,,90,11.2,,1014.0,,0,5,42181,Palam
2025-01-04 11:00:00,18.0,73,0.0,,90,11.2,,1014.0,,0,5,42181,Palam
2025-01-04 12:00:00,16.0,77,0.0,,90,11.2,,1015.0,,0,5,42181,Palam
2025-01-04 12:00:00,16.0,77,0.0,,90,11.2,,1015.0,,0,5,42181,Palam
2025-01-04 13:00:00,14.0,88,0.0,,110,9.4,,1015.0,,0,5,42181,Palam
2025-01-04 13:00:00,14.0,88,0.0,,110,9.4,,1015.0,,0,5,42181,Palam
2025-01-04 14:00:00,13.0,94,0.0,,120,11.2,,1015.0,,0,5,42181,Palam
2025-01-04 14:00:00,13.0,94,0.0,,120,11.2,,1015.0,,0,5,42181,Palam
2025-01-04 15:00:00,11.8,95,0.0,,110,13.0,,1017.1,,1,5,42181,Palam
2025-01-04 15:00:00,11.8,95,0.0,,110,13.0,,1017.1,,1,5,42181,Palam
2025-01-04 16:00:00,11.0,100,0.0,,110,11.2,,1016.0,,7,5,42181,Palam
2025-01-04 16:00:00,11.0,100,0.0,,110,11.2,,1016.0,,7,5,42181,Palam
2025-01-04 17:00:00,11.0,100,0.0,,100,9.4,,1016.0,,7,5,42181,Palam
2025-01-04 17:00:00,11.0,100,0.0,,100,9.4,,1016.0,,7,5,42181,Palam
2025-01-04 18:00:00,10.8,97,0.0,,110,11.2,,1017.6,,6,5,42181,Palam
2025-01-04 18:00:00,10.8,97,0.0,,110,11.2,,1017.6,,6,5,42181,Palam
2025-01-04 19:00:00,10.0,100,0.0,,90,9.4,,1016.0,,6,5,42181,Palam
2025-01-04 19:00:00,10.0,100,0.0,,90,9.4,,1016.0,,6,5,42181,Palam
2025-01-04 20:00:00,10.0,100,0.0,,110,7.6,,1016.0,,6,5,42181,Palam
2025-01-04 20:00:00,10.0,100,0.0,,110,7.6,,1016.0,,6,5,42181,Palam
2025-01-04 21:00:00,10.4,97,0.0,,110,9.4,,1017.2,,6,5,42181,Palam
2025-01-04 21:00:00,10.4,97,0.0,,110,9.4,,1017.2,,6,5,42181,Palam
2025-01-04 22:00:00,10.0,100,0.0,,100,9.4,,1015.0,,8,5,42181,Palam
2025-01-04 22:00:00,10.0,100,0.0,,100,9.4,,1015.0,,8,5,42181,Palam
2025-01-04 23:00:00,10.0,100,0.0,,110,9.4,,1015.0,,8,5,42181,Palam
2025-01-04 23:00:00,10.0,100,0.0,,110,9.4,,1015.0,,8,5,42181,Palam
2025-01-05 00:00:00,10.0,100,0.0,,90,7.6,,1017.0,,8,5,42181,Palam
2025-01-05 00:00:00,10.0,100,0.0,,90,7.6,,1017.0,,8,5,42181,Palam
2025-01-05 01:00:00,9.0,100,0.0,,110,11.2,,1016.0,,7,5,42181,Palam
2025-01-05 01:00:00,9.0,100,0.0,,110,11.2,,1016.0,,7,5,42181,Palam
2025-01-05 02:00:00,9.0,100,0.0,,90,13.0,,1016.0,,7,5,42181,Palam
2025-01-05 02:00:00,9.0,100,0.0,,90,13.0,,1016.0,,7,5,42181,Palam
2025-01-05 03:00:00,9.8,97,0.0,,90,13.0,,1018.3,,7,5,42181,Palam
2025-01-05 03:00:00,9.8,97,0.0,,90,13.0,,1018.3,,7,5,42181,Palam
2025-01-05 04:00:00,9.0,94,0.0,,120,9.4,,1018.0,,7,5,42181,Palam
2025-01-05 04:00:00,9.0,94,0.0,,120,9.4,,1018.0,,7,5,42181,Palam
2025-01-05 05:00:00,10.0,87,0.0,,110,11.2,,1018.0,,0,5,42181,Palam
2025-01-05 05:00:00,10.0,87,0.0,,110,11.2,,1018.0,,0,5,42181,Palam
2025-01-05 06:00:00,11.4,90,0.0,,110,11.2,,1019.0,,0,5,42181,Palam
2025-01-05 06:00:00,11.4,90,0.0,,110,11.2,,1019.0,,0,5,42181,Palam
2025-01-05 07:00:00,13.0,77,0.0,,130,9.4,,1016.0,,0,5,42181,Palam
2025-01-05 07:00:00,13.0,77,0.0,,130,9.4,,1016.0,,0,5,42181,Palam
2025-01-05 08:00:00,16.0,68,0.0,,120,9.4,,1016.0,,0,5,42181,Palam
2025-01-05 08:00:00,16.0,68,0.0,,120,9.4,,1016.0,,0,5,42181,Palam
2025-01-05 09:00:00,16.8,68,0.0,,140,7.6,,1015.7,,0,5,42181,Palam
2025-01-05 09:00:00,16.8,68,0.0,,140,7.6,,1015.7,,0,5,42181,Palam
2025-01-05 10:00:00,17.0,63,0.0,,110,9.4,,1015.0,,0,5,42181,Palam
2025-01-05 10:00:00,17.0,63,0.0,,110,9.4,,1015.0,,0,5,42181,Palam
2025-01-05 11:00:00,16.0,68,0.0,,100,9.4,,1014.0,,0,5,42181,Palam
2025-01-05 11:00:00,16.0,68,0.0,,100,9.4,,1014.0,,0,5,42181,Palam
2025-01-05 12:00:00,14.6,80,0.0,,110,11.2,,1015.3,,0,5,42181,Palam
2025-01-05 12:00:00,14.6,80,0.0,,110,11.2,,1015.3,,0,5,42181,Palam
2025-01-05 13:00:00,14.0,82,0.0,,120,7.6,,1015.0,,0,5,42181,Palam
2025-01-05 13:00:00,14.0,82,0.0,,120,7.6,,1015.0,,0,5,42181,Palam
2025-01-05 14:00:00,13.0,94,0.0,,120,5.4,,1015.0,,0,5,42181,Palam
2025-01-05 14:00:00,13.0,94,0.0,,120,5.4,,1015.0,,0,5,42181,Palam
2025-01-05 15:00:00,11.8,96,0.0,,110,7.6,,1017.2,,0,5,42181,Palam
2025-01-05 15:00:00,11.8,96,0.0,,110,7.6,,1017.2,,0,5,42181,Palam
2025-01-05 16:00:00,12.0,94,0.0,,120,5.4,,1016.0,,0,5,42181,Palam
2025-01-05 16:00:00,12.0,94,0.0,,120,5.4,,1016.0,,0,5,42181,Palam
2025-01-05 17:00:00,12.0,94,0.0,,130,3.6,,1017.0,,0,5,42181,Palam
2025-01-05 17:00:00,12.0,94,0.0,,130,3.6,,1017.0,,0,5,42181,Palam
2025-01-05 18:00:00,11.8,95,0.0,,76,3.6,,1018.0,,0,5,42181,Palam
2025-01-05 18:00:00,11.8,95,0.0,,76,3.6,,1018.0,,0,5,42181,Palam
2025-01-05 19:00:00,11.0,100,0.0,,130,5.4,,1016.0,,0,5,42181,Palam
2025-01-05 19:00:00,11.0,100,0.0,,130,5.4,,1016.0,,0,5,42181,Palam
2025-01-05 20:00:00,11.0,100,0.0,,100,11.2,,1016.0,,0,5,42181,Palam
2025-01-05 20:00:00,11.0,100,0.0,,100,11.2,,1016.0,,0,5,42181,Palam
2025-01-05 21:00:00,11.4,100,0.0,,90,11.2,,1016.8,,4,5,42181,Palam
2025-01-05 21:00:00,11.4,100,0.0,,90,11.2,,1016.8,,4,5,42181,Palam
2025-01-05 22:00:00,11.0,100,0.0,,110,5.4,,1015.0,,8,5,42181,Palam
2025-01-05 22:00:00,11.0,100,0.0,,110,5.4,,1015.0,,8,5,42181,Palam
2025-01-05 23:00:00,11.0,100,0.0,,0,0.0,,1015.0,,7,5,42181,Palam
2025-01-05 23:00:00,11.0,100,0.0,,0,0.0,,1015.0,,7,5,42181,Palam
2025-01-06 00:00:00,11.6,97,0.0,,90,5.4,,1016.6,,7,5,42181,Palam
2025-01-06 00:00:00,11.6,97,0.0,,90,5.4,,1016.6,,7,5,42181,Palam
2025-01-06 01:00:00,11.0,94,4.0,,260,3.6,,1017.0,,7,5,42181,Palam
2025-01-06 01:00:00,11.0,94,4.0,,260,3.6,,1017.0,,7,5,42181,Palam
2025-01-06 02:00:00,12.0,94,9.1,,40,9.4,,1017.0,,7,5,42181,Palam
2025-01-06 02:00:00,12.0,94,9.1,,40,9.4,,1017.0,,7,5,42181,Palam
2025-01-06 03:00:00,12.0,95,7.1,,90,5.4,,1019.0,,6,5,42181,Palam
2025-01-06 03:00:00,12.0,95,7.1,,90,5.4,,1019.0,,6,5,42181,Palam
2025-01-06 04:00:00,12.0,88,0.5,,180,5.4,,1019.0,,6,5,42181,Palam
2025-01-06 04:00:00,12.0,88,0.5,,180,5.4,,1019.0,,6,5,42181,Palam
2025-01-06 05:00:00,13.0,82,0.0,,250,7.6,,1019.0,,5,5,42181,Palam
2025-01-06 05:00:00,13.0,82,0.0,,250,7.6,,1019.0,,5,5,42181,Palam
2025-01-06 06:00:00,13.2,88,0.0,,250,9.4,,1020.1,,5,5,42181,Palam
2025-01-06 06:00:00,13.2,88,0.0,,250,9.4,,1020.1,,5,5,42181,Palam
2025-01-06 07:00:00,14.0,82,0.0,,280,7.6,,1018.0,,4,5,42181,Palam
2025-01-06 07:00:00,14.0,82,0.0,,280,7.6,,1018.0,,4,5,42181,Palam
2025-01-06 08:00:00,15.0,72,0.0,,260,11.2,,1017.0,,4,5,42181,Palam
2025-01-06 08:00:00,15.0,72,0.0,,260,11.2,,1017.0,,4,5,42181,Palam
2025-01-06 09:00:00,14.4,80,0.0,,270,11.2,,1018.0,,5,5,42181,Palam
2025-01-06 09:00:00,14.4,80,0.0,,270,11.2,,1018.0,,5,5,42181,Palam
2025-01-06 10:00:00,14.0,82,0.0,,270,11.2,,1017.0,,5,5,42181,Palam
2025-01-06 10:00:00,14.0,82,0.0,,270,11.2,,1017.0,,5,5,42181,Palam
2025-01-06 11:00:00,14.0,88,0.0,,270,13.0,,1017.0,,4,5,42181,Palam
2025-01-06 11:00:00,14.0,88,0.0,,270,13.0,,1017.0,,4,5,42181,Palam
2025-01-06 12:00:00,13.4,88,0.0,,270,11.2,,1017.5,,6,5,42181,Palam
2025-01-06 12:00:00,13.4,88,0.0,,270,11.2,,1017.5,,6,5,42181,Palam
2025-01-06 13:00:00,13.0,88,0.0,,270,13.0,,1017.0,,3,5,42181,Palam
2025-01-06 13:00:00,13.0,88,0.0,,270,13.0,,1017.0,,3,5,42181,Palam
2025-01-06 14:00:00,13.0,94,0.0,,280,11.2,,1017.0,,3,5,42181,Palam
2025-01-06 14:00:00,13.0,94,0.0,,280,11.2,,1017.0,,3,5,42181,Palam
2025-01-06 15:00:00,12.8,93,0.0,,270,11.2,,1019.0,,2,5,42181,Palam
2025-01-06 15:00:00,12.8,93,0.0,,270,11.2,,1019.0,,2,5,42181,Palam
2025-01-06 16:00:00,12.0,100,0.0,,280,11.2,,1018.0,,0,5,42181,Palam
2025-01-06 16:00:00,12.0,100,0.0,,280,11.2,,1018.0,,0,5,42181,Palam
2025-01-06 17:00:00,12.0,100,0.0,,280,11.2,,1018.0,,1,5,42181,Palam
2025-01-06 17:00:00,12.0,100,0.0,,280,11.2,,1018.0,,1,5,42181,Palam
2025-01-06 18:00:00,12.2,95,0.0,,290,13.0,,1019.1,,3,5,42181,Palam
2025-01-06 18:00:00,12.2,95,0.0,,290,13.0,,1019.1,,3,5,42181,Palam
2025-01-06 19:00:00,11.0,100,0.0,,280,13.0,,1018.0,,2,5,42181,Palam
2025-01-06 19:00:00,11.0,100,0.0,,280,13.0,,1018.0,,2,5,42181,Palam
2025-01-06 20:00:00,11.0,100,0.0,,280,13.0,,1018.0,,2,5,42181,Palam
2025-01-06 20:00:00,11.0,100,0.0,,280,13.0,,1018.0,,2,5,42181,Palam
2025-01-06 21:00:00,10.6,97,0.0,,290,13.0,,1019.0,,3,5,42181,Palam
2025-01-06 21:00:00,10.6,97,0.0,,290,13.0,,1019.0,,3,5,42181,Palam
2025-01-06 22:00:00,11.0,100,0.0,,290,13.0,,1018.0,,4,5,42181,Palam
2025-01-06 22:00:00,11.0,100,0.0,,290,13.0,,1018.0,,4,5,42181,Palam
2025-01-06 23:00:00,11.0,100,0.0,,300,11.2,,1018.0,,4,5,42181,Palam
2025-01-06 23:00:00,11.0,100,0.0,,300,11.2,,1018.0,,4,5,42181,Palam
2025-01-07 00:00:00,11.2,100,0.0,,290,14.8,,1019.1,,5,5,42181,Palam
2025-01-07 00:00:00,11.2,100,0.0,,290,14.8,,1019.1,,5,5,42181,Palam
2025-01-07 01:00:00,11.0,100,0.0,,270,13.0,,1018.0,,4,5,42181,Palam
2025-01-07 01:00:00,11.0,100,0.0,,270,13.0,,1018.0,,4,5,42181,Palam
2025-01-07 02:00:00,11.0,100,0.0,,280,11.2,,1019.0,,4,5,42181,Palam
2025-01-07 02:00:00,11.0,100,0.0,,280,11.2,,1019.0,,4,5,42181,Palam
2025-01-07 03:00:00,11.8,92,0.0,,270,13.0,,1020.9,,4,5,42181,Palam
2025-01-07 03:00:00,11.8,92,0.0,,270,13.0,,1020.9,,4,5,42181,Palam
2025-01-07 04:00:00,12.0,100,0.0,,280,13.0,,1020.0,,6,5,42181,Palam
2025-01-07 04:00:00,12.0,100,0.0,,280,13.0,,1020.0,,6,5,42181,Palam
2025-01-07 05:00:00,13.0,94,0.0,,280,16.6,,1021.0,,5,5,42181,Palam
2025-01-07 05:00:00,13.0,94,0.0,,280,16.6,,1021.0,,5,5,42181,Palam
2025-01-07 06:00:00,13.0,86,0.0,,290,14.8,,1021.3,,3,5,42181,Palam
2025-01-07 06:00:00,13.0,86,0.0,,290,14.8,,1021.3,,3,5,42181,Palam
2025-01-07 07:00:00,13.0,94,0.0,,270,16.6,,1019.0,,3,5,42181,Palam
2025-01-07 07:00:00,13.0,94,0.0,,270,16.6,,1019.0,,3,5,42181,Palam
2025-01-07 08:00:00,14.0,88,0.0,,270,11.2,,1018.0,,3,5,42181,Palam
2025-01-07 08:00:00,14.0,88,0.0,,270,11.2,,1018.0,,3,5,42181,Palam
2025-01-07 09:00:00,14.6,78,0.0,,270,14.8,,1018.1,,5,5,42181,Palam
2025-01-07 09:00:00,14.6,78,0.0,,270,14.8,,1018.1,,5,5,42181,Palam
2025-01-07 10:00:00,15.0,72,0.0,,280,11.2,,1017.0,,4,5,42181,Palam
2025-01-07 10:00:00,15.0,72,0.0,,280,11.2,,1017.0,,4,5,42181,Palam
2025-01-07 11:00:00,15.0,77,0.0,,290,13.0,,1016.0,,4,5,42181,Palam
2025-01-07 11:00:00,15.0,77,0.0,,290,13.0,,1016.0,,4,5,42181,Palam
2025-01-07 12:00:00,14.4,87,0.0,,290,7.6,,1017.1,,2,5,42181,Palam
2025-01-07 12:00:00,14.4,87,0.0,,290,7.6,,1017.1,,2,5,42181,Palam
2025-01-07 13:00:00,14.0,88,0.0,,310,5.4,,1017.0,,3,5,42181,Palam
2025-01-07 13:00:00,14.0,88,0.0,,310,5.4,,1017.0,,3,5,42181,Palam
2025-01-07 14:00:00,13.0,88,0.0,,310,5.4,,1017.0,,3,5,42181,Palam
2025-01-07 14:00:00,13.0,88,0.0,,310,5.4,,1017.0,,3,5,42181,Palam
2025-01-07 15:00:00,12.0,95,0.0,,266,3.6,,1018.6,,2,5,42181,Palam
2025-01-07 15:00:00,12.0,95,0.0,,266,3.6,,1018.6,,2,5,42181,Palam
2025-01-07 16:00:00,12.0,94,0.0,,262,3.6,,1017.0,,2,5,42181,Palam
2025-01-07 16:00:00,12.0,94,0.0,,262,3.6,,1017.0,,2,5,42181,Palam
2025-01-07 17:00:00,11.0,100,0.0,,260,5.4,,1017.0,,2,5,42181,Palam
2025-01-07 17:00:00,11.0,100,0.0,,260,5.4,,1017.0,,2,5,42181,Palam
2025-01-07 18:00:00,11.4,100,0.0,,250,5.4,,1017.7,,0,5,42181,Palam
2025-01-07 18:00:00,11.4,100,0.0,,250,5.4,,1017.7,,0,5,42181,Palam
2025-01-07 19:00:00,9.0,100,0.0,,260,3.6,,1016.0,,2,5,42181,Palam
2025-01-07 19:00:00,9.0,100,0.0,,260,3.6,,1016.0,,2,5,42181,Palam
2025-01-07 20:00:00,9.0,100,0.0,,260,5.4,,1015.0,,3,5,42181,Palam
2025-01-07 20:00:00,9.0,100,0.0,,260,5.4,,1015.0,,3,5,42181,Palam
2025-01-07 21:00:00,9.0,100,0.0,,250,6.0,,1015.0,,3,5,42181,Palam
2025-01-07 21:00:00,9.0,100,0.0,,250,6.0,,1015.0,,3,5,42181,Palam
2025-01-07 22:00:00,9.0,100,0.0,,240,7.6,,1015.0,,0,5,42181,Palam
2025-01-07 22:00:00,9.0,100,0.0,,240,7.6,,1015.0,,0,5,42181,Palam
2025-01-07 23:00:00,9.0,100,0.0,,250,7.6,,1014.0,,2,5,42181,Palam
2025-01-07 23:00:00,9.0,100,0.0,,250,7.6,,1014.0,,2,5,42181,Palam
2025-01-08 00:00:00,8.6,100,0.0,,250,5.4,,1015.9,,2,5,42181,Palam
2025-01-08 00:00:00,8.6,100,0.0,,250,5.4,,1015.9,,2,5,42181,Palam
2025-01-08 01:00:00,8.0,100,0.0,,0,0.0,,1015.0,,2,5,42181,Palam
2025-01-08 01:00:00,8.0,100,0.0,,0,0.0,,1015.0,,2,5,42181,Palam
2025-01-08 02:00:00,7.0,100,0.0,,0,0.0,,1015.0,,2,5,42181,Palam
2025-01-08 02:00:00,7.0,100,0.0,,0,0.0,,1015.0,,2,5,42181,Palam
2025-01-08 03:00:00,8.8,89,0.0,,250,9.4,,1017.8,,0,5,42181,Palam
2025-01-08 03:00:00,8.8,89,0.0,,250,9.4,,1017.8,,0,5,42181,Palam
2025-01-08 04:00:00,10.0,94,0.0,,250,11.2,,1017.0,,0,5,42181,Palam
2025-01-08 04:00:00,10.0,94,0.0,,250,11.2,,1017.0,,0,5,42181,Palam
2025-01-08 05:00:00,13.0,88,0.0,,250,11.2,,1018.0,,0,5,42181,Palam
2025-01-08 05:00:00,13.0,88,0.0,,250,11.2,,1018.0,,0,5,42181,Palam
2025-01-08 06:00:00,15.0,62,0.0,,270,11.2,,1018.5,,0,5,42181,Palam
2025-01-08 06:00:00,15.0,62,0.0,,270,11.2,,1018.5,,0,5,42181,Palam
2025-01-08 07:00:00,17.0,55,0.0,,270,14.8,,1017.0,,0,5,42181,Palam
2025-01-08 07:00:00,17.0,55,0.0,,270,14.8,,1017.0,,0,5,42181,Palam
2025-01-08 08:00:00,19.0,43,0.0,,270,22.3,,1016.0,,0,5,42181,Palam
2025-01-08 08:00:00,19.0,43,0.0,,270,22.3,,1016.0,,0,5,42181,Palam
2025-01-08 09:00:00,18.6,46,0.0,,270,14.8,,1015.6,,0,5,42181,Palam
2025-01-08 09:00:00,18.6,46,0.0,,270,14.8,,1015.6,,0,5,42181,Palam
2025-01-08 10:00:00,20.0,35,0.0,,290,16.6,,1015.0,,0,5,42181,Palam
2025-01-08 10:00:00,20.0,35,0.0,,290,16.6,,1015.0,,0,5,42181,Palam
2025-01-08 11:00:00,19.0,40,0.0,,280,14.8,,1015.0,,0,5,42181,Palam
2025-01-08 11:00:00,19.0,40,0.0,,280,14.8,,1015.0,,0,5,42181,Palam
2025-01-08 12:00:00,17.4,59,0.0,,270,11.2,,1015.5,,0,5,42181,Palam
2025-01-08 12:00:00,17.4,59,0.0,,270,11.2,,1015.5,,0,5,42181,Palam
2025-01-08 13:00:00,16.0,59,0.0,,260,5.4,,1015.0,,0,5,42181,Palam
2025-01-08 13:00:00,16.0,59,0.0,,260,5.4,,1015.0,,0,5,42181,Palam
2025-01-08 14:00:00,15.0,67,0.0,,250,3.6,,1016.0,,0,5,42181,Palam
2025-01-08 14:00:00,15.0,67,0.0,,250,3.6,,1016.0,,0,5,42181,Palam
2025-01-08 15:00:00,13.8,75,0.0,,234,3.6,,1017.1,,0,5,42181,Palam
2025-01-08 15:00:00,13.8,75,0.0,,234,3.6,,1017.1,,0,5,42181,Palam
2025-01-08 16:00:00,13.0,77,0.0,,171,3.6,,1016.0,,0,5,42181,Palam
2025-01-08 16:00:00,13.0,77,0.0,,171,3.6,,1016.0,,0,5,42181,Palam
2025-01-08 17:00:00,12.0,82,0.0,,0,0.0,,1017.0,,0,5,42181,Palam
2025-01-08 17:00:00,12.0,82,0.0,,0,0.0,,1017.0,,0,5,42181,Palam
2025-01-08 18:00:00,11.6,85,0.0,,282,3.6,,1017.7,,0,5,42181,Palam
2025-01-08 18:00:00,11.6,85,0.0,,282,3.6,,1017.7,,0,5,42181,Palam
2025-01-08 19:00:00,10.0,87,0.0,,109,3.6,,1017.0,,0,5,42181,Palam
2025-01-08 19:00:00,10.0,87,0.0,,109,3.6,,1017.0,,0,5,42181,Palam
2025-01-08 20:00:00,10.0,87,0.0,,0,0.0,,1016.0,,0,5,42181,Palam
2025-01-08 20:00:00,10.0,87,0.0,,0,0.0,,1016.0,,0,5,42181,Palam
2025-01-08 21:00:00,10.2,90,0.0,,0,0.0,,1017.9,,0,5,42181,Palam
2025-01-08 21:00:00,10.2,90,0.0,,0,0.0,,1017.9,,0,5,42181,Palam
2025-01-08 22:00:00,9.0,94,0.0,,0,0.0,,1016.0,,0,5,42181,Palam
2025-01-08 22:00:00,9.0,94,0.0,,0,0.0,,1016.0,,0,5,42181,Palam
2025-01-08 23:00:00,8.0,93,0.0,,0,0.0,,1016.0,,0,5,42181,Palam
2025-01-08 23:00:00,8.0,93,0.0,,0,0.0,,1016.0,,0,5,42181,Palam
2025-01-09 00:00:00,9.0,92,0.0,,0,0.0,,1017.8,,0,5,42181,Palam
2025-01-09 00:00:00,9.0,92,0.0,,0,0.0,,1017.8,,0,5,42181,Palam
2025-01-09 01:00:00,8.0,93,0.0,,0,0.0,,1017.0,,0,5,42181,Palam
2025-01-09 01:00:00,8.0,93,0.0,,0,0.0,,1017.0,,0,5,42181,Palam
2025-01-09 02:00:00,7.0,100,0.0,,0,0.0,,1018.0,,0,5,42181,Palam
2025-01-09 02:00:00,7.0,100,0.0,,0,0.0,,1018.0,,0,5,42181,Palam
2025-01-09 03:00:00,9.0,95,0.0,,68,3.6,,1020.0,,0,5,42181,Palam
2025-01-09 03:00:00,9.0,95,0.0,,68,3.6,,1020.0,,0,5,42181,Palam
2025-01-09 04:00:00,13.0,77,0.0,,154,3.6,,1020.0,,0,5,42181,Palam
2025-01-09 04:00:00,13.0,77,0.0,,154,3.6,,1020.0,,0,5,42181,Palam
2025-01-09 05:00:00,16.0,63,0.0,,154,3.6,,1020.0,,0,5,42181,Palam
2025-01-09 05:00:00,16.0,63,0.0,,154,3.6,,1020.0,,0,5,42181,Palam
2025-01-09 06:00:00,17.2,56,0.0,,154,3.6,,1020.6,,0,5,42181,Palam
2025-01-09 06:00:00,17.2,56,0.0,,154,3.6,,1020.6,,0,5,42181,Palam
2025-01-09 07:00:00,20.0,40,0.0,,310,5.4,,1019.0,,0,5,42181,Palam
2025-01-09 07:00:00,20.0,40,0.0,,310,5.4,,1019.0,,0,5,42181,Palam
2025-01-09 08:00:00,21.0,35,0.0,,300,5.4,,1018.0,,0,5,42181,Palam
2025-01-09 08:00:00,21.0,35,0.0,,300,5.4,,1018.0,,0,5,42181,Palam
2025-01-09 09:00:00,20.0,37,0.0,,340,7.6,,1018.2,,3,5,42181,Palam
2025-01-09 09:00:00,20.0,37,0.0,,340,7.6,,1018.2,,3,5,42181,Palam
2025-01-09 10:00:00,20.0,49,0.0,,50,11.2,,1018.0,,0,5,42181,Palam
2025-01-09 10:00:00,20.0,49,0.0,,50,11.2,,1018.0,,0,5,42181,Palam
2025-01-09 11:00:00,19.0,52,0.0,,60,9.4,,1017.0,,0,5,42181,Palam
2025-01-09 11:00:00,19.0,52,0.0,,60,9.4,,1017.0,,0,5,42181,Palam
2025-01-09 12:00:00,17.4,66,0.0,,70,7.6,,1018.1,,0,5,42181,Palam
2025-01-09 12:00:00,17.4,66,0.0,,70,7.6,,1018.1,,0,5,42181,Palam
2025-01-09 13:00:00,16.0,63,0.0,,130,7.6,,1018.0,,0,5,42181,Palam
2025-01-09 13:00:00,16.0,63,0.0,,130,7.6,,1018.0,,0,5,42181,Palam
2025-01-09 14:00:00,16.0,63,0.0,,94,3.6,,1018.0,,0,5,42181,Palam
2025-01-09 14:00:00,16.0,63,0.0,,94,3.6,,1018.0,,0,5,42181,Palam
2025-01-09 15:00:00,13.2,86,0.0,,0,0.0,,1020.0,,0,5,42181,Palam
2025-01-09 15:00:00,13.2,86,0.0,,0,0.0,,1020.0,,0,5,42181,Palam
2025-01-09 16:00:00,12.0,88,0.0,,80,3.6,,1020.0,,0,5,42181,Palam
2025-01-09 16:00:00,12.0,88,0.0,,80,3.6,,1020.0,,0,5,42181,Palam
2025-01-09 17:00:00,12.0,88,0.0,,100,5.4,,1020.0,,0,5,42181,Palam
2025-01-09 17:00:00,12.0,88,0.0,,100,5.4,,1020.0,,0,5,42181,Palam
2025-01-09 18:00:00,11.8,90,0.0,,99,3.6,,1021.0,,0,5,42181,Palam
2025-01-09 18:00:00,11.8,90,0.0,,99,3.6,,1021.0,,0,5,42181,Palam
2025-01-09 19:00:00,10.0,100,0.0,,0,0.0,,1019.0,,0,5,42181,Palam
2025-01-09 19:00:00,10.0,100,0.0,,0,0.0,,1019.0,,0,5,42181,Palam
2025-01-09 20:00:00,10.0,100,0.0,,100,5.4,,1019.0,,0,5,42181,Palam
2025-01-09 20:00:00,10.0,100,0.0,,100,5.4,,1019.0,,0,5,42181,Palam
2025-01-09 21:00:00,10.0,100,0.0,,90,4.0,,1019.0,,2,5,42181,Palam
2025-01-09 21:00:00,10.0,100,0.0,,90,4.0,,1019.0,,2,5,42181,Palam
2025-01-09 22:00:00,9.0,100,0.0,,100,3.6,,1019.0,,0,5,42181,Palam
2025-01-09 22:00:00,9.0,100,0.0,,100,3.6,,1019.0,,0,5,42181,Palam
2025-01-09 23:00:00,9.0,100,0.0,,90,5.4,,1019.0,,2,5,42181,Palam
2025-01-09 23:00:00,9.0,100,0.0,,90,5.4,,1019.0,,2,5,42181,Palam
2025-01-10 00:00:00,10.0,100,0.0,,110,5.4,,1020.8,,2,5,42181,Palam
2025-01-10 00:00:00,10.0,100,0.0,,110,5.4,,1020.8,,2,5,42181,Palam
2025-01-10 01:00:00,10.0,100,0.0,,130,7.6,,1020.0,,2,5,42181,Palam
2025-01-10 01:00:00,10.0,100,0.0,,130,7.6,,1020.0,,2,5,42181,Palam
2025-01-10 02:00:00,10.0,100,0.0,,120,7.6,,1021.0,,3,5,42181,Palam
2025-01-10 02:00:00,10.0,100,0.0,,120,7.6,,1021.0,,3,5,42181,Palam
2025-01-10 03:00:00,10.4,97,0.0,,110,9.4,,1023.0,,3,5,42181,Palam
2025-01-10 03:00:00,10.4,97,0.0,,110,9.4,,1023.0,,3,5,42181,Palam
2025-01-10 04:00:00,10.0,100,0.0,,100,9.4,,1023.0,,6,5,42181,Palam
2025-01-10 04:00:00,10.0,100,0.0,,100,9.4,,1023.0,,6,5,42181,Palam
2025-01-10 05:00:00,11.0,100,0.0,,90,9.4,,1023.0,,4,5,42181,Palam
2025-01-10 05:00:00,11.0,100,0.0,,90,9.4,,1023.0,,4,5,42181,Palam
2025-01-10 06:00:00,13.0,88,0.0,,110,9.4,,1023.7,,0,5,42181,Palam
2025-01-10 06:00:00,13.0,88,0.0,,110,9.4,,1023.7,,0,5,42181,Palam
2025-01-10 07:00:00,15.0,72,0.0,,120,7.6,,1021.0,,0,5,42181,Palam
2025-01-10 07:00:00,15.0,72,0.0,,120,7.6,,1021.0,,0,5,42181,Palam
2025-01-10 08:00:00,16.0,68,0.0,,140,7.6,,1021.0,,0,5,42181,Palam
2025-01-10 08:00:00,16.0,68,0.0,,140,7.6,,1021.0,,0,5,42181,Palam
2025-01-10 09:00:00,17.0,70,0.0,,90,9.4,,1020.3,,0,5,42181,Palam
2025-01-10 09:00:00,17.0,70,0.0,,90,9.4,,1020.3,,0,5,42181,Palam
2025-01-10 10:00:00,17.0,63,0.0,,80,7.6,,1019.0,,0,5,42181,Palam
2025-01-10 10:00:00,17.0,63,0.0,,80,7.6,,1019.0,,0,5,42181,Palam
2025-01-10 11:00:00,16.0,68,0.0,,80,9.4,,1019.0,,0,5,42181,Palam
2025-01-10 11:00:00,16.0,68,0.0,,80,9.4,,1019.0,,0,5,42181,Palam
2025-01-10 12:00:00,14.4,81,0.0,,90,9.4,,1019.2,,0,5,42181,Palam
2025-01-10 12:00:00,14.4,81,0.0,,90,9.4,,1019.2,,0,5,42181,Palam
2025-01-10 13:00:00,13.0,82,0.0,,100,7.6,,1018.0,,0,5,42181,Palam
2025-01-10 13:00:00,13.0,82,0.0,,100,7.6,,1018.0,,0,5,42181,Palam
2025-01-10 14:00:00,12.0,94,0.0,,110,7.6,,1019.0,,1,5,42181,Palam
2025-01-10 14:00:00,12.0,94,0.0,,110,7.6,,1019.0,,1,5,42181,Palam
2025-01-10 15:00:00,11.8,92,0.0,,90,7.6,,1020.0,,4,5,42181,Palam
2025-01-10 15:00:00,11.8,92,0.0,,90,7.6,,1020.0,,4,5,42181,Palam
2025-01-10 16:00:00,11.0,88,0.0,,100,7.6,,1019.0,,1,5,42181,Palam
2025-01-10 16:00:00,11.0,88,0.0,,100,7.6,,1019.0,,1,5,42181,Palam
2025-01-10 17:00:00,10.0,94,0.0,,100,5.4,,1019.0,,1,5,42181,Palam
2025-01-10 17:00:00,10.0,94,0.0,,100,5.4,,1019.0,,1,5,42181,Palam
2025-01-10 18:00:00,10.4,100,0.0,,140,7.6,,1020.3,,1,5,42181,Palam
2025-01-10 18:00:00,10.4,100,0.0,,140,7.6,,1020.3,,1,5,42181,Palam
2025-01-10 19:00:00,10.0,100,0.0,,110,9.4,,1019.0,,2,5,42181,Palam
2025-01-10 19:00:00,10.0,100,0.0,,110,9.4,,1019.0,,2,5,42181,Palam
2025-01-10 20:00:00,10.0,100,0.0,,110,7.6,,1019.0,,2,5,42181,Palam
2025-01-10 20:00:00,10.0,100,0.0,,110,7.6,,1019.0,,2,5,42181,Palam
2025-01-10 21:00:00,10.8,100,0.0,,110,9.4,,1019.8,,2,5,42181,Palam
2025-01-10 21:00:00,10.8,100,0.0,,110,9.4,,1019.8,,2,5,42181,Palam
2025-01-10 22:00:00,11.0,100,0.0,,120,13.0,,1018.0,,8,5,42181,Palam
2025-01-10 22:00:00,11.0,100,0.0,,120,13.0,,1018.0,,8,5,42181,Palam
2025-01-10 23:00:00,10.1,99,0.0,,102,9.3,,1019.9,,7,5,42181,Palam
2025-01-10 23:00:00,10.1,99,0.0,,102,9.3,,1019.9,,7,5,42181,Palam
2025-01-11 00:00:00,11.2,97,0.0,,110,13.0,,1019.4,,7,5,42181,Palam
2025-01-11 00:00:00,11.2,97,0.0,,110,13.0,,1019.4,,7,5,42181,Palam
2025-01-11 01:00:00,11.0,94,0.0,,110,18.4,,1018.0,,7,5,42181,Palam
2025-01-11 01:00:00,11.0,94,0.0,,110,18.4,,1018.0,,7,5,42181,Palam
2025-01-11 02:00:00,10.0,100,0.0,,100,16.6,,1019.0,,7,5,42181,Palam
2025-01-11 02:00:00,10.0,100,0.0,,100,16.6,,1019.0,,7,5,42181,Palam
2025-01-11 03:00:00,11.2,95,0.0,,110,14.8,,1021.0,,8,5,42181,Palam
2025-01-11 03:00:00,11.2,95,0.0,,110,14.8,,1021.0,,8,5,42181,Palam
2025-01-11 04:00:00,11.0,94,0.0,,110,13.0,,1021.0,,8,5,42181,Palam
2025-01-11 04:00:00,11.0,94,0.0,,110,13.0,,1021.0,,8,5,42181,Palam
2025-01-11 05:00:00,13.0,88,0.0,,90,18.4,,1021.0,,8,5,42181,Palam
2025-01-11 05:00:00,13.0,88,0.0,,90,18.4,,1021.0,,8,5,42181,Palam
2025-01-11 06:00:00,14.2,82,0.0,,110,11.2,,1021.4,,4,5,42181,Palam
2025-01-11 06:00:00,14.2,82,0.0,,110,11.2,,1021.4,,4,5,42181,Palam
2025-01-11 07:00:00,16.0,68,0.0,,110,11.2,,1019.0,,8,5,42181,Palam
2025-01-11 07:00:00,16.0,68,0.0,,110,11.2,,1019.0,,8,5,42181,Palam
2025-01-11 08:00:00,16.0,68,0.0,,190,9.4,,1019.0,,8,5,42181,Palam
2025-01-11 08:00:00,16.0,68,0.0,,190,9.4,,1019.0,,8,5,42181,Palam
2025-01-11 09:00:00,15.4,81,0.7,,200,7.6,,1018.6,,7,5,42181,Palam
2025-01-11 09:00:00,15.4,81,0.7,,200,7.6,,1018.6,,7,5,42181,Palam
2025-01-11 10:00:00,14.0,88,0.5,,210,9.4,,1017.0,,7,5,42181,Palam
2025-01-11 10:00:00,14.0,88,0.5,,210,9.4,,1017.0,,7,5,42181,Palam
2025-01-11 11:00:00,13.0,100,0.3,,230,11.2,,1017.0,,7,25,42181,Palam
2025-01-11 11:00:00,13.0,100,0.3,,230,11.2,,1017.0,,7,25,42181,Palam
2025-01-11 12:00:00,13.2,97,1.5,,270,7.6,,1018.4,,8,25,42181,Palam
2025-01-11 12:00:00,13.2,97,1.5,,270,7.6,,1018.4,,8,25,42181,Palam
2025-01-11 13:00:00,12.0,100,0.4,,190,3.6,,1019.0,,8,25,42181,Palam
2025-01-11 13:00:00,12.0,100,0.4,,190,3.6,,1019.0,,8,25,42181,Palam
2025-01-11 14:00:00,12.0,100,1.4,,60,11.2,,1016.0,,8,25,42181,Palam
2025-01-11 14:00:00,12.0,100,1.4,,60,11.2,,1016.0,,8,25,42181,Palam
2025-01-11 15:00:00,12.2,95,1.9,,50,13.0,,1017.8,,6,5,42181,Palam
2025-01-11 15:00:00,12.2,95,1.9,,50,13.0,,1017.8,,6,5,42181,Palam
2025-01-11 16:00:00,12.0,100,0.2,,60,9.4,,1018.0,,6,5,42181,Palam
2025-01-11 16:00:00,12.0,100,0.2,,60,9.4,,1018.0,,6,5,42181,Palam
2025-01-11 17:00:00,11.0,88,0.0,,0,0.0,,1018.0,,6,5,42181,Palam
2025-01-11 17:00:00,11.0,88,0.0,,0,0.0,,1018.0,,6,5,42181,Palam
2025-01-11 18:00:00,11.0,95,0.0,,250,5.4,,1019.7,,3,5,42181,Palam
2025-01-11 18:00:00,11.0,95,0.0,,250,5.4,,1019.7,,3,5,42181,Palam
2025-01-11 19:00:00,10.0,94,0.0,,0,0.0,,1018.0,,7,5,42181,Palam
2025-01-11 19:00:00,10.0,94,0.0,,0,0.0,,1018.0,,7,5,42181,Palam
2025-01-11 20:00:00,10.0,94,0.2,,0,0.0,,1018.0,,7,5,42181,Palam
2025-01-11 20:00:00,10.0,94,0.2,,0,0.0,,1018.0,,7,5,42181,Palam
2025-01-11 21:00:00,10.4,97,0.0,,0,0.0,,1019.5,,6,5,42181,Palam
2025-01-11 21:00:00,10.4,97,0.0,,0,0.0,,1019.5,,6,5,42181,Palam
2025-01-11 22:00:00,10.0,100,0.0,,0,0.0,,1018.0,,6,5,42181,Palam
2025-01-11 22:00:00,10.0,100,0.0,,0,0.0,,1018.0,,6,5,42181,Palam
2025-01-11 23:00:00,10.0,100,0.0,,0,0.0,,1018.0,,6,5,42181,Palam
2025-01-11 23:00:00,10.0,100,0.0,,0,0.0,,1018.0,,6,5,42181,Palam
2025-01-12 00:00:00,10.6,99,0.0,,0,0.0,,1019.2,,6,5,42181,Palam
2025-01-12 00:00:00,10.6,99,0.0,,0,0.0,,1019.2,,6,5,42181,Palam
2025-01-12 01:00:00,11.0,94,0.0,,0,0.0,,1019.0,,6,5,42181,Palam
2025-01-12 01:00:00,11.0,94,0.0,,0,0.0,,1019.0,,6,5,42181,Palam
2025-01-12 02:00:00,11.0,94,0.0,,0,0.0,,1019.0,,6,5,42181,Palam
2025-01-12 02:00:00,11.0,94,0.0,,0,0.0,,1019.0,,6,5,42181,Palam
2025-01-12 03:00:00,11.6,95,0.1,,121,3.6,,1021.4,,6,5,42181,Palam
2025-01-12 03:00:00,11.6,95,0.1,,121,3.6,,1021.4,,6,5,42181,Palam
2025-01-12 04:00:00,12.0,94,0.0,,240,5.4,,1021.0,,6,5,42181,Palam
2025-01-12 04:00:00,12.0,94,0.0,,240,5.4,,1021.0,,6,5,42181,Palam
2025-01-12 05:00:00,13.0,82,0.0,,250,5.4,,1022.0,,6,5,42181,Palam
2025-01-12 05:00:00,13.0,82,0.0,,250,5.4,,1022.0,,6,5,42181,Palam
2025-01-12 06:00:00,14.0,87,0.0,,270,7.6,,1022.6,,7,5,42181,Palam
2025-01-12 06:00:00,14.0,87,0.0,,270,7.6,,1022.6,,7,5,42181,Palam
2025-01-12 07:00:00,14.0,82,0.2,,260,9.4,,1021.0,,6,5,42181,Palam
2025-01-12 07:00:00,14.0,82,0.2,,260,9.4,,1021.0,,6,5,42181,Palam
2025-01-12 08:00:00,15.0,77,0.1,,240,7.6,,1020.0,,6,5,42181,Palam
2025-01-12 08:00:00,15.0,77,0.1,,240,7.6,,1020.0,,6,5,42181,Palam
2025-01-12 09:00:00,15.6,79,0.0,,250,9.4,,1020.0,,7,5,42181,Palam
2025-01-12 09:00:00,15.6,79,0.0,,250,9.4,,1020.0,,7,5,42181,Palam
2025-01-12 10:00:00,15.0,82,0.0,,300,7.6,,1019.0,,7,5,42181,Palam
2025-01-12 10:00:00,15.0,82,0.0,,300,7.6,,1019.0,,7,5,42181,Palam
2025-01-12 11:00:00,15.0,82,0.0,,280,9.4,,1019.0,,6,5,42181,Palam
2025-01-12 11:00:00,15.0,82,0.0,,280,9.4,,1019.0,,6,5,42181,Palam
2025-01-12 12:00:00,14.8,87,0.0,,290,9.4,,1020.1,,7,5,42181,Palam
2025-01-12 12:00:00,14.8,87,0.0,,290,9.4,,1020.1,,7,5,42181,Palam
2025-01-12 13:00:00,15.0,94,0.0,,320,7.6,,1019.0,,5,5,42181,Palam
2025-01-12 13:00:00,15.0,94,0.0,,320,7.6,,1019.0,,5,5,42181,Palam
2025-01-12 14:00:00,15.0,94,0.0,,330,7.6,,1020.0,,5,5,42181,Palam
2025-01-12 14:00:00,15.0,94,0.0,,330,7.6,,1020.0,,5,5,42181,Palam
2025-01-12 15:00:00,13.8,91,0.0,,270,9.4,,1021.1,,4,5,42181,Palam
2025-01-12 15:00:00,13.8,91,0.0,,270,9.4,,1021.1,,4,5,42181,Palam
2025-01-12 16:00:00,13.0,94,0.0,,320,13.0,,1020.0,,4,5,42181,Palam
2025-01-12 16:00:00,13.0,94,0.0,,320,13.0,,1020.0,,4,5,42181,Palam
2025-01-12 17:00:00,13.0,88,0.0,,320,9.4,,1020.0,,0,5,42181,Palam
2025-01-12 17:00:00,13.0,88,0.0,,320,9.4,,1020.0,,0,5,42181,Palam
2025-01-12 18:00:00,12.4,97,0.0,,270,7.6,,1021.2,,0,5,42181,Palam
2025-01-12 18:00:00,12.4,97,0.0,,270,7.6,,1021.2,,0,5,42181,Palam
2025-01-12 19:00:00,11.0,94,0.0,,210,9.4,,1020.0,,0,5,42181,Palam
2025-01-12 19:00:00,11.0,94,0.0,,210,9.4,,1020.0,,0,5,42181,Palam
2025-01-12 20:00:00,11.0,94,0.0,,260,9.4,,1020.0,,5,5,42181,Palam
2025-01-12 20:00:00,11.0,94,0.0,,260,9.4,,1020.0,,5,5,42181,Palam
2025-01-12 21:00:00,11.8,97,0.0,,320,7.6,,1020.6,,5,5,42181,Palam
2025-01-12 21:00:00,11.8,97,0.0,,320,7.6,,1020.6,,5,5,42181,Palam
2025-01-12 22:00:00,11.0,100,0.0,,280,7.6,,1019.0,,8,5,42181,Palam
2025-01-12 22:00:00,11.0,100,0.0,,280,7.6,,1019.0,,8,5,42181,Palam
2025-01-12 23:00:00,10.0,100,0.0,,260,9.4,,1019.0,,7,5,42181,Palam
2025-01-12 23:00:00,10.0,100,0.0,,260,9.4,,1019.0,,7,5,42181,Palam
2025-01-13 00:00:00,11.2,100,0.0,,250,11.2,,1020.1,,7,5,42181,Palam
2025-01-13 00:00:00,11.2,100,0.0,,250,11.2,,1020.1,,7,5,42181,Palam
2025-01-13 01:00:00,10.0,100,0.0,,250,13.0,,1019.0,,6,5,42181,Palam
2025-01-13 01:00:00,10.0,100,0.0,,250,13.0,,1019.0,,6,5,42181,Palam
2025-01-13 02:00:00,10.0,100,0.0,,250,13.0,,1020.0,,6,5,42181,Palam
2025-01-13 02:00:00,10.0,100,0.0,,250,13.0,,1020.0,,6,5,42181,Palam
2025-01-13 03:00:00,10.8,97,0.0,,270,11.2,,1021.6,,5,5,42181,Palam
2025-01-13 03:00:00,10.8,97,0.0,,270,11.2,,1021.6,,5,5,42181,Palam
2025-01-13 04:00:00,11.0,94,0.0,,250,11.2,,1021.0,,4,5,42181,Palam
2025-01-13 04:00:00,11.0,94,0.0,,250,11.2,,1021.0,,4,5,42181,Palam
2025-01-13 05:00:00,11.0,94,0.0,,270,11.2,,1021.0,,3,5,42181,Palam
2025-01-13 05:00:00,11.0,94,0.0,,270,11.2,,1021.0,,3,5,42181,Palam
2025-01-13 06:00:00,12.2,93,0.0,,250,11.2,,1021.9,,7,5,42181,Palam
2025-01-13 06:00:00,12.2,93,0.0,,250,11.2,,1021.9,,7,5,42181,Palam
2025-01-13 07:00:00,13.0,88,0.0,,270,11.2,,1019.0,,2,5,42181,Palam
2025-01-13 07:00:00,13.0,88,0.0,,270,11.2,,1019.0,,2,5,42181,Palam
2025-01-13 08:00:00,14.0,82,0.0,,260,13.0,,1019.0,,0,5,42181,Palam
2025-01-13 08:00:00,14.0,82,0.0,,260,13.0,,1019.0,,0,5,42181,Palam
2025-01-13 09:00:00,15.2,83,0.0,,270,14.8,,1018.2,,0,5,42181,Palam
2025-01-13 09:00:00,15.2,83,0.0,,270,14.8,,1018.2,,0,5,42181,Palam
2025-01-13 10:00:00,16.0,72,0.0,,280,13.0,,1017.0,,0,5,42181,Palam
2025-01-13 10:00:00,16.0,72,0.0,,280,13.0,,1017.0,,0,5,42181,Palam
2025-01-13 11:00:00,16.0,72,0.0,,280,11.2,,1017.0,,0,5,42181,Palam
2025-01-13 11:00:00,16.0,72,0.0,,280,11.2,,1017.0,,0,5,42181,Palam
2025-01-13 12:00:00,15.4,85,0.0,,250,11.2,,1017.8,,0,5,42181,Palam
2025-01-13 12:00:00,15.4,85,0.0,,250,11.2,,1017.8,,0,5,42181,Palam
2025-01-13 13:00:00,14.0,88,0.0,,240,7.6,,1017.0,,0,5,42181,Palam
2025-01-13 13:00:00,14.0,88,0.0,,240,7.6,,1017.0,,0,5,42181,Palam
2025-01-13 14:00:00,14.0,88,0.0,,250,9.4,,1018.0,,0,5,42181,Palam
2025-01-13 14:00:00,14.0,88,0.0,,250,9.4,,1018.0,,0,5,42181,Palam
2025-01-13 15:00:00,14.2,93,0.0,,250,13.0,,1019.3,,0,5,42181,Palam
2025-01-13 15:00:00,14.2,93,0.0,,250,13.0,,1019.3,,0,5,42181,Palam
2025-01-13 16:00:00,13.0,94,0.0,,250,11.2,,1018.0,,0,5,42181,Palam
2025-01-13 16:00:00,13.0,94,0.0,,250,11.2,,1018.0,,0,5,42181,Palam
2025-01-13 17:00:00,12.0,94,0.0,,230,5.4,,1018.0,,0,5,42181,Palam
2025-01-13 17:00:00,12.0,94,0.0,,230,5.4,,1018.0,,0,5,42181,Palam
2025-01-13 18:00:00,12.2,97,0.0,,230,5.4,,1019.0,,0,5,42181,Palam
2025-01-13 18:00:00,12.2,97,0.0,,230,5.4,,1019.0,,0,5,42181,Palam
2025-01-13 19:00:00,11.0,100,0.0,,250,5.4,,1017.0,,0,5,42181,Palam
2025-01-13 19:00:00,11.0,100,0.0,,250,5.4,,1017.0,,0,5,42181,Palam
2025-01-13 20:00:00,11.0,100,0.0,,230,9.4,,1017.0,,0,5,42181,Palam
2025-01-13 20:00:00,11.0,100,0.0,,230,9.4,,1017.0,,0,5,42181,Palam
2025-01-13 21:00:00,10.8,100,0.0,,230,9.4,,1018.4,,3,5,42181,Palam
2025-01-13 21:00:00,10.8,100,0.0,,230,9.4,,1018.4,,3,5,42181,Palam
2025-01-13 22:00:00,10.0,100,0.0,,240,7.6,,1017.0,,7,5,42181,Palam
2025-01-13 22:00:00,10.0,100,0.0,,240,7.6,,1017.0,,7,5,42181,Palam
2025-01-13 23:00:00,10.0,100,0.0,,250,9.4,,1017.0,,7,5,42181,Palam
2025-01-13 23:00:00,10.0,100,0.0,,250,9.4,,1017.0,,7,5,42181,Palam
2025-01-14 00:00:00,10.0,100,0.0,,250,11.2,,1018.7,,6,5,42181,Palam
2025-01-14 00:00:00,10.0,100,0.0,,250,11.2,,1018.7,,6,5,42181,Palam
2025-01-14 01:00:00,10.0,94,0.0,,250,11.2,,1018.0,,5,5,42181,Palam
2025-01-14 01:00:00,10.0,94,0.0,,250,11.2,,1018.0,,5,5,42181,Palam
2025-01-14 02:00:00,10.0,94,0.0,,250,11.2,,1019.0,,5,5,42181,Palam
2025-01-14 02:00:00,10.0,94,0.0,,250,11.2,,1019.0,,5,5,42181,Palam
2025-01-14 03:00:00,10.2,97,0.0,,250,13.0,,1021.1,,4,5,42181,Palam
2025-01-14 03:00:00,10.2,97,0.0,,250,13.0,,1021.1,,4,5,42181,Palam
2025-01-14 04:00:00,10.0,94,0.0,,260,13.0,,1021.0,,0,5,42181,Palam
2025-01-14 04:00:00,10.0,94,0.0,,260,13.0,,1021.0,,0,5,42181,Palam
2025-01-14 05:00:00,11.0,94,0.0,,260,11.2,,1021.0,,0,5,42181,Palam
2025-01-14 05:00:00,11.0,94,0.0,,260,11.2,,1021.0,,0,5,42181,Palam
2025-01-14 06:00:00,13.0,84,0.0,,270,11.2,,1022.3,,0,5,42181,Palam
2025-01-14 06:00:00,13.0,84,0.0,,270,11.2,,1022.3,,0,5,42181,Palam
2025-01-14 07:00:00,15.0,67,0.0,,280,7.6,,1020.0,,0,5,42181,Palam
2025-01-14 07:00:00,15.0,67,0.0,,280,7.6,,1020.0,,0,5,42181,Palam
2025-01-14 08:00:00,17.0,63,0.0,,260,7.6,,1020.0,,0,5,42181,Palam
2025-01-14 08:00:00,17.0,63,0.0,,260,7.6,,1020.0,,0,5,42181,Palam
2025-01-14 09:00:00,17.2,66,0.0,,290,7.6,,1019.5,,0,5,42181,Palam
2025-01-14 09:00:00,17.2,66,0.0,,290,7.6,,1019.5,,0,5,42181,Palam
2025-01-14 10:00:00,19.0,60,0.0,,290,5.4,,1019.0,,0,5,42181,Palam
2025-01-14 10:00:00,19.0,60,0.0,,290,5.4,,1019.0,,0,5,42181,Palam
2025-01-14 11:00:00,18.0,64,0.0,,300,9.4,,1018.0,,0,5,42181,Palam
2025-01-14 11:00:00,18.0,64,0.0,,300,9.4,,1018.0,,0,5,42181,Palam
2025-01-14 12:00:00,16.4,75,0.0,,320,7.6,,1019.2,,0,5,42181,Palam
2025-01-14 12:00:00,16.4,75,0.0,,320,7.6,,1019.2,,0,5,42181,Palam
2025-01-14 13:00:00,15.0,82,0.0,,280,5.4,,1019.0,,0,5,42181,Palam
2025-01-14 13:00:00,15.0,82,0.0,,280,5.4,,1019.0,,0,5,42181,Palam
2025-01-14 14:00:00,14.0,88,0.0,,0,0.0,,1019.0,,0,5,42181,Palam
2025-01-14 14:00:00,14.0,88,0.0,,0,0.0,,1019.0,,0,5,42181,Palam
2025-01-14 15:00:00,13.4,91,0.0,,0,0.0,,1020.8,,0,5,42181,Palam
2025-01-14 15:00:00,13.4,91,0.0,,0,0.0,,1020.8,,0,5,42181,Palam
2025-01-14 16:00:00,12.0,94,0.0,,0,0.0,,1020.0,,0,5,42181,Palam
2025-01-14 16:00:00,12.0,94,0.0,,0,0.0,,1020.0,,0,5,42181,Palam
2025-01-14 17:00:00,12.0,94,0.0,,0,0.0,,1020.0,,0,5,42181,Palam
2025-01-14 17:00:00,12.0,94,0.0,,0,0.0,,1020.0,,0,5,42181,Palam
2025-01-14 18:00:00,12.0,81,0.0,,0,0.0,,1021.3,,0,5,42181,Palam
2025-01-14 18:00:00,12.0,81,0.0,,0,0.0,,1021.3,,0,5,42181,Palam
2025-01-14 19:00:00,11.0,100,0.0,,0,0.0,,1020.0,,0,5,42181,Palam
2025-01-14 19:00:00,11.0,100,0.0,,0,0.0,,1020.0,,0,5,42181,Palam
2025-01-14 20:00:00,10.0,100,0.0,,0,0.0,,1020.0,,0,5,42181,Palam
2025-01-14 20:00:00,10.0,100,0.0,,0,0.0,,1020.0,,0,5,42181,Palam
2025-01-14 21:00:00,10.4,97,0.0,,0,0.0,,1021.2,,0,5,42181,Palam
2025-01-14 21:00:00,10.4,97,0.0,,0,0.0,,1021.2,,0,5,42181,Palam
2025-01-14 22:00:00,10.0,100,0.0,,0,0.0,,1020.0,,0,5,42181,Palam
2025-01-14 22:00:00,10.0,100,0.0,,0,0.0,,1020.0,,0,5,42181,Palam
2025-01-14 23:00:00,9.0,100,0.0,,0,0.0,,1020.0,,0,5,42181,Palam
2025-01-14 23:00:00,9.0,100,0.0,,0,0.0,,1020.0,,0,5,42181,Palam
2025-01-15 00:00:00,9.4,100,0.0,,0,0.0,,1021.7,,3,5,42181,Palam
2025-01-15 00:00:00,9.4,100,0.0,,0,0.0,,1021.7,,3,5,42181,Palam
2025-01-15 01:00:00,8.0,100,0.0,,0,0.0,,1021.0,,3,5,42181,Palam
2025-01-15 01:00:00,8.0,100,0.0,,0,0.0,,1021.0,,3,5,42181,Palam
2025-01-15 02:00:00,8.0,100,0.0,,0,0.0,,1021.0,,4,5,42181,Palam
2025-01-15 02:00:00,8.0,100,0.0,,0,0.0,,1021.0,,4,5,42181,Palam
2025-01-15 03:00:00,9.0,100,0.0,,0,0.0,,1023.8,,5,5,42181,Palam
2025-01-15 03:00:00,9.0,100,0.0,,0,0.0,,1023.8,,5,5,42181,Palam
2025-01-15 04:00:00,10.0,100,0.0,,90,7.6,,1023.0,,6,5,42181,Palam
2025-01-15 04:00:00,10.0,100,0.0,,90,7.6,,1023.0,,6,5,42181,Palam
2025-01-15 05:00:00,11.0,100,0.0,,100,11.2,,1023.0,,5,5,42181,Palam
2025-01-15 05:00:00,11.0,100,0.0,,100,11.2,,1023.0,,5,5,42181,Palam
2025-01-15 06:00:00,12.6,96,0.0,,90,9.4,,1023.4,,3,5,42181,Palam
2025-01-15 06:00:00,12.6,96,0.0,,90,9.4,,1023.4,,3,5,42181,Palam
2025-01-15 07:00:00,14.0,94,0.0,,120,5.4,,1021.0,,3,5,42181,Palam
2025-01-15 07:00:00,14.0,94,0.0,,120,5.4,,1021.0,,3,5,42181,Palam
2025-01-15 08:00:00,15.0,88,0.0,,110,9.4,,1020.0,,3,5,42181,Palam
2025-01-15 08:00:00,15.0,88,0.0,,110,9.4,,1020.0,,3,5,42181,Palam
2025-01-15 09:00:00,16.4,77,0.0,,90,5.4,,1019.7,,2,5,42181,Palam
2025-01-15 09:00:00,16.4,77,0.0,,90,5.4,,1019.7,,2,5,42181,Palam
2025-01-15 10:00:00,17.0,82,0.0,,140,7.6,,1019.0,,2,5,42181,Palam
2025-01-15 10:00:00,17.0,82,0.0,,140,7.6,,1019.0,,2,5,42181,Palam
2025-01-15 11:00:00,16.0,77,0.0,,150,9.4,,1019.0,,3,5,42181,Palam
2025-01-15 11:00:00,16.0,77,0.0,,150,9.4,,1019.0,,3,5,42181,Palam
2025-01-15 12:00:00,15.2,83,0.0,,110,7.6,,1019.3,,3,5,42181,Palam
2025-01-15 12:00:00,15.2,83,0.0,,110,7.6,,1019.3,,3,5,42181,Palam
2025-01-15 13:00:00,14.0,82,0.0,,100,7.6,,1018.0,,4,5,42181,Palam
2025-01-15 13:00:00,14.0,82,0.0,,100,7.6,,1018.0,,4,5,42181,Palam
2025-01-15 14:00:00,14.0,88,0.0,,160,11.2,,1019.0,,4,5,42181,Palam
2025-01-15 14:00:00,14.0,88,0.0,,160,11.2,,1019.0,,4,5,42181,Palam
2025-01-15 15:00:00,13.0,97,0.3,,110,9.4,,1020.1,,7,5,42181,Palam
2025-01-15 15:00:00,13.0,97,0.3,,110,9.4,,1020.1,,7,5,42181,Palam
2025-01-15 16:00:00,12.0,94,0.7,,120,9.4,,1020.0,,5,5,42181,Palam
2025-01-15 16:00:00,12.0,94,0.7,,120,9.4,,1020.0,,5,5,42181,Palam
2025-01-15 17:00:00,12.0,94,0.3,,130,9.4,,1020.0,,5,5,42181,Palam
2025-01-15 17:00:00,12.0,94,0.3,,130,9.4,,1020.0,,5,5,42181,Palam
2025-01-15 18:00:00,12.4,95,0.0,,50,5.4,,1020.3,,7,5,42181,Palam
2025-01-15 18:00:00,12.4,95,0.0,,50,5.4,,1020.3,,7,5,42181,Palam
2025-01-15 19:00:00,12.0,94,1.1,,100,3.6,,1019.0,,6,5,42181,Palam
2025-01-15 19:00:00,12.0,94,1.1,,100,3.6,,1019.0,,6,5,42181,Palam
2025-01-15 20:00:00,12.0,94,0.0,,60,7.6,,1019.0,,6,8,42181,Palam
2025-01-15 20:00:00,12.0,94,0.0,,60,7.6,,1019.0,,6,8,42181,Palam
2025-01-15 21:00:00,12.0,100,0.0,,70,5.4,,1020.1,,8,5,42181,Palam
2025-01-15 21:00:00,12.0,100,0.0,,70,5.4,,1020.1,,8,5,42181,Palam
2025-01-15 22:00:00,12.0,94,0.0,,80,7.6,,1019.0,,7,5,42181,Palam
2025-01-15 22:00:00,12.0,94,0.0,,80,7.6,,1019.0,,7,5,42181,Palam
2025-01-15 23:00:00,12.0,94,0.0,,180,9.4,,1019.0,,7,5,42181,Palam
2025-01-15 23:00:00,12.0,94,0.0,,180,9.4,,1019.0,,7,5,42181,Palam
2025-01-16 00:00:00,11.8,97,0.1,,50,5.4,,1020.4,,7,5,42181,Palam
2025-01-16 00:00:00,11.8,97,0.1,,50,5.4,,1020.4,,7,5,42181,Palam
2025-01-16 01:00:00,12.0,94,0.3,,60,7.6,,1019.0,,7,5,42181,Palam
2025-01-16 01:00:00,12.0,94,0.3,,60,7.6,,1019.0,,7,5,42181,Palam
2025-01-16 02:00:00,12.0,94,0.0,,110,7.6,,1021.0,,6,5,42181,Palam
2025-01-16 02:00:00,12.0,94,0.0,,110,7.6,,1021.0,,6,5,42181,Palam
2025-01-16 03:00:00,12.0,100,0.3,,110,5.4,,1022.2,,7,5,42181,Palam
2025-01-16 03:00:00,12.0,100,0.3,,110,5.4,,1022.2,,7,5,42181,Palam
2025-01-16 04:00:00,12.0,100,0.2,,110,7.6,,1022.0,,6,5,42181,Palam
2025-01-16 04:00:00,12.0,100,0.2,,110,7.6,,1022.0,,6,5,42181,Palam
2025-01-16 05:00:00,13.0,94,0.0,,110,9.4,,1022.0,,6,5,42181,Palam
2025-01-16 05:00:00,13.0,94,0.0,,110,9.4,,1022.0,,6,5,42181,Palam
2025-01-16 06:00:00,13.4,93,0.0,,0,0.0,,1023.7,,7,5,42181,Palam
2025-01-16 06:00:00,13.4,93,0.0,,0,0.0,,1023.7,,7,5,42181,Palam
2025-01-16 07:00:00,15.0,94,0.0,,0,0.0,,1022.0,,5,5,42181,Palam
2025-01-16 07:00:00,15.0,94,0.0,,0,0.0,,1022.0,,5,5,42181,Palam
2025-01-16 08:00:00,16.0,88,0.0,,157,3.6,,1021.0,,5,5,42181,Palam
2025-01-16 08:00:00,16.0,88,0.0,,157,3.6,,1021.0,,5,5,42181,Palam
2025-01-16 09:00:00,17.0,72,0.0,,235,3.6,,1021.2,,3,5,42181,Palam
2025-01-16 09:00:00,17.0,72,0.0,,235,3.6,,1021.2,,3,5,42181,Palam
2025-01-16 10:00:00,18.0,68,0.0,,250,5.4,,1021.0,,0,5,42181,Palam
2025-01-16 10:00:00,18.0,68,0.0,,250,5.4,,1021.0,,0,5,42181,Palam
2025-01-16 11:00:00,18.0,68,0.0,,310,5.4,,1021.0,,0,5,42181,Palam
2025-01-16 11:00:00,18.0,68,0.0,,310,5.4,,1021.0,,0,5,42181,Palam
2025-01-16 12:00:00,15.8,75,0.0,,270,7.6,,1021.6,,0,5,42181,Palam
2025-01-16 12:00:00,15.8,75,0.0,,270,7.6,,1021.6,,0,5,42181,Palam
2025-01-16 13:00:00,15.0,77,0.0,,0,0.0,,1021.0,,0,5,42181,Palam
2025-01-16 13:00:00,15.0,77,0.0,,0,0.0,,1021.0,,0,5,42181,Palam
2025-01-16 14:00:00,14.0,82,0.0,,0,0.0,,1022.0,,0,5,42181,Palam
2025-01-16 14:00:00,14.0,82,0.0,,0,0.0,,1022.0,,0,5,42181,Palam
2025-01-16 15:00:00,13.8,88,0.0,,0,0.0,,1023.8,,0,5,42181,Palam
2025-01-16 15:00:00,13.8,88,0.0,,0,0.0,,1023.8,,0,5,42181,Palam
2025-01-16 16:00:00,12.0,94,0.0,,318,3.6,,1023.0,,0,5,42181,Palam
2025-01-16 16:00:00,12.0,94,0.0,,318,3.6,,1023.0,,0,5,42181,Palam
2025-01-16 17:00:00,12.0,94,0.0,,270,5.4,,1023.0,,0,5,42181,Palam
2025-01-16 17:00:00,12.0,94,0.0,,270,5.4,,1023.0,,0,5,42181,Palam
2025-01-16 18:00:00,12.4,97,0.0,,308,3.6,,1024.5,,0,5,42181,Palam
2025-01-16 18:00:00,12.4,97,0.0,,308,3.6,,1024.5,,0,5,42181,Palam
2025-01-16 19:00:00,11.0,94,0.0,,304,3.6,,1023.0,,0,5,42181,Palam
2025-01-16 19:00:00,11.0,94,0.0,,304,3.6,,1023.0,,0,5,42181,Palam
2025-01-16 20:00:00,11.0,94,0.0,,260,5.4,,1022.0,,0,5,42181,Palam
2025-01-16 20:00:00,11.0,94,0.0,,260,5.4,,1022.0,,0,5,42181,Palam
2025-01-16 21:00:00,10.8,100,0.0,,230,7.6,,1023.7,,3,5,42181,Palam
2025-01-16 21:00:00,10.8,100,0.0,,230,7.6,,1023.7,,3,5,42181,Palam
2025-01-16 22:00:00,10.0,100,0.0,,240,7.6,,1022.0,,8,5,42181,Palam
2025-01-16 22:00:00,10.0,100,0.0,,240,7.6,,1022.0,,8,5,42181,Palam
2025-01-16 23:00:00,10.0,100,0.0,,280,7.6,,1021.0,,7,5,42181,Palam
2025-01-16 23:00:00,10.0,100,0.0,,280,7.6,,1021.0,,7,5,42181,Palam
2025-01-17 00:00:00,10.4,100,0.0,,250,9.4,,1022.4,,7,5,42181,Palam
2025-01-17 00:00:00,10.4,100,0.0,,250,9.4,,1022.4,,7,5,42181,Palam
2025-01-17 01:00:00,10.0,100,0.0,,260,11.2,,1021.0,,6,5,42181,Palam
2025-01-17 01:00:00,10.0,100,0.0,,260,11.2,,1021.0,,6,5,42181,Palam
2025-01-17 02:00:00,10.0,100,0.0,,250,11.2,,1022.0,,5,5,42181,Palam
2025-01-17 02:00:00,10.0,100,0.0,,250,11.2,,1022.0,,5,5,42181,Palam
2025-01-17 03:00:00,9.6,100,0.0,,270,5.4,,1023.8,,5,5,42181,Palam
2025-01-17 03:00:00,9.6,100,0.0,,270,5.4,,1023.8,,5,5,42181,Palam
2025-01-17 04:00:00,11.0,94,0.0,,290,11.2,,1023.0,,6,5,42181,Palam
2025-01-17 04:00:00,11.0,94,0.0,,290,11.2,,1023.0,,6,5,42181,Palam
2025-01-17 05:00:00,11.0,94,0.0,,270,11.2,,1023.0,,5,5,42181,Palam
2025-01-17 05:00:00,11.0,94,0.0,,270,11.2,,1023.0,,5,5,42181,Palam
2025-01-17 06:00:00,12.8,75,0.0,,270,11.2,,1023.9,,7,5,42181,Palam
2025-01-17 06:00:00,12.8,75,0.0,,270,11.2,,1023.9,,7,5,42181,Palam
2025-01-17 07:00:00,13.0,88,0.0,,250,14.8,,1021.0,,3,5,42181,Palam
2025-01-17 07:00:00,13.0,88,0.0,,250,14.8,,1021.0,,3,5,42181,Palam
2025-01-17 08:00:00,14.0,82,0.0,,260,18.4,,1020.0,,2,5,42181,Palam
2025-01-17 08:00:00,14.0,82,0.0,,260,18.4,,1020.0,,2,5,42181,Palam
2025-01-17 09:00:00,15.2,76,0.0,,250,14.8,,1020.2,,0,5,42181,Palam
2025-01-17 09:00:00,15.2,76,0.0,,250,14.8,,1020.2,,0,5,42181,Palam
2025-01-17 10:00:00,15.0,77,0.0,,270,14.8,,1019.0,,0,5,42181,Palam
2025-01-17 10:00:00,15.0,77,0.0,,270,14.8,,1019.0,,0,5,42181,Palam
2025-01-17 11:00:00,15.0,77,0.0,,280,16.6,,1018.0,,0,5,42181,Palam
2025-01-17 11:00:00,15.0,77,0.0,,280,16.6,,1018.0,,0,5,42181,Palam
2025-01-17 12:00:00,14.0,84,0.0,,270,14.8,,1019.5,,0,5,42181,Palam
2025-01-17 12:00:00,14.0,84,0.0,,270,14.8,,1019.5,,0,5,42181,Palam
2025-01-17 13:00:00,11.0,88,0.0,,260,9.4,,1018.0,,0,5,42181,Palam
2025-01-17 13:00:00,11.0,88,0.0,,260,9.4,,1018.0,,0,5,42181,Palam
2025-01-17 14:00:00,11.0,88,0.0,,280,13.0,,1019.0,,0,5,42181,Palam
2025-01-17 14:00:00,11.0,88,0.0,,280,13.0,,1019.0,,0,5,42181,Palam
2025-01-17 15:00:00,11.4,95,0.0,,290,9.4,,1020.5,,0,5,42181,Palam
2025-01-17 15:00:00,11.4,95,0.0,,290,9.4,,1020.5,,0,5,42181,Palam
2025-01-17 16:00:00,11.0,94,0.0,,310,9.4,,1019.0,,0,5,42181,Palam
2025-01-17 16:00:00,11.0,94,0.0,,310,9.4,,1019.0,,0,5,42181,Palam
2025-01-17 17:00:00,11.0,94,0.0,,300,7.6,,1020.0,,0,5,42181,Palam
2025-01-17 17:00:00,11.0,94,0.0,,300,7.6,,1020.0,,0,5,42181,Palam
2025-01-17 18:00:00,11.6,97,0.0,,290,11.2,,1021.0,,1,5,42181,Palam
2025-01-17 18:00:00,11.6,97,0.0,,290,11.2,,1021.0,,1,5,42181,Palam
2025-01-17 19:00:00,11.0,100,0.0,,260,11.2,,1019.0,,2,5,42181,Palam
2025-01-17 19:00:00,11.0,100,0.0,,260,11.2,,1019.0,,2,5,42181,Palam
2025-01-17 20:00:00,11.0,100,0.0,,280,9.4,,1019.0,,2,5,42181,Palam
2025-01-17 20:00:00,11.0,100,0.0,,280,9.4,,1019.0,,2,5,42181,Palam
2025-01-17 21:00:00,11.0,100,0.0,,250,5.4,,1019.7,,4,5,42181,Palam
2025-01-17 21:00:00,11.0,100,0.0,,250,5.4,,1019.7,,4,5,42181,Palam
2025-01-17 22:00:00,11.0,100,0.0,,230,7.6,,1018.0,,5,5,42181,Palam
2025-01-17 22:00:00,11.0,100,0.0,,230,7.6,,1018.0,,5,5,42181,Palam
2025-01-17 23:00:00,11.0,94,0.0,,260,9.4,,1018.0,,5,5,42181,Palam
2025-01-17 23:00:00,11.0,94,0.0,,260,9.4,,1018.0,,5,5,42181,Palam
2025-01-18 00:00:00,10.8,95,0.0,,250,9.4,,1019.8,,2,5,42181,Palam
2025-01-18 00:00:00,10.8,95,0.0,,250,9.4,,1019.8,,2,5,42181,Palam
2025-01-18 01:00:00,10.0,100,0.0,,240,7.6,,1019.0,,6,5,42181,Palam
2025-01-18 01:00:00,10.0,100,0.0,,240,7.6,,1019.0,,6,5,42181,Palam
2025-01-18 02:00:00,10.0,100,0.0,,210,7.6,,1019.0,,7,5,42181,Palam
2025-01-18 02:00:00,10.0,100,0.0,,210,7.6,,1019.0,,7,5,42181,Palam
2025-01-18 03:00:00,10.4,95,0.0,,270,7.6,,1022.1,,3,5,42181,Palam
2025-01-18 03:00:00,10.4,95,0.0,,270,7.6,,1022.1,,3,5,42181,Palam
2025-01-18 04:00:00,11.0,88,0.0,,0,0.0,,1021.0,,7,5,42181,Palam
2025-01-18 04:00:00,11.0,88,0.0,,0,0.0,,1021.0,,7,5,42181,Palam
2025-01-18 05:00:00,13.0,77,0.0,,50,7.6,,1021.0,,6,5,42181,Palam
2025-01-18 05:00:00,13.0,77,0.0,,50,7.6,,1021.0,,6,5,42181,Palam
2025-01-18 06:00:00,14.8,72,0.0,,270,7.6,,1021.7,,3,5,42181,Palam
2025-01-18 06:00:00,14.8,72,0.0,,270,7.6,,1021.7,,3,5,42181,Palam
2025-01-18 07:00:00,17.0,68,0.0,,270,9.4,,1020.0,,5,5,42181,Palam
2025-01-18 07:00:00,17.0,68,0.0,,270,9.4,,1020.0,,5,5,42181,Palam
2025-01-18 08:00:00,17.0,63,0.0,,300,9.4,,1019.0,,5,5,42181,Palam
2025-01-18 08:00:00,17.0,63,0.0,,300,9.4,,1019.0,,5,5,42181,Palam
2025-01-18 09:00:00,17.4,59,0.0,,360,7.6,,1018.2,,4,5,42181,Palam
2025-01-18 09:00:00,17.4,59,0.0,,360,7.6,,1018.2,,4,5,42181,Palam
2025-01-18 10:00:00,19.0,60,0.0,,277,3.6,,1017.0,,4,5,42181,Palam
2025-01-18 10:00:00,19.0,60,0.0,,277,3.6,,1017.0,,4,5,42181,Palam
2025-01-18 11:00:00,19.0,68,0.0,,360,9.4,,1017.0,,4,5,42181,Palam
2025-01-18 11:00:00,19.0,68,0.0,,360,9.4,,1017.0,,4,5,42181,Palam
2025-01-18 12:00:00,17.0,78,0.0,,20,7.6,,1017.1,,6,5,42181,Palam
2025-01-18 12:00:00,17.0,78,0.0,,20,7.6,,1017.1,,6,5,42181,Palam
2025-01-18 13:00:00,16.0,82,0.0,,60,5.4,,1017.0,,4,5,42181,Palam
2025-01-18 13:00:00,16.0,82,0.0,,60,5.4,,1017.0,,4,5,42181,Palam
2025-01-18 14:00:00,15.0,88,0.0,,302,3.6,,1017.0,,4,5,42181,Palam
2025-01-18 14:00:00,15.0,88,0.0,,302,3.6,,1017.0,,4,5,42181,Palam
2025-01-18 15:00:00,14.4,87,0.0,,0,0.0,,1017.7,,4,5,42181,Palam
2025-01-18 15:00:00,14.4,87,0.0,,0,0.0,,1017.7,,4,5,42181,Palam
2025-01-18 16:00:00,14.0,88,0.0,,0,0.0,,1017.0,,4,5,42181,Palam
2025-01-18 16:00:00,14.0,88,0.0,,0,0.0,,1017.0,,4,5,42181,Palam
2025-01-18 17:00:00,14.0,88,0.0,,0,0.0,,1018.0,,4,5,42181,Palam
2025-01-18 17:00:00,14.0,88,0.0,,0,0.0,,1018.0,,4,5,42181,Palam
2025-01-18 18:00:00,13.0,93,0.0,,0,0.0,,1018.4,,4,5,42181,Palam
2025-01-18 18:00:00,13.0,93,0.0,,0,0.0,,1018.4,,4,5,42181,Palam
2025-01-18 19:00:00,13.0,94,0.0,,0,0.0,,1017.0,,4,5,42181,Palam
2025-01-18 19:00:00,13.0,94,0.0,,0,0.0,,1017.0,,4,5,42181,Palam
2025-01-18 20:00:00,12.0,100,0.0,,0,0.0,,1017.0,,5,5,42181,Palam
2025-01-18 20:00:00,12.0,100,0.0,,0,0.0,,1017.0,,5,5,42181,Palam
2025-01-18 21:00:00,12.8,93,0.0,,0,0.0,,1018.2,,5,5,42181,Palam
2025-01-18 21:00:00,12.8,93,0.0,,0,0.0,,1018.2,,5,5,42181,Palam
2025-01-18 22:00:00,13.0,94,0.0,,0,0.0,,1017.0,,5,5,42181,Palam
2025-01-18 22:00:00,13.0,94,0.0,,0,0.0,,1017.0,,5,5,42181,Palam
2025-01-18 23:00:00,12.0,94,0.0,,0,0.0,,1017.0,,5,5,42181,Palam
2025-01-18 23:00:00,12.0,94,0.0,,0,0.0,,1017.0,,5,5,42181,Palam
2025-01-19 00:00:00,11.8,97,0.0,,0,0.0,,1018.1,,3,5,42181,Palam
2025-01-19 00:00:00,11.8,97,0.0,,0,0.0,,1018.1,,3,5,42181,Palam
2025-01-19 01:00:00,11.0,100,0.0,,0,0.0,,1017.0,,6,5,42181,Palam
2025-01-19 01:00:00,11.0,100,0.0,,0,0.0,,1017.0,,6,5,42181,Palam
2025-01-19 02:00:00,11.0,100,0.0,,0,0.0,,1018.0,,6,5,42181,Palam
2025-01-19 02:00:00,11.0,100,0.0,,0,0.0,,1018.0,,6,5,42181,Palam
2025-01-19 03:00:00,12.2,97,0.0,,320,3.6,,1019.8,,2,5,42181,Palam
2025-01-19 03:00:00,12.2,97,0.0,,320,3.6,,1019.8,,2,5,42181,Palam
2025-01-19 04:00:00,15.0,82,0.0,,60,5.4,,1019.0,,2,5,42181,Palam
2025-01-19 04:00:00,15.0,82,0.0,,60,5.4,,1019.0,,2,5,42181,Palam
2025-01-19 05:00:00,18.0,64,0.0,,254,3.6,,1020.0,,0,5,42181,Palam
2025-01-19 05:00:00,18.0,64,0.0,,254,3.6,,1020.0,,0,5,42181,Palam
2025-01-19 06:00:00,20.0,61,0.0,,254,3.6,,1020.0,,0,5,42181,Palam
2025-01-19 06:00:00,20.0,61,0.0,,254,3.6,,1020.0,,0,5,42181,Palam
2025-01-19 07:00:00,23.0,47,0.0,,280,3.6,,1018.0,,0,5,42181,Palam
2025-01-19 07:00:00,23.0,47,0.0,,280,3.6,,1018.0,,0,5,42181,Palam
2025-01-19 08:00:00,24.0,44,0.0,,320,5.4,,1017.0,,0,5,42181,Palam
2025-01-19 08:00:00,24.0,44,0.0,,320,5.4,,1017.0,,0,5,42181,Palam
2025-01-19 09:00:00,23.2,56,0.0,,290,9.4,,1016.2,,0,5,42181,Palam
2025-01-19 09:00:00,23.2,56,0.0,,290,9.4,,1016.2,,0,5,42181,Palam
2025-01-19 10:00:00,24.0,47,0.0,,290,7.6,,1016.0,,0,5,42181,Palam
2025-01-19 10:00:00,24.0,47,0.0,,290,7.6,,1016.0,,0,5,42181,Palam
2025-01-19 11:00:00,24.0,50,0.0,,310,9.4,,1016.0,,0,5,42181,Palam
2025-01-19 11:00:00,24.0,50,0.0,,310,9.4,,1016.0,,0,5,42181,Palam
2025-01-19 12:00:00,21.4,70,0.0,,320,5.4,,1015.5,,1,5,42181,Palam
2025-01-19 12:00:00,21.4,70,0.0,,320,5.4,,1015.5,,1,5,42181,Palam
2025-01-19 13:00:00,20.0,73,0.0,,300,5.4,,1015.0,,1,5,42181,Palam
2025-01-19 13:00:00,20.0,73,0.0,,300,5.4,,1015.0,,1,5,42181,Palam
2025-01-19 14:00:00,18.0,78,0.0,,290,3.6,,1016.0,,1,5,42181,Palam
2025-01-19 14:00:00,18.0,78,0.0,,290,3.6,,1016.0,,1,5,42181,Palam
2025-01-19 15:00:00,18.0,86,0.0,,0,0.0,,1016.5,,1,5,42181,Palam
2025-01-19 15:00:00,18.0,86,0.0,,0,0.0,,1016.5,,1,5,42181,Palam
2025-01-19 16:00:00,17.0,82,0.0,,240,5.4,,1016.0,,1,5,42181,Palam
2025-01-19 16:00:00,17.0,82,0.0,,240,5.4,,1016.0,,1,5,42181,Palam
2025-01-19 17:00:00,16.0,88,0.0,,0,0.0,,1016.0,,1,5,42181,Palam
2025-01-19 17:00:00,16.0,88,0.0,,0,0.0,,1016.0,,1,5,42181,Palam
2025-01-19 18:00:00,16.0,94,0.0,,270,5.4,,1017.1,,2,5,42181,Palam
2025-01-19 18:00:00,16.0,94,0.0,,270,5.4,,1017.1,,2,5,42181,Palam
2025-01-19 19:00:00,15.0,94,0.0,,0,0.0,,1016.0,,1,5,42181,Palam
2025-01-19 19:00:00,15.0,94,0.0,,0,0.0,,1016.0,,1,5,42181,Palam
2025-01-19 20:00:00,15.0,88,0.0,,320,5.4,,1015.0,,1,5,42181,Palam
2025-01-19 20:00:00,15.0,88,0.0,,320,5.4,,1015.0,,1,5,42181,Palam
2025-01-19 21:00:00,14.8,91,0.0,,290,5.4,,1016.1,,2,5,42181,Palam
2025-01-19 21:00:00,14.8,91,0.0,,290,5.4,,1016.1,,2,5,42181,Palam
2025-01-19 22:00:00,14.0,88,0.0,,240,3.6,,1015.0,,2,5,42181,Palam
2025-01-19 22:00:00,14.0,88,0.0,,240,3.6,,1015.0,,2,5,42181,Palam
2025-01-19 23:00:00,12.0,100,0.0,,250,3.6,,1015.0,,2,5,42181,Palam
2025-01-19 23:00:00,12.0,100,0.0,,250,3.6,,1015.0,,2,5,42181,Palam
2025-01-20 00:00:00,13.6,93,0.0,,270,7.6,,1015.7,,2,5,42181,Palam
2025-01-20 00:00:00,13.6,93,0.0,,270,7.6,,1015.7,,2,5,42181,Palam
2025-01-20 01:00:00,12.0,94,0.0,,250,11.2,,1015.0,,3,5,42181,Palam
2025-01-20 01:00:00,12.0,94,0.0,,250,11.2,,1015.0,,3,5,42181,Palam
2025-01-20 02:00:00,11.0,94,0.0,,260,9.4,,1016.0,,4,5,42181,Palam
2025-01-20 02:00:00,11.0,94,0.0,,260,9.4,,1016.0,,4,5,42181,Palam
2025-01-20 03:00:00,11.2,97,0.0,,250,11.2,,1018.2,,0,5,42181,Palam
2025-01-20 03:00:00,11.2,97,0.0,,250,11.2,,1018.2,,0,5,42181,Palam
2025-01-20 04:00:00,14.0,82,0.0,,260,7.6,,1018.0,,0,5,42181,Palam
2025-01-20 04:00:00,14.0,82,0.0,,260,7.6,,1018.0,,0,5,42181,Palam
2025-01-20 05:00:00,17.0,63,0.0,,260,11.2,,1018.0,,0,5,42181,Palam
2025-01-20 05:00:00,17.0,63,0.0,,260,11.2,,1018.0,,0,5,42181,Palam
2025-01-20 06:00:00,18.4,62,0.0,,270,11.2,,1018.4,,0,5,42181,Palam
2025-01-20 06:00:00,18.4,62,0.0,,270,11.2,,1018.4,,0,5,42181,Palam
2025-01-20 07:00:00,21.0,49,0.0,,290,13.0,,1017.0,,0,5,42181,Palam
2025-01-20 07:00:00,21.0,49,0.0,,290,13.0,,1017.0,,0,5,42181,Palam
2025-01-20 08:00:00,22.0,46,0.0,,270,16.6,,1016.0,,0,5,42181,Palam
2025-01-20 08:00:00,22.0,46,0.0,,270,16.6,,1016.0,,0,5,42181,Palam
2025-01-20 09:00:00,22.0,58,0.0,,290,16.6,,1015.2,,0,5,42181,Palam
2025-01-20 09:00:00,22.0,58,0.0,,290,16.6,,1015.2,,0,5,42181,Palam
2025-01-20 10:00:00,23.0,50,0.0,,280,14.8,,1014.0,,0,5,42181,Palam
2025-01-20 10:00:00,23.0,50,0.0,,280,14.8,,1014.0,,0,5,42181,Palam
2025-01-20 11:00:00,22.0,57,0.0,,270,14.8,,1014.0,,0,5,42181,Palam
2025-01-20 11:00:00,22.0,57,0.0,,270,14.8,,1014.0,,0,5,42181,Palam
2025-01-20 12:00:00,20.4,71,0.0,,270,9.4,,1014.3,,0,5,42181,Palam
2025-01-20 12:00:00,20.4,71,0.0,,270,9.4,,1014.3,,0,5,42181,Palam
2025-01-20 13:00:00,18.0,83,0.0,,250,7.6,,1014.0,,0,5,42181,Palam
2025-01-20 13:00:00,18.0,83,0.0,,250,7.6,,1014.0,,0,5,42181,Palam
2025-01-20 14:00:00,18.0,83,0.0,,250,5.4,,1015.0,,0,5,42181,Palam
2025-01-20 14:00:00,18.0,83,0.0,,250,5.4,,1015.0,,0,5,42181,Palam
2025-01-20 15:00:00,17.4,88,0.0,,250,7.6,,1016.5,,0,5,42181,Palam
2025-01-20 15:00:00,17.4,88,0.0,,250,7.6,,1016.5,,0,5,42181,Palam
2025-01-20 16:00:00,15.0,94,0.0,,260,9.4,,1015.0,,0,5,42181,Palam
2025-01-20 16:00:00,15.0,94,0.0,,260,9.4,,1015.0,,0,5,42181,Palam
2025-01-20 17:00:00,15.0,94,0.0,,270,9.4,,1015.0,,0,5,42181,Palam
2025-01-20 17:00:00,15.0,94,0.0,,270,9.4,,1015.0,,0,5,42181,Palam
2025-01-20 18:00:00,15.6,84,0.0,,270,7.6,,1015.9,,0,5,42181,Palam
2025-01-20 18:00:00,15.6,84,0.0,,270,7.6,,1015.9,,0,5,42181,Palam
2025-01-20 19:00:00,14.0,94,0.0,,240,7.6,,1015.0,,0,5,42181,Palam
2025-01-20 19:00:00,14.0,94,0.0,,240,7.6,,1015.0,,0,5,42181,Palam
2025-01-20 20:00:00,13.0,94,0.0,,250,7.6,,1015.0,,0,5,42181,Palam
2025-01-20 20:00:00,13.0,94,0.0,,250,7.6,,1015.0,,0,5,42181,Palam
2025-01-20 21:00:00,13.8,96,0.0,,250,7.6,,1014.9,,0,5,42181,Palam
2025-01-20 21:00:00,13.8,96,0.0,,250,7.6,,1014.9,,0,5,42181,Palam
2025-01-20 22:00:00,12.0,94,0.0,,260,9.4,,1014.0,,0,5,42181,Palam
2025-01-20 22:00:00,12.0,94,0.0,,260,9.4,,1014.0,,0,5,42181,Palam
2025-01-20 23:00:00,11.0,94,0.0,,260,11.2,,1013.0,,0,5,42181,Palam
2025-01-20 23:00:00,11.0,94,0.0,,260,11.2,,1013.0,,0,5,42181,Palam
2025-01-21 00:00:00,12.2,91,0.0,,250,9.4,,1014.5,,0,5,42181,Palam
2025-01-21 00:00:00,12.2,91,0.0,,250,9.4,,1014.5,,0,5,42181,Palam
2025-01-21 01:00:00,11.0,94,0.0,,250,7.6,,1014.0,,0,5,42181,Palam
2025-01-21 01:00:00,11.0,94,0.0,,250,7.6,,1014.0,,0,5,42181,Palam
2025-01-21 02:00:00,11.0,88,0.0,,240,7.6,,1014.0,,0,5,42181,Palam
2025-01-21 02:00:00,11.0,88,0.0,,240,7.6,,1014.0,,0,5,42181,Palam
2025-01-21 03:00:00,12.0,83,0.0,,250,11.2,,1016.6,,0,5,42181,Palam
2025-01-21 03:00:00,12.0,83,0.0,,250,11.2,,1016.6,,0,5,42181,Palam
2025-01-21 04:00:00,14.0,77,0.0,,260,13.0,,1016.0,,0,5,42181,Palam
2025-01-21 04:00:00,14.0,77,0.0,,260,13.0,,1016.0,,0,5,42181,Palam
2025-01-21 05:00:00,16.0,68,0.0,,250,13.0,,1017.0,,0,5,42181,Palam
2025-01-21 05:00:00,16.0,68,0.0,,250,13.0,,1017.0,,0,5,42181,Palam
2025-01-21 06:00:00,18.2,55,0.0,,270,14.8,,1017.2,,1,5,42181,Palam
2025-01-21 06:00:00,18.2,55,0.0,,270,14.8,,1017.2,,1,5,42181,Palam
2025-01-21 07:00:00,21.0,46,0.0,,280,14.8,,1016.0,,1,5,42181,Palam
2025-01-21 07:00:00,21.0,46,0.0,,280,14.8,,1016.0,,1,5,42181,Palam
2025-01-21 08:00:00,22.0,43,0.0,,270,14.8,,1015.0,,1,5,42181,Palam
2025-01-21 08:00:00,22.0,43,0.0,,270,14.8,,1015.0,,1,5,42181,Palam
2025-01-21 09:00:00,21.2,52,0.0,,270,16.6,,1013.9,,0,5,42181,Palam
2025-01-21 09:00:00,21.2,52,0.0,,270,16.6,,1013.9,,0,5,42181,Palam
2025-01-21 10:00:00,22.0,43,0.0,,270,14.8,,1013.0,,0,5,42181,Palam
2025-01-21 10:00:00,22.0,43,0.0,,270,14.8,,1013.0,,0,5,42181,Palam
2025-01-21 11:00:00,22.0,46,0.0,,260,16.6,,1013.0,,0,5,42181,Palam
2025-01-21 11:00:00,22.0,46,0.0,,260,16.6,,1013.0,,0,5,42181,Palam
2025-01-21 12:00:00,20.0,66,0.0,,250,9.4,,1012.8,,0,5,42181,Palam
2025-01-21 12:00:00,20.0,66,0.0,,250,9.4,,1012.8,,0,5,42181,Palam
2025-01-21 13:00:00,18.0,68,0.0,,250,7.6,,1013.0,,0,5,42181,Palam
2025-01-21 13:00:00,18.0,68,0.0,,250,7.6,,1013.0,,0,5,42181,Palam
2025-01-21 14:00:00,16.0,77,0.0,,270,9.4,,1013.0,,0,5,42181,Palam
2025-01-21 14:00:00,16.0,77,0.0,,270,9.4,,1013.0,,0,5,42181,Palam
2025-01-21 15:00:00,17.0,76,0.0,,250,5.4,,1014.7,,0,5,42181,Palam
2025-01-21 15:00:00,17.0,76,0.0,,250,5.4,,1014.7,,0,5,42181,Palam
2025-01-21 16:00:00,16.0,77,0.0,,230,5.4,,1014.0,,0,5,42181,Palam
2025-01-21 16:00:00,16.0,77,0.0,,230,5.4,,1014.0,,0,5,42181,Palam
2025-01-21 17:00:00,15.0,82,0.0,,250,5.4,,1014.0,,0,5,42181,Palam
2025-01-21 17:00:00,15.0,82,0.0,,250,5.4,,1014.0,,0,5,42181,Palam
2025-01-21 18:00:00,15.0,89,0.0,,250,5.4,,1015.3,,0,5,42181,Palam
2025-01-21 18:00:00,15.0,89,0.0,,250,5.4,,1015.3,,0,5,42181,Palam
2025-01-21 19:00:00,13.0,94,0.0,,220,3.6,,1014.0,,0,5,42181,Palam
2025-01-21 19:00:00,13.0,94,0.0,,220,3.6,,1014.0,,0,5,42181,Palam
2025-01-21 20:00:00,12.0,94,0.0,,240,3.6,,1014.0,,0,5,42181,Palam
2025-01-21 20:00:00,12.0,94,0.0,,240,3.6,,1014.0,,0,5,42181,Palam
2025-01-21 21:00:00,12.6,93,0.0,,270,5.4,,1014.8,,0,5,42181,Palam
2025-01-21 21:00:00,12.6,93,0.0,,270,5.4,,1014.8,,0,5,42181,Palam
2025-01-21 22:00:00,11.0,94,0.0,,240,5.4,,1013.0,,0,5,42181,Palam
2025-01-21 22:00:00,11.0,94,0.0,,240,5.4,,1013.0,,0,5,42181,Palam
2025-01-21 23:00:00,10.0,94,0.0,,240,5.4,,1013.0,,0,5,42181,Palam
2025-01-21 23:00:00,10.0,94,0.0,,240,5.4,,1013.0,,0,5,42181,Palam
2025-01-22 00:00:00,11.4,97,0.0,,270,7.6,,1014.3,,0,5,42181,Palam
2025-01-22 00:00:00,11.4,97,0.0,,270,7.6,,1014.3,,0,5,42181,Palam
2025-01-22 01:00:00,10.0,94,0.0,,250,5.4,,1014.0,,0,5,42181,Palam
2025-01-22 01:00:00,10.0,94,0.0,,250,5.4,,1014.0,,0,5,42181,Palam
2025-01-22 02:00:00,10.0,94,0.0,,240,7.6,,1014.0,,0,5,42181,Palam
2025-01-22 02:00:00,10.0,94,0.0,,240,7.6,,1014.0,,0,5,42181,Palam
2025-01-22 03:00:00,12.0,95,0.0,,250,7.6,,1016.0,,0,5,42181,Palam
2025-01-22 03:00:00,12.0,95,0.0,,250,7.6,,1016.0,,0,5,42181,Palam
2025-01-22 04:00:00,14.0,88,0.0,,260,11.2,,1016.0,,0,5,42181,Palam
2025-01-22 04:00:00,14.0,88,0.0,,260,11.2,,1016.0,,0,5,42181,Palam
2025-01-22 05:00:00,16.0,77,0.0,,270,9.4,,1016.0,,0,5,42181,Palam
2025-01-22 05:00:00,16.0,77,0.0,,270,9.4,,1016.0,,0,5,42181,Palam
2025-01-22 06:00:00,19.0,63,0.0,,270,9.4,,1016.7,,0,5,42181,Palam
2025-01-22 06:00:00,19.0,63,0.0,,270,9.4,,1016.7,,0,5,42181,Palam
2025-01-22 07:00:00,21.0,49,0.0,,280,9.4,,1015.0,,0,5,42181,Palam
2025-01-22 07:00:00,21.0,49,0.0,,280,9.4,,1015.0,,0,5,42181,Palam
2025-01-22 08:00:00,22.0,43,0.0,,260,5.4,,1014.0,,0,5,42181,Palam
2025-01-22 08:00:00,22.0,43,0.0,,260,5.4,,1014.0,,0,5,42181,Palam
2025-01-22 09:00:00,22.0,49,0.0,,320,5.4,,1013.4,,0,5,42181,Palam
2025-01-22 09:00:00,22.0,49,0.0,,320,5.4,,1013.4,,0,5,42181,Palam
2025-01-22 10:00:00,23.0,41,0.0,,300,7.6,,1013.0,,0,5,42181,Palam
2025-01-22 10:00:00,23.0,41,0.0,,300,7.6,,1013.0,,0,5,42181,Palam
2025-01-22 11:00:00,23.0,41,0.0,,310,5.4,,1012.0,,1,5,42181,Palam
2025-01-22 11:00:00,23.0,41,0.0,,310,5.4,,1012.0,,1,5,42181,Palam
2025-01-22 12:00:00,20.4,61,0.0,,270,9.4,,1012.6,,1,5,42181,Palam
2025-01-22 12:00:00,20.4,61,0.0,,270,9.4,,1012.6,,1,5,42181,Palam
2025-01-22 13:00:00,18.0,64,0.0,,250,5.4,,1013.0,,1,5,42181,Palam
2025-01-22 13:00:00,18.0,64,0.0,,250,5.4,,1013.0,,1,5,42181,Palam
2025-01-22 14:00:00,18.0,64,0.0,,323,3.6,,1013.0,,2,5,42181,Palam
2025-01-22 14:00:00,18.0,64,0.0,,323,3.6,,1013.0,,2,5,42181,Palam
2025-01-22 15:00:00,17.4,80,0.0,,0,0.0,,1014.6,,3,5,42181,Palam
2025-01-22 15:00:00,17.4,80,0.0,,0,0.0,,1014.6,,3,5,42181,Palam
2025-01-22 16:00:00,16.0,82,0.0,,0,0.0,,1014.0,,3,5,42181,Palam
2025-01-22 16:00:00,16.0,82,0.0,,0,0.0,,1014.0,,3,5,42181,Palam
2025-01-22 17:00:00,17.0,82,0.0,,320,3.6,,1015.0,,4,5,42181,Palam
2025-01-22 17:00:00,17.0,82,0.0,,320,3.6,,1015.0,,4,5,42181,Palam
2025-01-22 18:00:00,17.0,82,0.0,,0,0.0,,1015.0,,4,5,42181,Palam
2025-01-22 18:00:00,17.0,82,0.0,,0,0.0,,1015.0,,4,5,42181,Palam
2025-01-22 19:00:00,17.0,88,4.2,,48,3.7,,1015.0,,4,5,42181,Palam
2025-01-22 19:00:00,17.0,88,4.2,,48,3.7,,1015.0,,4,5,42181,Palam
2025-01-22 20:00:00,16.0,94,3.1,,350,5.4,,1015.0,,4,5,42181,Palam
2025-01-22 20:00:00,16.0,94,3.1,,350,5.4,,1015.0,,4,5,42181,Palam
2025-01-22 21:00:00,16.0,89,0.3,,48,3.6,,1015.2,,7,5,42181,Palam
2025-01-22 21:00:00,16.0,89,0.3,,48,3.6,,1015.2,,7,5,42181,Palam
2025-01-22 22:00:00,15.0,88,0.3,,0,0.0,,1014.0,,6,5,42181,Palam
2025-01-22 22:00:00,15.0,88,0.3,,0,0.0,,1014.0,,6,5,42181,Palam
2025-01-22 23:00:00,14.0,94,0.0,,0,0.0,,1014.0,,5,5,42181,Palam
2025-01-22 23:00:00,14.0,94,0.0,,0,0.0,,1014.0,,5,5,42181,Palam
2025-01-23 00:00:00,14.0,96,0.0,,270,7.6,,1014.6,,3,5,42181,Palam
2025-01-23 00:00:00,14.0,96,0.0,,270,7.6,,1014.6,,3,5,42181,Palam
2025-01-23 01:00:00,13.0,94,0.0,,250,5.4,,1014.0,,4,5,42181,Palam
2025-01-23 01:00:00,13.0,94,0.0,,250,5.4,,1014.0,,4,5,42181,Palam
2025-01-23 02:00:00,13.0,94,0.0,,220,5.4,,1015.0,,4,5,42181,Palam
2025-01-23 02:00:00,13.0,94,0.0,,220,5.4,,1015.0,,4,5,42181,Palam
2025-01-23 03:00:00,13.2,93,0.0,,250,5.4,,1016.6,,4,5,42181,Palam
2025-01-23 03:00:00,13.2,93,0.0,,250,5.4,,1016.6,,4,5,42181,Palam
2025-01-23 04:00:00,15.0,77,0.0,,250,9.4,,1017.0,,0,5,42181,Palam
2025-01-23 04:00:00,15.0,77,0.0,,250,9.4,,1017.0,,0,5,42181,Palam
2025-01-23 05:00:00,17.0,68,0.0,,260,7.6,,1017.0,,2,5,42181,Palam
2025-01-23 05:00:00,17.0,68,0.0,,260,7.6,,1017.0,,2,5,42181,Palam
2025-01-23 06:00:00,19.4,62,0.0,,270,9.4,,1017.4,,2,5,42181,Palam
2025-01-23 06:00:00,19.4,62,0.0,,270,9.4,,1017.4,,2,5,42181,Palam
2025-01-23 07:00:00,22.0,46,0.0,,290,16.6,,1017.0,,0,5,42181,Palam
2025-01-23 07:00:00,22.0,46,0.0,,290,16.6,,1017.0,,0,5,42181,Palam
2025-01-23 08:00:00,23.0,36,0.0,,300,16.6,,1016.0,,0,5,42181,Palam
2025-01-23 08:00:00,23.0,36,0.0,,300,16.6,,1016.0,,0,5,42181,Palam
2025-01-23 09:00:00,21.8,41,0.0,,290,16.6,,1015.2,,0,5,42181,Palam
2025-01-23 09:00:00,21.8,41,0.0,,290,16.6,,1015.2,,0,5,42181,Palam
2025-01-23 10:00:00,23.0,31,0.0,,300,17.0,,1015.0,,2,5,42181,Palam
2025-01-23 10:00:00,23.0,31,0.0,,300,17.0,,1015.0,,2,5,42181,Palam
2025-01-23 11:00:00,22.0,33,0.0,,300,16.6,,1015.0,,0,5,42181,Palam
2025-01-23 11:00:00,22.0,33,0.0,,300,16.6,,1015.0,,0,5,42181,Palam
2025-01-23 12:00:00,20.6,49,0.0,,290,11.2,,1014.8,,0,5,42181,Palam
2025-01-23 12:00:00,20.6,49,0.0,,290,11.2,,1014.8,,0,5,42181,Palam
2025-01-23 13:00:00,19.0,43,0.0,,290,9.4,,1015.0,,0,5,42181,Palam
2025-01-23 13:00:00,19.0,43,0.0,,290,9.4,,1015.0,,0,5,42181,Palam
2025-01-23 14:00:00,17.0,55,0.0,,270,11.2,,1016.0,,0,5,42181,Palam
2025-01-23 14:00:00,17.0,55,0.0,,270,11.2,,1016.0,,0,5,42181,Palam
2025-01-23 15:00:00,17.4,71,0.0,,270,11.2,,1016.7,,0,5,42181,Palam
2025-01-23 15:00:00,17.4,71,0.0,,270,11.2,,1016.7,,0,5,42181,Palam
2025-01-23 16:00:00,16.0,68,0.0,,260,7.6,,1017.0,,0,5,42181,Palam
2025-01-23 16:00:00,16.0,68,0.0,,260,7.6,,1017.0,,0,5,42181,Palam
2025-01-23 17:00:00,15.0,72,0.0,,250,7.6,,1017.0,,0,5,42181,Palam
2025-01-23 17:00:00,15.0,72,0.0,,250,7.6,,1017.0,,0,5,42181,Palam
2025-01-23 18:00:00,15.4,83,0.0,,250,9.4,,1017.1,,0,5,42181,Palam
2025-01-23 18:00:00,15.4,83,0.0,,250,9.4,,1017.1,,0,5,42181,Palam
2025-01-23 19:00:00,15.0,82,0.0,,270,5.4,,1016.0,,0,5,42181,Palam
2025-01-23 19:00:00,15.0,82,0.0,,270,5.4,,1016.0,,0,5,42181,Palam
2025-01-23 20:00:00,14.0,88,0.0,,230,5.4,,1015.0,,0,5,42181,Palam
2025-01-23 20:00:00,14.0,88,0.0,,230,5.4,,1015.0,,0,5,42181,Palam
2025-01-23 21:00:00,13.0,94,0.0,,250,6.0,,1015.0,,0,5,42181,Palam
2025-01-23 21:00:00,13.0,94,0.0,,250,6.0,,1015.0,,0,5,42181,Palam
2025-01-23 22:00:00,12.0,88,0.0,,240,5.4,,1015.0,,0,5,42181,Palam
2025-01-23 22:00:00,12.0,88,0.0,,240,5.4,,1015.0,,0,5,42181,Palam
2025-01-23 23:00:00,11.0,88,0.0,,230,5.4,,1014.0,,0,5,42181,Palam
2025-01-23 23:00:00,11.0,88,0.0,,230,5.4,,1014.0,,0,5,42181,Palam
2025-01-24 00:00:00,11.4,90,0.0,,230,5.4,,1015.8,,0,5,42181,Palam
2025-01-24 00:00:00,11.4,90,0.0,,230,5.4,,1015.8,,0,5,42181,Palam
2025-01-24 01:00:00,10.0,87,0.0,,240,7.6,,1015.0,,0,5,42181,Palam
2025-01-24 01:00:00,10.0,87,0.0,,240,7.6,,1015.0,,0,5,42181,Palam
2025-01-24 02:00:00,10.0,87,0.0,,250,5.4,,1016.0,,0,5,42181,Palam
2025-01-24 02:00:00,10.0,87,0.0,,250,5.4,,1016.0,,0,5,42181,Palam
2025-01-24 03:00:00,11.0,90,0.0,,250,9.4,,1018.0,,0,5,42181,Palam
2025-01-24 03:00:00,11.0,90,0.0,,250,9.4,,1018.0,,0,5,42181,Palam
2025-01-24 04:00:00,13.0,82,0.0,,250,13.0,,1018.0,,0,5,42181,Palam
2025-01-24 04:00:00,13.0,82,0.0,,250,13.0,,1018.0,,0,5,42181,Palam
2025-01-24 05:00:00,16.0,68,0.0,,250,13.0,,1018.0,,0,5,42181,Palam
2025-01-24 05:00:00,16.0,68,0.0,,250,13.0,,1018.0,,0,5,42181,Palam
2025-01-24 06:00:00,18.8,53,0.0,,270,14.8,,1017.9,,0,5,42181,Palam
2025-01-24 06:00:00,18.8,53,0.0,,270,14.8,,1017.9,,0,5,42181,Palam
2025-01-24 07:00:00,21.0,40,0.0,,260,14.8,,1017.0,,0,5,42181,Palam
2025-01-24 07:00:00,21.0,40,0.0,,260,14.8,,1017.0,,0,5,42181,Palam
2025-01-24 08:00:00,22.0,35,0.0,,260,18.4,,1016.0,,0,5,42181,Palam
2025-01-24 08:00:00,22.0,35,0.0,,260,18.4,,1016.0,,0,5,42181,Palam
2025-01-24 09:00:00,21.2,44,0.0,,270,18.4,,1015.7,,0,5,42181,Palam
2025-01-24 09:00:00,21.2,44,0.0,,270,18.4,,1015.7,,0,5,42181,Palam
2025-01-24 10:00:00,22.0,35,0.0,,280,18.4,,1015.0,,0,5,42181,Palam
2025-01-24 10:00:00,22.0,35,0.0,,280,18.4,,1015.0,,0,5,42181,Palam
2025-01-24 11:00:00,22.0,33,0.0,,270,18.4,,1015.0,,0,5,42181,Palam
2025-01-24 11:00:00,22.0,33,0.0,,270,18.4,,1015.0,,0,5,42181,Palam
2025-01-24 12:00:00,20.0,48,0.0,,270,14.8,,1015.0,,0,5,42181,Palam
2025-01-24 12:00:00,20.0,48,0.0,,270,14.8,,1015.0,,0,5,42181,Palam
2025-01-24 13:00:00,17.0,48,0.0,,260,9.4,,1015.0,,0,5,42181,Palam
2025-01-24 13:00:00,17.0,48,0.0,,260,9.4,,1015.0,,0,5,42181,Palam
2025-01-24 14:00:00,17.0,48,0.0,,260,7.6,,1015.0,,0,5,42181,Palam
2025-01-24 14:00:00,17.0,48,0.0,,260,7.6,,1015.0,,0,5,42181,Palam
2025-01-24 15:00:00,16.0,65,0.0,,270,9.4,,1016.2,,0,5,42181,Palam
2025-01-24 15:00:00,16.0,65,0.0,,270,9.4,,1016.2,,0,5,42181,Palam
2025-01-24 16:00:00,14.0,63,0.0,,250,5.4,,1016.0,,0,5,42181,Palam
2025-01-24 16:00:00,14.0,63,0.0,,250,5.4,,1016.0,,0,5,42181,Palam
2025-01-24 17:00:00,13.0,67,0.0,,240,5.4,,1016.0,,0,5,42181,Palam
2025-01-24 17:00:00,13.0,67,0.0,,240,5.4,,1016.0,,0,5,42181,Palam
2025-01-24 18:00:00,13.8,77,0.0,,250,7.6,,1016.5,,0,5,42181,Palam
2025-01-24 18:00:00,13.8,77,0.0,,250,7.6,,1016.5,,0,5,42181,Palam
2025-01-24 19:00:00,11.0,82,0.0,,240,7.6,,1015.0,,0,5,42181,Palam
2025-01-24 19:00:00,11.0,82,0.0,,240,7.6,,1015.0,,0,5,42181,Palam
2025-01-24 20:00:00,11.0,82,0.0,,250,7.6,,1015.0,,0,5,42181,Palam
2025-01-24 20:00:00,11.0,82,0.0,,250,7.6,,1015.0,,0,5,42181,Palam
2025-01-24 21:00:00,12.0,79,0.0,,250,7.6,,1015.5,,0,5,42181,Palam
2025-01-24 21:00:00,12.0,79,0.0,,250,7.6,,1015.5,,0,5,42181,Palam
2025-01-24 22:00:00,10.0,87,0.0,,240,5.4,,1014.0,,0,5,42181,Palam
2025-01-24 22:00:00,10.0,87,0.0,,240,5.4,,1014.0,,0,5,42181,Palam
2025-01-24 23:00:00,10.0,87,0.0,,230,7.6,,1014.0,,0,5,42181,Palam
2025-01-24 23:00:00,10.0,87,0.0,,230,7.6,,1014.0,,0,5,42181,Palam
2025-01-25 00:00:00,10.2,82,0.0,,250,7.6,,1015.6,,0,5,42181,Palam
2025-01-25 00:00:00,10.2,82,0.0,,250,7.6,,1015.6,,0,5,42181,Palam
2025-01-25 01:00:00,9.0,87,0.0,,240,5.4,,1015.0,,0,5,42181,Palam
2025-01-25 01:00:00,9.0,87,0.0,,240,5.4,,1015.0,,0,5,42181,Palam
2025-01-25 02:00:00,9.0,87,0.0,,260,5.4,,1015.0,,0,5,42181,Palam
2025-01-25 02:00:00,9.0,87,0.0,,260,5.4,,1015.0,,0,5,42181,Palam
2025-01-25 03:00:00,10.4,72,0.0,,250,9.4,,1017.4,,0,5,42181,Palam
2025-01-25 03:00:00,10.4,72,0.0,,250,9.4,,1017.4,,0,5,42181,Palam
2025-01-25 04:00:00,13.0,58,0.0,,240,11.2,,1017.0,,0,5,42181,Palam
2025-01-25 04:00:00,13.0,58,0.0,,240,11.2,,1017.0,,0,5,42181,Palam
2025-01-25 05:00:00,15.0,51,0.0,,250,13.0,,1018.0,,0,5,42181,Palam
2025-01-25 05:00:00,15.0,51,0.0,,250,13.0,,1018.0,,0,5,42181,Palam
2025-01-25 06:00:00,18.0,50,0.0,,270,13.0,,1017.7,,0,5,42181,Palam
2025-01-25 06:00:00,18.0,50,0.0,,270,13.0,,1017.7,,0,5,42181,Palam
2025-01-25 07:00:00,21.0,28,0.0,,280,16.6,,1016.0,,0,5,42181,Palam
2025-01-25 07:00:00,21.0,28,0.0,,280,16.6,,1016.0,,0,5,42181,Palam
2025-01-25 08:00:00,22.0,25,0.0,,280,18.4,,1015.0,,0,5,42181,Palam
2025-01-25 08:00:00,22.0,25,0.0,,280,18.4,,1015.0,,0,5,42181,Palam
2025-01-25 09:00:00,20.4,39,0.0,,270,18.4,,1014.9,,0,5,42181,Palam
2025-01-25 09:00:00,20.4,39,0.0,,270,18.4,,1014.9,,0,5,42181,Palam
2025-01-25 10:00:00,22.0,25,0.0,,280,18.4,,1014.0,,0,5,42181,Palam
2025-01-25 10:00:00,22.0,25,0.0,,280,18.4,,1014.0,,0,5,42181,Palam
2025-01-25 11:00:00,22.0,27,0.0,,270,20.5,,1014.0,,0,5,42181,Palam
2025-01-25 11:00:00,22.0,27,0.0,,270,20.5,,1014.0,,0,5,42181,Palam
2025-01-25 12:00:00,19.4,52,0.0,,270,11.2,,1014.4,,0,5,42181,Palam
2025-01-25 12:00:00,19.4,52,0.0,,270,11.2,,1014.4,,0,5,42181,Palam
2025-01-25 13:00:00,17.0,45,0.0,,260,7.6,,1014.0,,0,5,42181,Palam
2025-01-25 13:00:00,17.0,45,0.0,,260,7.6,,1014.0,,0,5,42181,Palam
2025-01-25 14:00:00,15.0,55,0.0,,240,5.4,,1015.0,,0,5,42181,Palam
2025-01-25 14:00:00,15.0,55,0.0,,240,5.4,,1015.0,,0,5,42181,Palam
2025-01-25 15:00:00,15.4,66,0.0,,230,3.6,,1015.8,,0,5,42181,Palam
2025-01-25 15:00:00,15.4,66,0.0,,230,3.6,,1015.8,,0,5,42181,Palam
2025-01-25 16:00:00,14.0,58,0.0,,242,3.6,,1015.0,,0,5,42181,Palam
2025-01-25 16:00:00,14.0,58,0.0,,242,3.6,,1015.0,,0,5,42181,Palam
2025-01-25 17:00:00,13.0,62,0.0,,0,0.0,,1015.0,,0,5,42181,Palam
2025-01-25 17:00:00,13.0,62,0.0,,0,0.0,,1015.0,,0,5,42181,Palam
2025-01-25 18:00:00,13.4,71,0.0,,0,0.0,,1016.1,,0,5,42181,Palam
2025-01-25 18:00:00,13.4,71,0.0,,0,0.0,,1016.1,,0,5,42181,Palam
2025-01-25 19:00:00,12.0,67,0.0,,0,0.0,,1015.0,,0,5,42181,Palam
2025-01-25 19:00:00,12.0,67,0.0,,0,0.0,,1015.0,,0,5,42181,Palam
2025-01-25 20:00:00,11.0,71,0.0,,0,0.0,,1015.0,,0,5,42181,Palam
2025-01-25 20:00:00,11.0,71,0.0,,0,0.0,,1015.0,,0,5,42181,Palam
2025-01-25 21:00:00,11.8,76,0.0,,0,0.0,,1015.6,,0,5,42181,Palam
2025-01-25 21:00:00,11.8,76,0.0,,0,0.0,,1015.6,,0,5,42181,Palam
2025-01-25 22:00:00,10.0,82,0.0,,263,3.6,,1014.0,,0,5,42181,Palam
2025-01-25 22:00:00,10.0,82,0.0,,263,3.6,,1014.0,,0,5,42181,Palam
2025-01-25 23:00:00,9.0,82,0.0,,255,3.6,,1014.0,,0,5,42181,Palam
2025-01-25 23:00:00,9.0,82,0.0,,255,3.6,,1014.0,,0,5,42181,Palam
2025-01-26 00:00:00,10.4,77,0.0,,250,3.6,,1015.4,,0,5,42181,Palam
2025-01-26 00:00:00,10.4,77,0.0,,250,3.6,,1015.4,,0,5,42181,Palam
2025-01-26 01:00:00,8.0,87,0.0,,240,3.6,,1015.0,,0,5,42181,Palam
2025-01-26 01:00:00,8.0,87,0.0,,240,3.6,,1015.0,,0,5,42181,Palam
2025-01-26 02:00:00,8.0,87,0.0,,220,5.4,,1015.0,,0,5,42181,Palam
2025-01-26 02:00:00,8.0,87,0.0,,220,5.4,,1015.0,,0,5,42181,Palam
2025-01-26 03:00:00,11.0,66,0.0,,250,5.4,,1017.6,,0,5,42181,Palam
2025-01-26 03:00:00,11.0,66,0.0,,250,5.4,,1017.6,,0,5,42181,Palam
2025-01-26 04:00:00,12.0,58,0.0,,260,9.4,,1017.0,,0,5,42181,Palam
2025-01-26 04:00:00,12.0,58,0.0,,260,9.4,,1017.0,,0,5,42181,Palam
2025-01-26 05:00:00,15.0,48,0.0,,250,9.4,,1018.0,,0,5,42181,Palam
2025-01-26 05:00:00,15.0,48,0.0,,250,9.4,,1018.0,,0,5,42181,Palam
2025-01-26 06:00:00,18.4,44,0.0,,250,13.0,,1017.8,,0,5,42181,Palam
2025-01-26 06:00:00,18.4,44,0.0,,250,13.0,,1017.8,,0,5,42181,Palam
2025-01-26 07:00:00,20.0,30,0.0,,290,16.6,,1017.0,,0,5,42181,Palam
2025-01-26 07:00:00,20.0,30,0.0,,290,16.6,,1017.0,,0,5,42181,Palam
2025-01-26 08:00:00,21.0,26,0.0,,300,16.6,,1015.0,,0,5,42181,Palam
2025-01-26 08:00:00,21.0,26,0.0,,300,16.6,,1015.0,,0,5,42181,Palam
2025-01-26 09:00:00,21.0,42,0.0,,270,11.2,,1014.6,,0,5,42181,Palam
2025-01-26 09:00:00,21.0,42,0.0,,270,11.2,,1014.6,,0,5,42181,Palam
2025-01-26 10:00:00,22.0,29,0.0,,290,11.2,,1013.0,,0,5,42181,Palam
2025-01-26 10:00:00,22.0,29,0.0,,290,11.2,,1013.0,,0,5,42181,Palam
2025-01-26 11:00:00,22.0,29,0.0,,280,11.2,,1013.0,,0,5,42181,Palam
2025-01-26 11:00:00,22.0,29,0.0,,280,11.2,,1013.0,,0,5,42181,Palam
2025-01-26 12:00:00,19.0,56,0.0,,250,9.4,,1013.5,,0,5,42181,Palam
2025-01-26 12:00:00,19.0,56,0.0,,250,9.4,,1013.5,,0,5,42181,Palam
2025-01-26 13:00:00,17.0,48,0.0,,250,7.6,,1013.0,,0,5,42181,Palam
2025-01-26 13:00:00,17.0,48,0.0,,250,7.6,,1013.0,,0,5,42181,Palam
2025-01-26 14:00:00,16.0,55,0.0,,250,5.4,,1014.0,,0,5,42181,Palam
2025-01-26 14:00:00,16.0,55,0.0,,250,5.4,,1014.0,,0,5,42181,Palam
2025-01-26 15:00:00,14.6,72,0.0,,0,0.0,,1012.3,,0,5,42181,Palam
2025-01-26 15:00:00,14.6,72,0.0,,0,0.0,,1012.3,,0,5,42181,Palam
2025-01-26 16:00:00,14.0,67,0.0,,0,0.0,,1015.0,,0,5,42181,Palam
2025-01-26 16:00:00,14.0,67,0.0,,0,0.0,,1015.0,,0,5,42181,Palam
2025-01-26 17:00:00,13.0,72,0.0,,0,0.0,,1015.0,,0,5,42181,Palam
2025-01-26 17:00:00,13.0,72,0.0,,0,0.0,,1015.0,,0,5,42181,Palam
2025-01-26 18:00:00,12.4,84,0.0,,0,0.0,,1015.9,,0,5,42181,Palam
2025-01-26 18:00:00,12.4,84,0.0,,0,0.0,,1015.9,,0,5,42181,Palam
2025-01-26 19:00:00,12.0,76,0.0,,0,0.0,,1014.0,,0,5,42181,Palam
2025-01-26 19:00:00,12.0,76,0.0,,0,0.0,,1014.0,,0,5,42181,Palam
2025-01-26 20:00:00,11.0,82,0.0,,0,0.0,,1014.0,,0,5,42181,Palam
2025-01-26 20:00:00,11.0,82,0.0,,0,0.0,,1014.0,,0,5,42181,Palam
2025-01-26 21:00:00,10.4,90,0.0,,0,0.0,,1014.1,,0,5,42181,Palam
2025-01-26 21:00:00,10.4,90,0.0,,0,0.0,,1014.1,,0,5,42181,Palam
2025-01-26 22:00:00,10.0,87,0.0,,0,0.0,,1014.0,,0,5,42181,Palam
2025-01-26 22:00:00,10.0,87,0.0,,0,0.0,,1014.0,,0,5,42181,Palam
2025-01-26 23:00:00,9.0,94,0.0,,0,0.0,,1013.0,,0,5,42181,Palam
2025-01-26 23:00:00,9.0,94,0.0,,0,0.0,,1013.0,,0,5,42181,Palam
2025-01-27 00:00:00,9.6,89,0.0,,0,0.0,,1014.7,,0,5,42181,Palam
2025-01-27 00:00:00,9.6,89,0.0,,0,0.0,,1014.7,,0,5,42181,Palam
2025-01-27 01:00:00,8.0,93,0.0,,0,0.0,,1014.0,,0,5,42181,Palam
2025-01-27 01:00:00,8.0,93,0.0,,0,0.0,,1014.0,,0,5,42181,Palam
2025-01-27 02:00:00,8.0,93,0.0,,240,5.4,,1014.0,,0,5,42181,Palam
2025-01-27 02:00:00,8.0,93,0.0,,240,5.4,,1014.0,,0,5,42181,Palam
2025-01-27 03:00:00,10.2,75,0.0,,270,5.4,,1016.3,,0,5,42181,Palam
2025-01-27 03:00:00,10.2,75,0.0,,270,5.4,,1016.3,,0,5,42181,Palam
2025-01-27 04:00:00,13.0,67,0.0,,260,9.4,,1016.0,,0,5,42181,Palam
2025-01-27 04:00:00,13.0,67,0.0,,260,9.4,,1016.0,,0,5,42181,Palam
2025-01-27 05:00:00,15.0,55,0.0,,260,9.4,,1016.0,,0,5,42181,Palam
2025-01-27 05:00:00,15.0,55,0.0,,260,9.4,,1016.0,,0,5,42181,Palam
2025-01-27 06:00:00,17.8,72,0.0,,270,9.4,,1016.6,,0,5,42181,Palam
2025-01-27 06:00:00,17.8,72,0.0,,270,9.4,,1016.6,,0,5,42181,Palam
2025-01-27 07:00:00,20.0,40,0.0,,290,11.2,,1015.0,,0,5,42181,Palam
2025-01-27 07:00:00,20.0,40,0.0,,290,11.2,,1015.0,,0,5,42181,Palam
2025-01-27 08:00:00,21.0,35,0.0,,290,13.0,,1014.0,,0,5,42181,Palam
2025-01-27 08:00:00,21.0,35,0.0,,290,13.0,,1014.0,,0,5,42181,Palam
2025-01-27 09:00:00,20.8,43,0.0,,270,13.0,,1012.8,,0,5,42181,Palam
2025-01-27 09:00:00,20.8,43,0.0,,270,13.0,,1012.8,,0,5,42181,Palam
2025-01-27 10:00:00,22.0,27,0.0,,310,16.6,,1012.0,,0,5,42181,Palam
2025-01-27 10:00:00,22.0,27,0.0,,310,16.6,,1012.0,,0,5,42181,Palam
2025-01-27 11:00:00,21.0,30,0.0,,300,14.8,,1011.0,,0,5,42181,Palam
2025-01-27 11:00:00,21.0,30,0.0,,300,14.8,,1011.0,,0,5,42181,Palam
2025-01-27 12:00:00,19.4,55,0.0,,270,11.2,,1011.5,,0,5,42181,Palam
2025-01-27 12:00:00,19.4,55,0.0,,270,11.2,,1011.5,,0,5,42181,Palam
2025-01-27 13:00:00,17.0,52,0.0,,240,9.4,,1012.0,,0,5,42181,Palam
2025-01-27 13:00:00,17.0,52,0.0,,240,9.4,,1012.0,,0,5,42181,Palam
2025-01-27 14:00:00,16.0,59,0.0,,250,9.4,,1012.0,,0,5,42181,Palam
2025-01-27 14:00:00,16.0,59,0.0,,250,9.4,,1012.0,,0,5,42181,Palam
2025-01-27 15:00:00,15.6,73,0.0,,270,5.4,,1013.2,,0,5,42181,Palam
2025-01-27 15:00:00,15.6,73,0.0,,270,5.4,,1013.2,,0,5,42181,Palam
2025-01-27 16:00:00,13.0,67,0.0,,240,5.4,,1013.0,,0,5,42181,Palam
2025-01-27 16:00:00,13.0,67,0.0,,240,5.4,,1013.0,,0,5,42181,Palam
2025-01-27 17:00:00,13.0,72,0.0,,220,3.6,,1013.0,,0,5,42181,Palam
2025-01-27 17:00:00,13.0,72,0.0,,220,3.6,,1013.0,,0,5,42181,Palam
2025-01-27 18:00:00,13.6,77,0.0,,250,5.4,,1013.8,,0,5,42181,Palam
2025-01-27 18:00:00,13.6,77,0.0,,250,5.4,,1013.8,,0,5,42181,Palam
2025-01-27 19:00:00,11.0,82,0.0,,240,3.6,,1012.0,,0,5,42181,Palam
2025-01-27 19:00:00,11.0,82,0.0,,240,3.6,,1012.0,,0,5,42181,Palam
2025-01-27 20:00:00,10.0,82,0.0,,240,3.6,,1012.0,,0,5,42181,Palam
2025-01-27 20:00:00,10.0,82,0.0,,240,3.6,,1012.0,,0,5,42181,Palam
2025-01-27 21:00:00,11.0,82,0.0,,250,5.4,,1012.4,,0,5,42181,Palam
2025-01-27 21:00:00,11.0,82,0.0,,250,5.4,,1012.4,,0,5,42181,Palam
2025-01-27 22:00:00,9.0,82,0.0,,0,0.0,,1012.0,,0,5,42181,Palam
2025-01-27 22:00:00,9.0,82,0.0,,0,0.0,,1012.0,,0,5,42181,Palam
2025-01-27 23:00:00,9.0,82,0.0,,0,0.0,,1012.0,,0,5,42181,Palam
2025-01-27 23:00:00,9.0,82,0.0,,0,0.0,,1012.0,,0,5,42181,Palam
2025-01-28 00:00:00,9.4,87,0.0,,0,0.0,,1013.4,,0,5,42181,Palam
2025-01-28 00:00:00,9.4,87,0.0,,0,0.0,,1013.4,,0,5,42181,Palam
2025-01-28 01:00:00,9.0,76,0.0,,230,5.4,,1013.0,,0,5,42181,Palam
2025-01-28 01:00:00,9.0,76,0.0,,230,5.4,,1013.0,,0,5,42181,Palam
2025-01-28 02:00:00,9.0,76,0.0,,0,0.0,,1014.0,,0,5,42181,Palam
2025-01-28 02:00:00,9.0,76,0.0,,0,0.0,,1014.0,,0,5,42181,Palam
2025-01-28 03:00:00,10.0,79,0.0,,230,5.4,,1016.1,,0,5,42181,Palam
2025-01-28 03:00:00,10.0,79,0.0,,230,5.4,,1016.1,,0,5,42181,Palam
2025-01-28 04:00:00,13.0,72,0.0,,240,7.6,,1015.0,,0,5,42181,Palam
2025-01-28 04:00:00,13.0,72,0.0,,240,7.6,,1015.0,,0,5,42181,Palam
2025-01-28 05:00:00,16.0,55,0.0,,240,7.6,,1016.0,,0,5,42181,Palam
2025-01-28 05:00:00,16.0,55,0.0,,240,7.6,,1016.0,,0,5,42181,Palam
2025-01-28 06:00:00,18.0,53,0.0,,250,5.4,,1015.8,,0,5,42181,Palam
2025-01-28 06:00:00,18.0,53,0.0,,250,5.4,,1015.8,,0,5,42181,Palam
2025-01-28 07:00:00,21.0,38,0.0,,290,5.4,,1014.0,,0,5,42181,Palam
2025-01-28 07:00:00,21.0,38,0.0,,290,5.4,,1014.0,,0,5,42181,Palam
2025-01-28 08:00:00,22.0,31,0.0,,300,7.6,,1013.0,,0,5,42181,Palam
2025-01-28 08:00:00,22.0,31,0.0,,300,7.6,,1013.0,,0,5,42181,Palam
2025-01-28 09:00:00,22.0,39,0.0,,290,9.4,,1012.9,,0,5,42181,Palam
2025-01-28 09:00:00,22.0,39,0.0,,290,9.4,,1012.9,,0,5,42181,Palam
2025-01-28 10:00:00,23.0,31,0.0,,270,11.2,,1012.0,,0,5,42181,Palam
2025-01-28 10:00:00,23.0,31,0.0,,270,11.2,,1012.0,,0,5,42181,Palam
2025-01-28 11:00:00,23.0,31,0.0,,270,9.4,,1012.0,,0,5,42181,Palam
2025-01-28 11:00:00,23.0,31,0.0,,270,9.4,,1012.0,,0,5,42181,Palam
2025-01-28 12:00:00,19.8,59,0.0,,250,7.6,,1011.9,,0,5,42181,Palam
2025-01-28 12:00:00,19.8,59,0.0,,250,7.6,,1011.9,,0,5,42181,Palam
2025-01-28 13:00:00,18.0,52,0.0,,250,5.4,,1012.0,,0,5,42181,Palam
2025-01-28 13:00:00,18.0,52,0.0,,250,5.4,,1012.0,,0,5,42181,Palam
2025-01-28 14:00:00,18.0,56,0.0,,0,0.0,,1013.0,,0,5,42181,Palam
2025-01-28 14:00:00,18.0,56,0.0,,0,0.0,,1013.0,,0,5,42181,Palam
2025-01-28 15:00:00,15.4,79,0.0,,0,0.0,,1013.8,,0,5,42181,Palam
2025-01-28 15:00:00,15.4,79,0.0,,0,0.0,,1013.8,,0,5,42181,Palam
2025-01-28 16:00:00,14.0,72,0.0,,109,3.6,,1014.0,,0,5,42181,Palam
2025-01-28 16:00:00,14.0,72,0.0,,109,3.6,,1014.0,,0,5,42181,Palam
2025-01-28 17:00:00,12.0,82,0.0,,0,0.0,,1014.0,,0,5,42181,Palam
2025-01-28 17:00:00,12.0,82,0.0,,0,0.0,,1014.0,,0,5,42181,Palam
2025-01-28 18:00:00,13.8,77,0.0,,0,0.0,,1015.1,,0,5,42181,Palam
2025-01-28 18:00:00,13.8,77,0.0,,0,0.0,,1015.1,,0,5,42181,Palam
2025-01-28 19:00:00,11.0,88,0.0,,80,5.4,,1014.0,,0,5,42181,Palam
2025-01-28 19:00:00,11.0,88,0.0,,80,5.4,,1014.0,,0,5,42181,Palam
2025-01-28 20:00:00,11.0,88,0.0,,60,5.4,,1014.0,,0,5,42181,Palam
2025-01-28 20:00:00,11.0,88,0.0,,60,5.4,,1014.0,,0,5,42181,Palam
2025-01-28 21:00:00,11.6,92,0.0,,0,0.0,,1015.3,,0,5,42181,Palam
2025-01-28 21:00:00,11.6,92,0.0,,0,0.0,,1015.3,,0,5,42181,Palam
2025-01-28 22:00:00,10.0,94,0.0,,79,3.6,,1014.0,,0,5,42181,Palam
2025-01-28 22:00:00,10.0,94,0.0,,79,3.6,,1014.0,,0,5,42181,Palam
2025-01-28 23:00:00,10.0,94,0.0,,79,3.6,,1014.0,,0,5,42181,Palam
2025-01-28 23:00:00,10.0,94,0.0,,79,3.6,,1014.0,,0,5,42181,Palam
2025-01-29 00:00:00,10.8,95,0.0,,79,3.6,,1015.4,,2,5,42181,Palam
2025-01-29 00:00:00,10.8,95,0.0,,79,3.6,,1015.4,,2,5,42181,Palam
2025-01-29 01:00:00,9.0,94,0.0,,86,3.6,,1015.0,,1,5,42181,Palam
2025-01-29 01:00:00,9.0,94,0.0,,86,3.6,,1015.0,,1,5,42181,Palam
2025-01-29 02:00:00,10.0,94,0.0,,93,3.6,,1015.0,,2,5,42181,Palam
2025-01-29 02:00:00,10.0,94,0.0,,93,3.6,,1015.0,,2,5,42181,Palam
2025-01-29 03:00:00,11.8,92,0.0,,100,3.6,,1017.4,,1,5,42181,Palam
2025-01-29 03:00:00,11.8,92,0.0,,100,3.6,,1017.4,,1,5,42181,Palam
2025-01-29 04:00:00,16.0,77,0.0,,110,9.4,,1017.0,,1,5,42181,Palam
2025-01-29 04:00:00,16.0,77,0.0,,110,9.4,,1017.0,,1,5,42181,Palam
2025-01-29 05:00:00,19.0,56,0.0,,120,11.2,,1017.0,,0,5,42181,Palam
2025-01-29 05:00:00,19.0,56,0.0,,120,11.2,,1017.0,,0,5,42181,Palam
2025-01-29 06:00:00,21.8,50,0.0,,140,14.8,,1017.0,,0,5,42181,Palam
2025-01-29 06:00:00,21.8,50,0.0,,140,14.8,,1017.0,,0,5,42181,Palam
2025-01-29 07:00:00,23.0,33,0.0,,120,14.8,,1016.0,,0,5,42181,Palam
2025-01-29 07:00:00,23.0,33,0.0,,120,14.8,,1016.0,,0,5,42181,Palam
2025-01-29 08:00:00,23.0,36,0.0,,110,11.2,,1015.0,,0,5,42181,Palam
2025-01-29 08:00:00,23.0,36,0.0,,110,11.2,,1015.0,,0,5,42181,Palam
2025-01-29 09:00:00,23.4,45,0.0,,140,11.2,,1013.9,,0,5,42181,Palam
2025-01-29 09:00:00,23.4,45,0.0,,140,11.2,,1013.9,,0,5,42181,Palam
2025-01-29 10:00:00,24.0,31,0.0,,110,13.0,,1013.0,,0,5,42181,Palam
2025-01-29 10:00:00,24.0,31,0.0,,110,13.0,,1013.0,,0,5,42181,Palam
2025-01-29 11:00:00,23.0,38,0.0,,120,13.0,,1013.0,,0,5,42181,Palam
2025-01-29 11:00:00,23.0,38,0.0,,120,13.0,,1013.0,,0,5,42181,Palam
2025-01-29 12:00:00,21.0,60,0.0,,90,11.2,,1012.9,,1,5,42181,Palam
2025-01-29 12:00:00,21.0,60,0.0,,90,11.2,,1012.9,,1,5,42181,Palam
2025-01-29 13:00:00,19.0,60,0.0,,90,7.6,,1013.0,,0,5,42181,Palam
2025-01-29 13:00:00,19.0,60,0.0,,90,7.6,,1013.0,,0,5,42181,Palam
2025-01-29 14:00:00,17.0,68,0.0,,90,7.6,,1013.0,,0,5,42181,Palam
2025-01-29 14:00:00,17.0,68,0.0,,90,7.6,,1013.0,,0,5,42181,Palam
2025-01-29 15:00:00,17.8,82,0.0,,90,7.6,,1014.0,,0,5,42181,Palam
2025-01-29 15:00:00,17.8,82,0.0,,90,7.6,,1014.0,,0,5,42181,Palam
2025-01-29 16:00:00,15.0,82,0.0,,90,7.6,,1015.0,,0,5,42181,Palam
2025-01-29 16:00:00,15.0,82,0.0,,90,7.6,,1015.0,,0,5,42181,Palam
2025-01-29 17:00:00,15.0,82,0.0,,90,5.4,,1014.0,,0,5,42181,Palam
2025-01-29 17:00:00,15.0,82,0.0,,90,5.4,,1014.0,,0,5,42181,Palam
2025-01-29 18:00:00,16.0,89,0.0,,90,7.6,,1014.6,,0,5,42181,Palam
2025-01-29 18:00:00,16.0,89,0.0,,90,7.6,,1014.6,,0,5,42181,Palam
2025-01-29 19:00:00,14.0,88,0.0,,80,7.6,,1013.0,,0,5,42181,Palam
2025-01-29 19:00:00,14.0,88,0.0,,80,7.6,,1013.0,,0,5,42181,Palam
2025-01-29 20:00:00,13.0,94,0.0,,80,7.6,,1013.0,,0,5,42181,Palam
2025-01-29 20:00:00,13.0,94,0.0,,80,7.6,,1013.0,,0,5,42181,Palam
2025-01-29 21:00:00,15.0,89,0.0,,70,5.4,,1013.3,,0,5,42181,Palam
2025-01-29 21:00:00,15.0,89,0.0,,70,5.4,,1013.3,,0,5,42181,Palam
2025-01-29 22:00:00,12.0,94,0.0,,120,5.4,,1012.0,,0,5,42181,Palam
2025-01-29 22:00:00,12.0,94,0.0,,120,5.4,,1012.0,,0,5,42181,Palam
2025-01-29 23:00:00,12.0,100,0.0,,80,5.4,,1012.0,,0,5,42181,Palam
2025-01-29 23:00:00,12.0,100,0.0,,80,5.4,,1012.0,,0,5,42181,Palam
2025-01-30 00:00:00,13.6,93,0.0,,90,5.4,,1012.3,,0,5,42181,Palam
2025-01-30 00:00:00,13.6,93,0.0,,90,5.4,,1012.3,,0,5,42181,Palam
2025-01-30 01:00:00,12.0,94,0.0,,90,5.4,,1012.0,,0,5,42181,Palam
2025-01-30 01:00:00,12.0,94,0.0,,90,5.4,,1012.0,,0,5,42181,Palam
2025-01-30 02:00:00,12.0,94,0.0,,80,5.4,,1012.0,,0,5,42181,Palam
2025-01-30 02:00:00,12.0,94,0.0,,80,5.4,,1012.0,,0,5,42181,Palam
2025-01-30 03:00:00,13.8,91,0.0,,90,9.4,,1013.9,,0,5,42181,Palam
2025-01-30 03:00:00,13.8,91,0.0,,90,9.4,,1013.9,,0,5,42181,Palam
2025-01-30 04:00:00,16.0,88,0.0,,100,11.2,,1013.0,,0,5,42181,Palam
2025-01-30 04:00:00,16.0,88,0.0,,100,11.2,,1013.0,,0,5,42181,Palam
2025-01-30 05:00:00,18.0,73,0.0,,120,13.0,,1014.0,,0,5,42181,Palam
2025-01-30 05:00:00,18.0,73,0.0,,120,13.0,,1014.0,,0,5,42181,Palam
2025-01-30 06:00:00,21.0,60,0.0,,110,11.2,,1013.3,,0,5,42181,Palam
2025-01-30 06:00:00,21.0,60,0.0,,110,11.2,,1013.3,,0,5,42181,Palam
2025-01-30 07:00:00,23.0,44,0.0,,140,9.4,,1012.0,,0,5,42181,Palam
2025-01-30 07:00:00,23.0,44,0.0,,140,9.4,,1012.0,,0,5,42181,Palam
2025-01-30 08:00:00,23.0,41,0.0,,130,11.2,,1011.0,,0,5,42181,Palam
2025-01-30 08:00:00,23.0,41,0.0,,130,11.2,,1011.0,,0,5,42181,Palam
2025-01-30 09:00:00,23.8,54,0.0,,140,13.0,,1009.6,,0,5,42181,Palam
2025-01-30 09:00:00,23.8,54,0.0,,140,13.0,,1009.6,,0,5,42181,Palam
2025-01-30 10:00:00,25.0,41,0.0,,120,13.0,,1009.0,,0,5,42181,Palam
2025-01-30 10:00:00,25.0,41,0.0,,120,13.0,,1009.0,,0,5,42181,Palam
2025-01-30 11:00:00,23.0,50,0.0,,130,9.4,,1009.0,,0,5,42181,Palam
2025-01-30 11:00:00,23.0,50,0.0,,130,9.4,,1009.0,,0,5,42181,Palam
2025-01-30 12:00:00,22.0,68,0.0,,140,7.6,,1008.8,,0,5,42181,Palam
2025-01-30 12:00:00,22.0,68,0.0,,140,7.6,,1008.8,,0,5,42181,Palam
2025-01-30 13:00:00,20.0,64,0.0,,140,7.6,,1009.0,,0,5,42181,Palam
2025-01-30 13:00:00,20.0,64,0.0,,140,7.6,,1009.0,,0,5,42181,Palam
2025-01-30 14:00:00,19.0,73,0.0,,130,7.6,,1010.0,,0,5,42181,Palam
2025-01-30 14:00:00,19.0,73,0.0,,130,7.6,,1010.0,,0,5,42181,Palam
2025-01-30 15:00:00,18.6,84,0.0,,110,5.4,,1009.3,,0,5,42181,Palam
2025-01-30 15:00:00,18.6,84,0.0,,110,5.4,,1009.3,,0,5,42181,Palam
2025-01-30 16:00:00,18.0,83,0.0,,130,5.4,,1010.0,,0,5,42181,Palam
2025-01-30 16:00:00,18.0,83,0.0,,130,5.4,,1010.0,,0,5,42181,Palam
2025-01-30 17:00:00,17.0,88,0.0,,0,0.0,,1011.0,,0,5,42181,Palam
2025-01-30 17:00:00,17.0,88,0.0,,0,0.0,,1011.0,,0,5,42181,Palam
2025-01-30 18:00:00,16.4,94,0.0,,0,0.0,,1011.3,,0,5,42181,Palam
2025-01-30 18:00:00,16.4,94,0.0,,0,0.0,,1011.3,,0,5,42181,Palam
2025-01-30 19:00:00,15.0,94,0.0,,128,3.6,,1010.0,,0,5,42181,Palam
2025-01-30 19:00:00,15.0,94,0.0,,128,3.6,,1010.0,,0,5,42181,Palam
2025-01-30 20:00:00,14.0,94,0.0,,90,3.6,,1010.0,,0,5,42181,Palam
2025-01-30 20:00:00,14.0,94,0.0,,90,3.6,,1010.0,,0,5,42181,Palam
2025-01-30 21:00:00,15.0,93,0.0,,0,0.0,,1010.6,,0,5,42181,Palam
2025-01-30 21:00:00,15.0,93,0.0,,0,0.0,,1010.6,,0,5,42181,Palam
2025-01-30 22:00:00,13.0,100,0.0,,100,5.4,,1010.0,,0,5,42181,Palam
2025-01-30 22:00:00,13.0,100,0.0,,100,5.4,,1010.0,,0,5,42181,Palam
2025-01-30 23:00:00,13.0,100,0.0,,110,7.6,,1009.0,,0,5,42181,Palam
2025-01-30 23:00:00,13.0,100,0.0,,110,7.6,,1009.0,,0,5,42181,Palam
2025-01-31 00:00:00,13.8,97,0.0,,0,0.0,,1010.2,,0,5,42181,Palam
2025-01-31 00:00:00,13.8,97,0.0,,0,0.0,,1010.2,,0,5,42181,Palam
2025-01-31 01:00:00,13.0,100,0.0,,130,5.4,,1010.0,,0,5,42181,Palam
2025-01-31 01:00:00,13.0,100,0.0,,130,5.4,,1010.0,,0,5,42181,Palam
2025-01-31 02:00:00,13.0,94,0.0,,106,3.6,,1011.0,,0,5,42181,Palam
2025-01-31 02:00:00,13.0,94,0.0,,106,3.6,,1011.0,,0,5,42181,Palam
2025-01-31 03:00:00,13.8,97,0.0,,113,3.6,,1012.8,,3,5,42181,Palam
2025-01-31 03:00:00,13.8,97,0.0,,113,3.6,,1012.8,,3,5,42181,Palam
2025-01-31 04:00:00,16.0,88,0.0,,230,5.4,,1013.0,,2,5,42181,Palam
2025-01-31 04:00:00,16.0,88,0.0,,230,5.4,,1013.0,,2,5,42181,Palam
2025-01-31 05:00:00,18.0,83,0.0,,230,5.4,,1013.0,,0,5,42181,Palam
2025-01-31 05:00:00,18.0,83,0.0,,230,5.4,,1013.0,,0,5,42181,Palam
2025-01-31 06:00:00,20.4,71,0.0,,164,3.6,,1012.9,,0,5,42181,Palam
2025-01-31 06:00:00,20.4,71,0.0,,164,3.6,,1012.9,,0,5,42181,Palam
2025-01-31 07:00:00,22.0,60,0.0,,250,5.4,,1012.0,,0,5,42181,Palam
2025-01-31 07:00:00,22.0,60,0.0,,250,5.4,,1012.0,,0,5,42181,Palam
2025-01-31 08:00:00,23.0,53,0.0,,270,7.6,,1012.0,,0,5,42181,Palam
2025-01-31 08:00:00,23.0,53,0.0,,270,7.6,,1012.0,,0,5,42181,Palam
2025-01-31 09:00:00,23.2,59,0.0,,270,9.4,,1010.7,,0,5,42181,Palam
2025-01-31 09:00:00,23.2,59,0.0,,270,9.4,,1010.7,,0,5,42181,Palam
2025-01-31 10:00:00,24.0,50,0.0,,250,7.6,,1010.0,,0,5,42181,Palam
2025-01-31 10:00:00,24.0,50,0.0,,250,7.6,,1010.0,,0,5,42181,Palam
2025-01-31 11:00:00,23.0,53,0.0,,280,7.6,,1010.0,,0,5,42181,Palam
2025-01-31 11:00:00,23.0,53,0.0,,280,7.6,,1010.0,,0,5,42181,Palam
2025-01-31 12:00:00,21.8,77,0.0,,290,5.4,,1010.0,,0,5,42181,Palam
2025-01-31 12:00:00,21.8,77,0.0,,290,5.4,,1010.0,,0,5,42181,Palam
2025-01-31 13:00:00,20.0,78,0.0,,300,3.6,,1011.0,,0,5,42181,Palam
2025-01-31 13:00:00,20.0,78,0.0,,300,3.6,,1011.0,,0,5,42181,Palam
2025-01-31 14:00:00,19.0,83,0.0,,310,5.4,,1011.0,,0,5,42181,Palam
2025-01-31 14:00:00,19.0,83,0.0,,310,5.4,,1011.0,,0,5,42181,Palam
2025-01-31 15:00:00,18.2,90,0.0,,320,5.4,,1012.2,,0,5,42181,Palam
2025-01-31 15:00:00,18.2,90,0.0,,320,5.4,,1012.2,,0,5,42181,Palam
2025-01-31 16:00:00,17.0,88,0.0,,330,5.4,,1013.0,,0,5,42181,Palam
2025-01-31 16:00:00,17.0,88,0.0,,330,5.4,,1013.0,,0,5,42181,Palam
2025-01-31 17:00:00,17.0,88,0.0,,337,3.6,,1013.0,,0,5,42181,Palam
2025-01-31 17:00:00,17.0,88,0.0,,337,3.6,,1013.0,,0,5,42181,Palam
2025-01-31 18:00:00,16.6,98,0.0,,0,0.0,,1013.4,,0,5,42181,Palam
2025-01-31 18:00:00,16.6,98,0.0,,0,0.0,,1013.4,,0,5,42181,Palam
2025-01-31 19:00:00,16.0,94,0.0,,0,0.0,,1013.0,,0,5,42181,Palam
2025-01-31 19:00:00,16.0,94,0.0,,0,0.0,,1013.0,,0,5,42181,Palam
2025-01-31 20:00:00,13.0,100,0.0,,0,0.0,,1012.0,,0,5,42181,Palam
2025-01-31 20:00:00,13.0,100,0.0,,0,0.0,,1012.0,,0,5,42181,Palam
2025-01-31 21:00:00,13.0,100,0.0,,330,4.0,,1012.0,,3,5,42181,Palam
2025-01-31 21:00:00,13.0,100,0.0,,330,4.0,,1012.0,,3,5,42181,Palam
2025-01-31 22:00:00,12.0,100,0.0,,240,5.4,,1012.0,,7,5,42181,Palam
2025-01-31 22:00:00,12.0,100,0.0,,240,5.4,,1012.0,,7,5,42181,Palam
2025-01-31 23:00:00,11.0,100,0.0,,240,5.4,,1012.0,,6,5,42181,Palam
2025-01-31 23:00:00,11.0,100,0.0,,240,5.4,,1012.0,,6,5,42181,Palam
2025-02-01 00:00:00,12.4,97,0.0,,0,0.0,,1012.8,,5,5,42181,Palam
2025-02-01 00:00:00,12.4,97,0.0,,0,0.0,,1012.8,,5,5,42181,Palam
2025-01-01 00:00:00,10.4,92,0.0,,268,3.6,,1019.2,,2,5,42182,Safdarjung
2025-01-01 00:00:00,10.4,92,0.0,,268,3.6,,1019.2,,2,5,42182,Safdarjung
2025-01-01 01:00:00,8.4,94,0.0,,261,3.7,,1019.5,,6,5,42182,Safdarjung
2025-01-01 01:00:00,8.4,94,0.0,,261,3.7,,1019.5,,6,5,42182,Safdarjung
2025-01-01 02:00:00,8.8,92,0.0,,257,5.5,,1019.7,,6,5,42182,Safdarjung
2025-01-01 02:00:00,8.8,92,0.0,,257,5.5,,1019.7,,6,5,42182,Safdarjung
2025-01-01 03:00:00,10.0,87,0.0,,270,5.4,,1020.2,,2,5,42182,Safdarjung
2025-01-01 03:00:00,10.0,87,0.0,,270,5.4,,1020.2,,2,5,42182,Safdarjung
2025-01-01 04:00:00,10.9,83,0.0,,272,5.5,,1020.2,,2,5,42182,Safdarjung
2025-01-01 04:00:00,10.9,83,0.0,,272,5.5,,1020.2,,2,5,42182,Safdarjung
2025-01-01 05:00:00,11.7,80,0.0,,274,7.4,,1020.3,,2,5,42182,Safdarjung
2025-01-01 05:00:00,11.7,80,0.0,,274,7.4,,1020.3,,2,5,42182,Safdarjung
2025-01-01 06:00:00,13.0,73,0.0,,270,3.6,,1020.9,,2,5,42182,Safdarjung
2025-01-01 06:00:00,13.0,73,0.0,,270,3.6,,1020.9,,2,5,42182,Safdarjung
2025-01-01 07:00:00,14.0,70,0.0,,277,9.3,,1019.2,,2,5,42182,Safdarjung
2025-01-01 07:00:00,14.0,70,0.0,,277,9.3,,1019.2,,2,5,42182,Safdarjung
2025-01-01 08:00:00,15.5,64,0.0,,278,9.3,,1018.2,,2,5,42182,Safdarjung
2025-01-01 08:00:00,15.5,64,0.0,,278,9.3,,1018.2,,2,5,42182,Safdarjung
2025-01-01 09:00:00,14.8,70,0.0,,270,5.4,,1017.9,,3,5,42182,Safdarjung
2025-01-01 09:00:00,14.8,70,0.0,,270,5.4,,1017.9,,3,5,42182,Safdarjung
2025-01-01 10:00:00,14.7,72,0.0,,269,5.5,,1017.5,,3,5,42182,Safdarjung
2025-01-01 10:00:00,14.7,72,0.0,,269,5.5,,1017.5,,3,5,42182,Safdarjung
2025-01-01 11:00:00,14.5,73,0.0,,267,5.5,,1017.2,,3,5,42182,Safdarjung
2025-01-01 11:00:00,14.5,73,0.0,,267,5.5,,1017.2,,3,5,42182,Safdarjung
2025-01-01 12:00:00,13.0,84,0.0,,250,7.6,,1017.8,,2,5,42182,Safdarjung
2025-01-01 12:00:00,13.0,84,0.0,,250,7.6,,1017.8,,2,5,42182,Safdarjung
2025-01-01 13:00:00,13.4,80,0.0,,264,5.5,,1017.5,,2,5,42182,Safdarjung
2025-01-01 13:00:00,13.4,80,0.0,,264,5.5,,1017.5,,2,5,42182,Safdarjung
2025-01-01 14:00:00,12.4,86,0.0,,263,3.7,,1018.2,,2,5,42182,Safdarjung
2025-01-01 14:00:00,12.4,86,0.0,,263,3.7,,1018.2,,2,5,42182,Safdarjung
2025-01-01 15:00:00,10.2,95,0.0,,0,0.0,,1019.6,,2,5,42182,Safdarjung
2025-01-01 15:00:00,10.2,95,0.0,,0,0.0,,1019.6,,2,5,42182,Safdarjung
2025-01-01 16:00:00,10.7,94,0.0,,260,1.8,,1019.2,,0,5,42182,Safdarjung
2025-01-01 16:00:00,10.7,94,0.0,,260,1.8,,1019.2,,0,5,42182,Safdarjung
2025-01-01 17:00:00,10.3,96,0.0,,262,1.8,,1019.2,,1,5,42182,Safdarjung
2025-01-01 17:00:00,10.3,96,0.0,,262,1.8,,1019.2,,1,5,42182,Safdarjung
2025-01-01 18:00:00,8.4,100,0.0,,0,0.0,,1019.6,,1,5,42182,Safdarjung
2025-01-01 18:00:00,8.4,100,0.0,,0,0.0,,1019.6,,1,5,42182,Safdarjung
2025-01-01 19:00:00,9.7,97,0.0,,266,1.8,,1018.9,,1,5,42182,Safdarjung
2025-01-01 19:00:00,9.7,97,0.0,,266,1.8,,1018.9,,1,5,42182,Safdarjung
2025-01-01 20:00:00,9.3,99,0.0,,269,3.7,,1018.5,,2,5,42182,Safdarjung
2025-01-01 20:00:00,9.3,99,0.0,,269,3.7,,1018.5,,2,5,42182,Safdarjung
2025-01-01 21:00:00,10.0,95,0.0,,0,0.0,,1017.9,,2,5,42182,Safdarjung
2025-01-01 21:00:00,10.0,95,0.0,,0,0.0,,1017.9,,2,5,42182,Safdarjung
2025-01-01 22:00:00,9.3,98,0.0,,267,1.8,,1017.8,,2,5,42182,Safdarjung
2025-01-01 22:00:00,9.3,98,0.0,,267,1.8,,1017.8,,2,5,42182,Safdarjung
2025-01-01 23:00:00,8.8,100,0.0,,267,1.8,,1017.6,,2,5,42182,Safdarjung
2025-01-01 23:00:00,8.8,100,0.0,,267,1.8,,1017.6,,2,5,42182,Safdarjung
2025-01-02 00:00:00,10.0,95,0.0,,250,7.6,,1017.5,,2,5,42182,Safdarjung
2025-01-02 00:00:00,10.0,95,0.0,,250,7.6,,1017.5,,2,5,42182,Safdarjung
2025-01-02 01:00:00,8.6,100,0.0,,258,5.5,,1018.1,,3,5,42182,Safdarjung
2025-01-02 01:00:00,8.6,100,0.0,,258,5.5,,1018.1,,3,5,42182,Safdarjung
2025-01-02 02:00:00,9.0,98,0.0,,252,5.5,,1018.6,,3,5,42182,Safdarjung
2025-01-02 02:00:00,9.0,98,0.0,,252,5.5,,1018.6,,3,5,42182,Safdarjung
2025-01-02 03:00:00,9.0,100,0.0,,250,5.4,,1019.5,,4,5,42182,Safdarjung
2025-01-02 03:00:00,9.0,100,0.0,,250,5.4,,1019.5,,4,5,42182,Safdarjung
2025-01-02 04:00:00,10.7,90,0.0,,258,5.5,,1019.6,,7,5,42182,Safdarjung
2025-01-02 04:00:00,10.7,90,0.0,,258,5.5,,1019.6,,7,5,42182,Safdarjung
2025-01-02 05:00:00,12.5,81,0.0,,266,7.4,,1019.7,,5,5,42182,Safdarjung
2025-01-02 05:00:00,12.5,81,0.0,,266,7.4,,1019.7,,5,5,42182,Safdarjung
2025-01-02 06:00:00,12.6,81,0.0,,250,7.6,,1020.8,,4,5,42182,Safdarjung
2025-01-02 06:00:00,12.6,81,0.0,,250,7.6,,1020.8,,4,5,42182,Safdarjung
2025-01-02 07:00:00,15.6,68,0.0,,282,7.4,,1018.8,,4,5,42182,Safdarjung
2025-01-02 07:00:00,15.6,68,0.0,,282,7.4,,1018.8,,4,5,42182,Safdarjung
2025-01-02 08:00:00,17.0,63,0.0,,289,9.3,,1017.8,,4,5,42182,Safdarjung
2025-01-02 08:00:00,17.0,63,0.0,,289,9.3,,1017.8,,4,5,42182,Safdarjung
2025-01-02 09:00:00,15.6,69,0.0,,250,7.6,,1017.9,,3,5,42182,Safdarjung
2025-01-02 09:00:00,15.6,69,0.0,,250,7.6,,1017.9,,3,5,42182,Safdarjung
2025-01-02 10:00:00,15.5,71,0.0,,248,7.4,,1017.5,,3,5,42182,Safdarjung
2025-01-02 10:00:00,15.5,71,0.0,,248,7.4,,1017.5,,3,5,42182,Safdarjung
2025-01-02 11:00:00,15.4,73,0.0,,246,7.4,,1017.1,,4,5,42182,Safdarjung
2025-01-02 11:00:00,15.4,73,0.0,,246,7.4,,1017.1,,4,5,42182,Safdarjung
2025-01-02 12:00:00,13.8,80,0.0,,0,0.0,,1017.3,,2,5,42182,Safdarjung
2025-01-02 12:00:00,13.8,80,0.0,,0,0.0,,1017.3,,2,5,42182,Safdarjung
2025-01-02 13:00:00,14.2,81,0.0,,243,5.5,,1017.3,,4,5,42182,Safdarjung
2025-01-02 13:00:00,14.2,81,0.0,,243,5.5,,1017.3,,4,5,42182,Safdarjung
2025-01-02 14:00:00,13.1,87,0.0,,242,1.8,,1017.9,,3,5,42182,Safdarjung
2025-01-02 14:00:00,13.1,87,0.0,,242,1.8,,1017.9,,3,5,42182,Safdarjung
2025-01-02 15:00:00,10.8,92,0.0,,0,0.0,,1018.9,,3,5,42182,Safdarjung
2025-01-02 15:00:00,10.8,92,0.0,,0,0.0,,1018.9,,3,5,42182,Safdarjung
2025-01-02 16:00:00,10.5,94,0.0,,243,0.0,,1018.9,,3,5,42182,Safdarjung
2025-01-02 16:00:00,10.5,94,0.0,,243,0.0,,1018.9,,3,5,42182,Safdarjung
2025-01-02 17:00:00,10.2,95,0.0,,227,0.0,,1019.0,,3,5,42182,Safdarjung
2025-01-02 17:00:00,10.2,95,0.0,,227,0.0,,1019.0,,3,5,42182,Safdarjung
2025-01-02 18:00:00,9.6,100,0.0,,0,0.0,,1019.0,,3,5,42182,Safdarjung
2025-01-02 18:00:00,9.6,100,0.0,,0,0.0,,1019.0,,3,5,42182,Safdarjung
2025-01-02 19:00:00,9.5,98,0.0,,264,0.0,,1018.8,,3,5,42182,Safdarjung
2025-01-02 19:00:00,9.5,98,0.0,,264,0.0,,1018.8,,3,5,42182,Safdarjung
2025-01-02 20:00:00,9.1,100,0.0,,266,0.0,,1018.6,,3,5,42182,Safdarjung
2025-01-02 20:00:00,9.1,100,0.0,,266,0.0,,1018.6,,3,5,42182,Safdarjung
2025-01-02 21:00:00,9.6,100,0.0,,0,0.0,,1018.2,,3,5,42182,Safdarjung
2025-01-02 21:00:00,9.6,100,0.0,,0,0.0,,1018.2,,3,5,42182,Safdarjung
2025-01-02 22:00:00,8.7,100,0.0,,270,0.0,,1018.2,,3,5,42182,Safdarjung
2025-01-02 22:00:00,8.7,100,0.0,,270,0.0,,1018.2,,3,5,42182,Safdarjung
2025-01-02 23:00:00,8.7,100,0.0,,256,0.0,,1018.1,,3,5,42182,Safdarjung
2025-01-02 23:00:00,8.7,100,0.0,,256,0.0,,1018.1,,3,5,42182,Safdarjung
2025-01-03 00:00:00,9.6,100,0.0,,0,0.0,,1018.4,,3,5,42182,Safdarjung
2025-01-03 00:00:00,9.6,100,0.0,,0,0.0,,1018.4,,3,5,42182,Safdarjung
2025-01-03 01:00:00,8.6,100,0.0,,236,1.8,,1018.7,,4,5,42182,Safdarjung
2025-01-03 01:00:00,8.6,100,0.0,,236,1.8,,1018.7,,4,5,42182,Safdarjung
2025-01-03 02:00:00,8.7,100,0.0,,222,1.8,,1019.3,,4,5,42182,Safdarjung
2025-01-03 02:00:00,8.7,100,0.0,,222,1.8,,1019.3,,4,5,42182,Safdarjung
2025-01-03 03:00:00,9.8,100,0.0,,0,0.0,,1020.2,,4,5,42182,Safdarjung
2025-01-03 03:00:00,9.8,100,0.0,,0,0.0,,1020.2,,4,5,42182,Safdarjung
2025-01-03 04:00:00,11.6,91,0.0,,235,1.8,,1020.1,,7,5,42182,Safdarjung
2025-01-03 04:00:00,11.6,91,0.0,,235,1.8,,1020.1,,7,5,42182,Safdarjung
2025-01-03 05:00:00,13.5,81,0.0,,235,1.8,,1020.1,,5,5,42182,Safdarjung
2025-01-03 05:00:00,13.5,81,0.0,,235,1.8,,1020.1,,5,5,42182,Safdarjung
2025-01-03 06:00:00,12.6,93,0.0,,0,0.0,,1020.6,,4,5,42182,Safdarjung
2025-01-03 06:00:00,12.6,93,0.0,,0,0.0,,1020.6,,4,5,42182,Safdarjung
2025-01-03 07:00:00,16.9,66,0.0,,259,3.7,,1018.8,,4,5,42182,Safdarjung
2025-01-03 07:00:00,16.9,66,0.0,,259,3.7,,1018.8,,4,5,42182,Safdarjung
2025-01-03 08:00:00,18.5,59,0.0,,268,3.7,,1017.7,,4,5,42182,Safdarjung
2025-01-03 08:00:00,18.5,59,0.0,,268,3.7,,1017.7,,4,5,42182,Safdarjung
2025-01-03 09:00:00,20.0,61,0.0,,273,3.6,,1017.1,,2,5,42182,Safdarjung
2025-01-03 09:00:00,20.0,61,0.0,,273,3.6,,1017.1,,2,5,42182,Safdarjung
2025-01-03 10:00:00,19.2,65,0.0,,216,3.7,,1016.6,,2,5,42182,Safdarjung
2025-01-03 10:00:00,19.2,65,0.0,,216,3.7,,1016.6,,2,5,42182,Safdarjung
2025-01-03 11:00:00,18.5,69,0.0,,216,1.8,,1016.1,,2,5,42182,Safdarjung
2025-01-03 11:00:00,18.5,69,0.0,,216,1.8,,1016.1,,2,5,42182,Safdarjung
2025-01-03 12:00:00,17.8,74,0.0,,0,0.0,,1016.4,,3,5,42182,Safdarjung
2025-01-03 12:00:00,17.8,74,0.0,,0,0.0,,1016.4,,3,5,42182,Safdarjung
2025-01-03 13:00:00,15.9,80,0.0,,213,1.8,,1016.2,,2,5,42182,Safdarjung
2025-01-03 13:00:00,15.9,80,0.0,,213,1.8,,1016.2,,2,5,42182,Safdarjung
2025-01-03 14:00:00,14.0,88,0.0,,203,1.8,,1016.7,,2,5,42182,Safdarjung
2025-01-03 14:00:00,14.0,88,0.0,,203,1.8,,1016.7,,2,5,42182,Safdarjung
2025-01-03 15:00:00,11.6,92,0.0,,0,0.0,,1017.3,,2,5,42182,Safdarjung
2025-01-03 15:00:00,11.6,92,0.0,,0,0.0,,1017.3,,2,5,42182,Safdarjung
2025-01-03 16:00:00,11.2,94,0.0,,253,0.0,,1017.3,,0,5,42182,Safdarjung
2025-01-03 16:00:00,11.2,94,0.0,,253,0.0,,1017.3,,0,5,42182,Safdarjung
2025-01-03 17:00:00,10.8,95,0.0,,244,0.0,,1017.4,,0,5,42182,Safdarjung
2025-01-03 17:00:00,10.8,95,0.0,,244,0.0,,1017.4,,0,5,42182,Safdarjung
2025-01-03 18:00:00,9.2,100,0.0,,0,0.0,,1017.1,,1,5,42182,Safdarjung
2025-01-03 18:00:00,9.2,100,0.0,,0,0.0,,1017.1,,1,5,42182,Safdarjung
2025-01-03 19:00:00,9.9,99,0.0,,239,0.0,,1017.2,,1,5,42182,Safdarjung
2025-01-03 19:00:00,9.9,99,0.0,,239,0.0,,1017.2,,1,5,42182,Safdarjung
2025-01-03 20:00:00,9.5,100,0.0,,243,0.0,,1017.0,,1,5,42182,Safdarjung
2025-01-03 20:00:00,9.5,100,0.0,,243,0.0,,1017.0,,1,5,42182,Safdarjung
2025-01-03 21:00:00,10.0,100,0.0,,0,0.0,,1016.3,,1,5,42182,Safdarjung
2025-01-03 21:00:00,10.0,100,0.0,,0,0.0,,1016.3,,1,5,42182,Safdarjung
2025-01-03 22:00:00,9.5,100,0.0,,324,0.0,,1016.2,,7,5,42182,Safdarjung
2025-01-03 22:00:00,9.5,100,0.0,,324,0.0,,1016.2,,7,5,42182,Safdarjung
2025-01-03 23:00:00,9.0,100,0.0,,330,0.0,,1016.2,,7,5,42182,Safdarjung
2025-01-03 23:00:00,9.0,100,0.0,,330,0.0,,1016.2,,7,5,42182,Safdarjung
2025-01-04 00:00:00,10.2,100,0.0,,0,0.0,,1016.1,,6,5,42182,Safdarjung
2025-01-04 00:00:00,10.2,100,0.0,,0,0.0,,1016.1,,6,5,42182,Safdarjung
2025-01-04 01:00:00,8.8,100,0.0,,116,1.8,,1016.6,,6,5,42182,Safdarjung
2025-01-04 01:00:00,8.8,100,0.0,,116,1.8,,1016.6,,6,5,42182,Safdarjung
2025-01-04 02:00:00,9.1,100,0.0,,115,1.8,,1017.0,,5,5,42182,Safdarjung
2025-01-04 02:00:00,9.1,100,0.0,,115,1.8,,1017.0,,5,5,42182,Safdarjung
2025-01-04 03:00:00,11.0,100,0.0,,0,0.0,,1017.9,,5,5,42182,Safdarjung
2025-01-04 03:00:00,11.0,100,0.0,,0,0.0,,1017.9,,5,5,42182,Safdarjung
2025-01-04 04:00:00,12.4,93,0.0,,110,1.8,,1018.0,,7,5,42182,Safdarjung
2025-01-04 04:00:00,12.4,93,0.0,,110,1.8,,1018.0,,7,5,42182,Safdarjung
2025-01-04 05:00:00,13.7,87,0.0,,110,1.8,,1018.1,,5,5,42182,Safdarjung
2025-01-04 05:00:00,13.7,87,0.0,,110,1.8,,1018.1,,5,5,42182,Safdarjung
2025-01-04 06:00:00,13.6,91,0.0,,110,3.6,,1018.3,,4,5,42182,Safdarjung
2025-01-04 06:00:00,13.6,91,0.0,,110,3.6,,1018.3,,4,5,42182,Safdarjung
2025-01-04 07:00:00,17.1,72,0.0,,114,3.7,,1016.9,,3,5,42182,Safdarjung
2025-01-04 07:00:00,17.1,72,0.0,,114,3.7,,1016.9,,3,5,42182,Safdarjung
2025-01-04 08:00:00,19.1,64,0.0,,119,3.7,,1015.7,,3,5,42182,Safdarjung
2025-01-04 08:00:00,19.1,64,0.0,,119,3.7,,1015.7,,3,5,42182,Safdarjung
2025-01-04 09:00:00,19.2,70,0.0,,0,0.0,,1015.0,,2,5,42182,Safdarjung
2025-01-04 09:00:00,19.2,70,0.0,,0,0.0,,1015.0,,2,5,42182,Safdarjung
2025-01-04 10:00:00,18.6,73,0.0,,138,1.8,,1014.5,,2,5,42182,Safdarjung
2025-01-04 10:00:00,18.6,73,0.0,,138,1.8,,1014.5,,2,5,42182,Safdarjung
2025-01-04 11:00:00,18.1,76,0.0,,138,1.8,,1014.0,,2,5,42182,Safdarjung
2025-01-04 11:00:00,18.1,76,0.0,,138,1.8,,1014.0,,2,5,42182,Safdarjung
2025-01-04 12:00:00,16.8,86,0.0,,0,0.0,,1014.2,,2,5,42182,Safdarjung
2025-01-04 12:00:00,16.8,86,0.0,,0,0.0,,1014.2,,2,5,42182,Safdarjung
2025-01-04 13:00:00,16.1,85,0.0,,134,3.7,,1014.2,,2,5,42182,Safdarjung
2025-01-04 13:00:00,16.1,85,0.0,,134,3.7,,1014.2,,2,5,42182,Safdarjung
2025-01-04 14:00:00,14.7,90,0.0,,126,1.8,,1014.9,,2,5,42182,Safdarjung
2025-01-04 14:00:00,14.7,90,0.0,,126,1.8,,1014.9,,2,5,42182,Safdarjung
2025-01-04 15:00:00,12.0,95,0.0,,105,3.6,,1016.4,,2,5,42182,Safdarjung
2025-01-04 15:00:00,12.0,95,0.0,,105,3.6,,1016.4,,2,5,42182,Safdarjung
2025-01-04 16:00:00,11.8,96,0.0,,133,3.7,,1016.5,,7,5,42182,Safdarjung
2025-01-04 16:00:00,11.8,96,0.0,,133,3.7,,1016.5,,7,5,42182,Safdarjung
2025-01-04 17:00:00,11.7,96,0.0,,133,1.8,,1016.6,,7,5,42182,Safdarjung
2025-01-04 17:00:00,11.7,96,0.0,,133,1.8,,1016.6,,7,5,42182,Safdarjung
2025-01-04 18:00:00,11.2,97,0.0,,90,5.4,,1016.6,,6,5,42182,Safdarjung
2025-01-04 18:00:00,11.2,97,0.0,,90,5.4,,1016.6,,6,5,42182,Safdarjung
2025-01-04 19:00:00,11.1,98,0.0,,135,1.8,,1016.5,,6,5,42182,Safdarjung
2025-01-04 19:00:00,11.1,98,0.0,,135,1.8,,1016.5,,6,5,42182,Safdarjung
2025-01-04 20:00:00,10.7,99,0.0,,138,1.8,,1016.3,,6,5,42182,Safdarjung
2025-01-04 20:00:00,10.7,99,0.0,,138,1.8,,1016.3,,6,5,42182,Safdarjung
2025-01-04 21:00:00,10.4,100,0.0,,142,3.6,,1016.4,,6,5,42182,Safdarjung
2025-01-04 21:00:00,10.4,100,0.0,,142,3.6,,1016.4,,6,5,42182,Safdarjung
2025-01-04 22:00:00,10.4,100,0.0,,144,3.7,,1016.2,,8,5,42182,Safdarjung
2025-01-04 22:00:00,10.4,100,0.0,,144,3.7,,1016.2,,8,5,42182,Safdarjung
2025-01-04 23:00:00,10.5,99,0.0,,144,3.7,,1016.0,,8,5,42182,Safdarjung
2025-01-04 23:00:00,10.5,99,0.0,,144,3.7,,1016.0,,8,5,42182,Safdarjung
2025-01-05 00:00:00,10.0,100,0.0,,144,3.6,,1016.2,,8,5,42182,Safdarjung
2025-01-05 00:00:00,10.0,100,0.0,,144,3.6,,1016.2,,8,5,42182,Safdarjung
2025-01-05 01:00:00,10.7,98,0.0,,131,3.7,,1016.2,,7,5,42182,Safdarjung
2025-01-05 01:00:00,10.7,98,0.0,,131,3.7,,1016.2,,7,5,42182,Safdarjung
2025-01-05 02:00:00,10.9,97,0.0,,123,3.7,,1016.7,,7,5,42182,Safdarjung
2025-01-05 02:00:00,10.9,97,0.0,,123,3.7,,1016.7,,7,5,42182,Safdarjung
2025-01-05 03:00:00,10.2,95,0.0,,90,5.4,,1017.5,,7,5,42182,Safdarjung
2025-01-05 03:00:00,10.2,95,0.0,,90,5.4,,1017.5,,7,5,42182,Safdarjung
2025-01-05 04:00:00,11.4,92,0.0,,98,5.5,,1017.7,,7,5,42182,Safdarjung
2025-01-05 04:00:00,11.4,92,0.0,,98,5.5,,1017.7,,7,5,42182,Safdarjung
2025-01-05 05:00:00,12.7,89,0.0,,106,7.4,,1018.0,,6,5,42182,Safdarjung
2025-01-05 05:00:00,12.7,89,0.0,,106,7.4,,1018.0,,6,5,42182,Safdarjung
2025-01-05 06:00:00,13.0,79,0.0,,90,7.6,,1017.9,,4,5,42182,Safdarjung
2025-01-05 06:00:00,13.0,79,0.0,,90,7.6,,1017.9,,4,5,42182,Safdarjung
2025-01-05 07:00:00,15.3,82,0.0,,110,7.4,,1017.1,,4,5,42182,Safdarjung
2025-01-05 07:00:00,15.3,82,0.0,,110,7.4,,1017.1,,4,5,42182,Safdarjung
2025-01-05 08:00:00,16.7,77,0.0,,108,7.4,,1015.9,,3,5,42182,Safdarjung
2025-01-05 08:00:00,16.7,77,0.0,,108,7.4,,1015.9,,3,5,42182,Safdarjung
2025-01-05 09:00:00,17.2,68,0.0,,0,0.0,,1015.1,,3,5,42182,Safdarjung
2025-01-05 09:00:00,17.2,68,0.0,,0,0.0,,1015.1,,3,5,42182,Safdarjung
2025-01-05 10:00:00,17.6,77,0.0,,108,7.4,,1014.5,,3,5,42182,Safdarjung
2025-01-05 10:00:00,17.6,77,0.0,,108,7.4,,1014.5,,3,5,42182,Safdarjung
2025-01-05 11:00:00,17.0,83,0.0,,111,5.5,,1014.2,,3,5,42182,Safdarjung
2025-01-05 11:00:00,17.0,83,0.0,,111,5.5,,1014.2,,3,5,42182,Safdarjung
2025-01-05 12:00:00,15.4,83,0.0,,110,3.6,,1014.5,,3,5,42182,Safdarjung
2025-01-05 12:00:00,15.4,83,0.0,,110,3.6,,1014.5,,3,5,42182,Safdarjung
2025-01-05 13:00:00,15.7,90,0.0,,109,3.7,,1014.6,,3,5,42182,Safdarjung
2025-01-05 13:00:00,15.7,90,0.0,,109,3.7,,1014.6,,3,5,42182,Safdarjung
2025-01-05 14:00:00,14.9,93,0.0,,100,1.8,,1015.3,,3,5,42182,Safdarjung
2025-01-05 14:00:00,14.9,93,0.0,,100,1.8,,1015.3,,3,5,42182,Safdarjung
2025-01-05 15:00:00,12.2,93,0.0,,0,0.0,,1016.3,,3,5,42182,Safdarjung
2025-01-05 15:00:00,12.2,93,0.0,,0,0.0,,1016.3,,3,5,42182,Safdarjung
2025-01-05 16:00:00,13.7,95,0.0,,84,1.8,,1016.2,,3,5,42182,Safdarjung
2025-01-05 16:00:00,13.7,95,0.0,,84,1.8,,1016.2,,3,5,42182,Safdarjung
2025-01-05 17:00:00,13.4,94,0.0,,79,1.8,,1016.6,,3,5,42182,Safdarjung
2025-01-05 17:00:00,13.4,94,0.0,,79,1.8,,1016.6,,3,5,42182,Safdarjung
2025-01-05 18:00:00,11.0,97,0.0,,0,0.0,,1017.2,,3,5,42182,Safdarjung
2025-01-05 18:00:00,11.0,97,0.0,,0,0.0,,1017.2,,3,5,42182,Safdarjung
2025-01-05 19:00:00,12.6,94,0.0,,77,1.8,,1016.7,,4,5,42182,Safdarjung
2025-01-05 19:00:00,12.6,94,0.0,,77,1.8,,1016.7,,4,5,42182,Safdarjung
2025-01-05 20:00:00,12.3,94,0.0,,85,1.8,,1016.4,,4,5,42182,Safdarjung
2025-01-05 20:00:00,12.3,94,0.0,,85,1.8,,1016.4,,4,5,42182,Safdarjung
2025-01-05 21:00:00,10.0,100,0.0,,0,0.0,,1016.0,,4,5,42182,Safdarjung
2025-01-05 21:00:00,10.0,100,0.0,,0,0.0,,1016.0,,4,5,42182,Safdarjung
2025-01-05 22:00:00,10.1,100,0.0,,57,0.0,,1016.0,,8,5,42182,Safdarjung
2025-01-05 22:00:00,10.1,100,0.0,,57,0.0,,1016.0,,8,5,42182,Safdarjung
2025-01-05 23:00:00,10.3,99,0.0,,14,1.8,,1015.9,,7,5,42182,Safdarjung
2025-01-05 23:00:00,10.3,99,0.0,,14,1.8,,1015.9,,7,5,42182,Safdarjung
2025-01-06 00:00:00,11.4,100,0.0,,14,3.6,,1015.8,,7,5,42182,Safdarjung
2025-01-06 00:00:00,11.4,100,0.0,,14,3.6,,1015.8,,7,5,42182,Safdarjung
2025-01-06 01:00:00,10.5,100,2.2,,4,1.8,,1016.5,,7,5,42182,Safdarjung
2025-01-06 01:00:00,10.5,100,2.2,,4,1.8,,1016.5,,7,5,42182,Safdarjung
2025-01-06 02:00:00,10.7,100,4.5,,342,1.8,,1017.0,,7,5,42182,Safdarjung
2025-01-06 02:00:00,10.7,100,4.5,,342,1.8,,1017.0,,7,5,42182,Safdarjung
2025-01-06 03:00:00,12.8,88,10.7,,0,0.0,,1018.4,,6,5,42182,Safdarjung
2025-01-06 03:00:00,12.8,88,10.7,,0,0.0,,1018.4,,6,5,42182,Safdarjung
2025-01-06 04:00:00,13.3,87,1.4,,167,1.8,,1018.5,,5,5,42182,Safdarjung
2025-01-06 04:00:00,13.3,87,1.4,,167,1.8,,1018.5,,5,5,42182,Safdarjung
2025-01-06 05:00:00,13.9,84,0.2,,167,1.8,,1018.6,,5,5,42182,Safdarjung
2025-01-06 05:00:00,13.9,84,0.2,,167,1.8,,1018.6,,5,5,42182,Safdarjung
2025-01-06 06:00:00,15.2,79,0.0,,250,3.6,,1018.9,,5,5,42182,Safdarjung
2025-01-06 06:00:00,15.2,79,0.0,,250,3.6,,1018.9,,5,5,42182,Safdarjung
2025-01-06 07:00:00,15.3,78,0.0,,316,3.7,,1017.9,,4,5,42182,Safdarjung
2025-01-06 07:00:00,15.3,78,0.0,,316,3.7,,1017.9,,4,5,42182,Safdarjung
2025-01-06 08:00:00,16.3,74,0.0,,323,5.5,,1017.0,,4,5,42182,Safdarjung
2025-01-06 08:00:00,16.3,74,0.0,,323,5.5,,1017.0,,4,5,42182,Safdarjung
2025-01-06 09:00:00,16.4,75,0.0,,270,7.6,,1016.6,,4,5,42182,Safdarjung
2025-01-06 09:00:00,16.4,75,0.0,,270,7.6,,1016.6,,4,5,42182,Safdarjung
2025-01-06 10:00:00,16.1,76,0.0,,272,7.4,,1016.4,,4,5,42182,Safdarjung
2025-01-06 10:00:00,16.1,76,0.0,,272,7.4,,1016.4,,4,5,42182,Safdarjung
2025-01-06 11:00:00,15.9,77,0.0,,276,7.4,,1016.1,,3,5,42182,Safdarjung
2025-01-06 11:00:00,15.9,77,0.0,,276,7.4,,1016.1,,3,5,42182,Safdarjung
2025-01-06 12:00:00,13.8,87,0.0,,270,5.4,,1016.4,,2,5,42182,Safdarjung
2025-01-06 12:00:00,13.8,87,0.0,,270,5.4,,1016.4,,2,5,42182,Safdarjung
2025-01-06 13:00:00,14.7,83,0.0,,283,5.5,,1016.5,,2,5,42182,Safdarjung
2025-01-06 13:00:00,14.7,83,0.0,,283,5.5,,1016.5,,2,5,42182,Safdarjung
2025-01-06 14:00:00,13.8,87,0.0,,288,5.5,,1017.2,,2,5,42182,Safdarjung
2025-01-06 14:00:00,13.8,87,0.0,,288,5.5,,1017.2,,2,5,42182,Safdarjung
2025-01-06 15:00:00,12.6,88,0.0,,270,5.4,,1017.9,,3,5,42182,Safdarjung
2025-01-06 15:00:00,12.6,88,0.0,,270,5.4,,1017.9,,3,5,42182,Safdarjung
2025-01-06 16:00:00,12.4,89,0.0,,272,5.5,,1018.1,,3,5,42182,Safdarjung
2025-01-06 16:00:00,12.4,89,0.0,,272,5.5,,1018.1,,3,5,42182,Safdarjung
2025-01-06 17:00:00,12.2,91,0.0,,273,5.5,,1018.3,,3,5,42182,Safdarjung
2025-01-06 17:00:00,12.2,91,0.0,,273,5.5,,1018.3,,3,5,42182,Safdarjung
2025-01-06 18:00:00,12.4,91,0.0,,290,5.4,,1017.9,,3,5,42182,Safdarjung
2025-01-06 18:00:00,12.4,91,0.0,,290,5.4,,1017.9,,3,5,42182,Safdarjung
2025-01-06 19:00:00,11.7,92,0.0,,272,5.5,,1018.3,,3,5,42182,Safdarjung
2025-01-06 19:00:00,11.7,92,0.0,,272,5.5,,1018.3,,3,5,42182,Safdarjung
2025-01-06 20:00:00,11.4,92,0.0,,270,7.4,,1018.1,,3,5,42182,Safdarjung
2025-01-06 20:00:00,11.4,92,0.0,,270,7.4,,1018.1,,3,5,42182,Safdarjung
2025-01-06 21:00:00,11.8,95,0.0,,270,7.6,,1018.0,,3,5,42182,Safdarjung
2025-01-06 21:00:00,11.8,95,0.0,,270,7.6,,1018.0,,3,5,42182,Safdarjung
2025-01-06 22:00:00,11.4,96,0.0,,269,7.4,,1017.8,,3,5,42182,Safdarjung
2025-01-06 22:00:00,11.4,96,0.0,,269,7.4,,1017.8,,3,5,42182,Safdarjung
2025-01-06 23:00:00,11.0,97,0.0,,268,9.3,,1017.6,,3,5,42182,Safdarjung
2025-01-06 23:00:00,11.0,97,0.0,,268,9.3,,1017.6,,3,5,42182,Safdarjung
2025-01-07 00:00:00,11.6,97,0.0,,270,5.4,,1018.0,,3,5,42182,Safdarjung
2025-01-07 00:00:00,11.6,97,0.0,,270,5.4,,1018.0,,3,5,42182,Safdarjung
2025-01-07 01:00:00,10.8,96,0.0,,266,9.3,,1017.9,,3,5,42182,Safdarjung
2025-01-07 01:00:00,10.8,96,0.0,,266,9.3,,1017.9,,3,5,42182,Safdarjung
2025-01-07 02:00:00,11.0,94,0.0,,264,11.1,,1018.5,,4,5,42182,Safdarjung
2025-01-07 02:00:00,11.0,94,0.0,,264,11.1,,1018.5,,4,5,42182,Safdarjung
2025-01-07 03:00:00,11.8,92,0.0,,263,3.6,,1019.9,,2,5,42182,Safdarjung
2025-01-07 03:00:00,11.8,92,0.0,,263,3.6,,1019.9,,2,5,42182,Safdarjung
2025-01-07 04:00:00,12.5,89,0.0,,286,5.5,,1019.9,,2,5,42182,Safdarjung
2025-01-07 04:00:00,12.5,89,0.0,,286,5.5,,1019.9,,2,5,42182,Safdarjung
2025-01-07 05:00:00,13.3,84,0.0,,286,9.3,,1019.9,,2,5,42182,Safdarjung
2025-01-07 05:00:00,13.3,84,0.0,,286,9.3,,1019.9,,2,5,42182,Safdarjung
2025-01-07 06:00:00,13.2,88,0.0,,286,3.6,,1020.1,,1,5,42182,Safdarjung
2025-01-07 06:00:00,13.2,88,0.0,,286,3.6,,1020.1,,1,5,42182,Safdarjung
2025-01-07 07:00:00,15.0,75,0.0,,286,11.1,,1018.8,,1,5,42182,Safdarjung
2025-01-07 07:00:00,15.0,75,0.0,,286,11.1,,1018.8,,1,5,42182,Safdarjung
2025-01-07 08:00:00,16.0,69,0.0,,285,11.1,,1017.6,,1,5,42182,Safdarjung
2025-01-07 08:00:00,16.0,69,0.0,,285,11.1,,1017.6,,1,5,42182,Safdarjung
2025-01-07 09:00:00,15.0,76,0.0,,270,7.6,,1017.1,,1,5,42182,Safdarjung
2025-01-07 09:00:00,15.0,76,0.0,,270,7.6,,1017.1,,1,5,42182,Safdarjung
2025-01-07 10:00:00,14.9,77,0.0,,269,7.4,,1016.7,,7,5,42182,Safdarjung
2025-01-07 10:00:00,14.9,77,0.0,,269,7.4,,1016.7,,7,5,42182,Safdarjung
2025-01-07 11:00:00,14.8,78,0.0,,269,7.4,,1016.3,,6,5,42182,Safdarjung
2025-01-07 11:00:00,14.8,78,0.0,,269,7.4,,1016.3,,6,5,42182,Safdarjung
2025-01-07 12:00:00,14.2,87,0.0,,0,0.0,,1016.3,,2,5,42182,Safdarjung
2025-01-07 12:00:00,14.2,87,0.0,,0,0.0,,1016.3,,2,5,42182,Safdarjung
2025-01-07 13:00:00,13.9,82,0.0,,267,7.4,,1016.3,,4,5,42182,Safdarjung
2025-01-07 13:00:00,13.9,82,0.0,,267,7.4,,1016.3,,4,5,42182,Safdarjung
2025-01-07 14:00:00,13.2,85,0.0,,267,7.4,,1016.7,,3,5,42182,Safdarjung
2025-01-07 14:00:00,13.2,85,0.0,,267,7.4,,1016.7,,3,5,42182,Safdarjung
2025-01-07 15:00:00,10.4,100,0.0,,0,0.0,,1017.7,,2,5,42182,Safdarjung
2025-01-07 15:00:00,10.4,100,0.0,,0,0.0,,1017.7,,2,5,42182,Safdarjung
2025-01-07 16:00:00,10.6,98,0.0,,269,0.0,,1017.6,,7,5,42182,Safdarjung
2025-01-07 16:00:00,10.6,98,0.0,,269,0.0,,1017.6,,7,5,42182,Safdarjung
2025-01-07 17:00:00,10.8,97,0.0,,264,1.8,,1017.5,,7,5,42182,Safdarjung
2025-01-07 17:00:00,10.8,97,0.0,,264,1.8,,1017.5,,7,5,42182,Safdarjung
2025-01-07 18:00:00,9.0,100,0.0,,0,0.0,,1017.2,,6,5,42182,Safdarjung
2025-01-07 18:00:00,9.0,100,0.0,,0,0.0,,1017.2,,6,5,42182,Safdarjung
2025-01-07 19:00:00,10.5,97,0.0,,268,1.8,,1017.0,,6,5,42182,Safdarjung
2025-01-07 19:00:00,10.5,97,0.0,,268,1.8,,1017.0,,6,5,42182,Safdarjung
2025-01-07 20:00:00,10.1,98,0.0,,271,3.7,,1016.6,,5,5,42182,Safdarjung
2025-01-07 20:00:00,10.1,98,0.0,,271,3.7,,1016.6,,5,5,42182,Safdarjung
2025-01-07 21:00:00,8.8,100,0.0,,0,0.0,,1015.4,,5,5,42182,Safdarjung
2025-01-07 21:00:00,8.8,100,0.0,,0,0.0,,1015.4,,5,5,42182,Safdarjung
2025-01-07 22:00:00,9.4,100,0.0,,265,3.7,,1016.1,,5,5,42182,Safdarjung
2025-01-07 22:00:00,9.4,100,0.0,,265,3.7,,1016.1,,5,5,42182,Safdarjung
2025-01-07 23:00:00,9.2,99,0.0,,264,3.7,,1015.6,,5,5,42182,Safdarjung
2025-01-07 23:00:00,9.2,99,0.0,,264,3.7,,1015.6,,5,5,42182,Safdarjung
2025-01-08 00:00:00,8.8,100,0.0,,263,3.6,,1015.1,,5,5,42182,Safdarjung
2025-01-08 00:00:00,8.8,100,0.0,,263,3.6,,1015.1,,5,5,42182,Safdarjung
2025-01-08 01:00:00,9.2,96,0.0,,257,7.4,,1015.7,,4,5,42182,Safdarjung
2025-01-08 01:00:00,9.2,96,0.0,,257,7.4,,1015.7,,4,5,42182,Safdarjung
2025-01-08 02:00:00,9.3,95,0.0,,252,7.4,,1016.1,,4,5,42182,Safdarjung
2025-01-08 02:00:00,9.3,95,0.0,,252,7.4,,1016.1,,4,5,42182,Safdarjung
2025-01-08 03:00:00,8.4,100,0.0,,250,5.4,,1016.9,,3,5,42182,Safdarjung
2025-01-08 03:00:00,8.4,100,0.0,,250,5.4,,1016.9,,3,5,42182,Safdarjung
2025-01-08 04:00:00,11.2,85,0.0,,258,11.1,,1016.9,,3,5,42182,Safdarjung
2025-01-08 04:00:00,11.2,85,0.0,,258,11.1,,1016.9,,3,5,42182,Safdarjung
2025-01-08 05:00:00,12.9,77,0.0,,264,11.1,,1017.1,,2,5,42182,Safdarjung
2025-01-08 05:00:00,12.9,77,0.0,,264,11.1,,1017.1,,2,5,42182,Safdarjung
2025-01-08 06:00:00,16.4,58,0.0,,250,9.4,,1016.9,,1,5,42182,Safdarjung
2025-01-08 06:00:00,16.4,58,0.0,,250,9.4,,1016.9,,1,5,42182,Safdarjung
2025-01-08 07:00:00,15.8,64,0.0,,272,13.0,,1016.5,,2,5,42182,Safdarjung
2025-01-08 07:00:00,15.8,64,0.0,,272,13.0,,1016.5,,2,5,42182,Safdarjung
2025-01-08 08:00:00,16.9,61,0.0,,275,13.0,,1015.6,,2,5,42182,Safdarjung
2025-01-08 08:00:00,16.9,61,0.0,,275,13.0,,1015.6,,2,5,42182,Safdarjung
2025-01-08 09:00:00,20.8,65,0.0,,290,7.6,,1014.5,,2,5,42182,Safdarjung
2025-01-08 09:00:00,20.8,65,0.0,,290,7.6,,1014.5,,2,5,42182,Safdarjung
2025-01-08 10:00:00,19.7,66,0.0,,288,7.4,,1014.5,,0,1,42182,Safdarjung
2025-01-08 10:00:00,19.7,66,0.0,,288,7.4,,1014.5,,0,1,42182,Safdarjung
2025-01-08 11:00:00,18.6,68,0.0,,285,5.5,,1014.4,,0,1,42182,Safdarjung
2025-01-08 11:00:00,18.6,68,0.0,,285,5.5,,1014.4,,0,1,42182,Safdarjung
2025-01-08 12:00:00,18.4,81,0.0,,0,0.0,,1014.5,,0,1,42182,Safdarjung
2025-01-08 12:00:00,18.4,81,0.0,,0,0.0,,1014.5,,0,1,42182,Safdarjung
2025-01-08 13:00:00,15.6,77,0.0,,275,3.7,,1015.1,,0,1,42182,Safdarjung
2025-01-08 13:00:00,15.6,77,0.0,,275,3.7,,1015.1,,0,1,42182,Safdarjung
2025-01-08 14:00:00,13.7,85,0.0,,254,1.8,,1015.8,,0,5,42182,Safdarjung
2025-01-08 14:00:00,13.7,85,0.0,,254,1.8,,1015.8,,0,5,42182,Safdarjung
2025-01-08 15:00:00,11.4,100,0.0,,0,0.0,,1016.3,,0,5,42182,Safdarjung
2025-01-08 15:00:00,11.4,100,0.0,,0,0.0,,1016.3,,0,5,42182,Safdarjung
2025-01-08 16:00:00,11.0,100,0.0,,204,0.0,,1016.6,,0,1,42182,Safdarjung
2025-01-08 16:00:00,11.0,100,0.0,,204,0.0,,1016.6,,0,1,42182,Safdarjung
2025-01-08 17:00:00,10.6,100,0.0,,227,0.0,,1017.0,,0,1,42182,Safdarjung
2025-01-08 17:00:00,10.6,100,0.0,,227,0.0,,1017.0,,0,1,42182,Safdarjung
2025-01-08 18:00:00,8.8,100,0.0,,0,0.0,,1017.2,,0,1,42182,Safdarjung
2025-01-08 18:00:00,8.8,100,0.0,,0,0.0,,1017.2,,0,1,42182,Safdarjung
2025-01-08 19:00:00,9.8,100,0.0,,163,0.0,,1017.2,,1,5,42182,Safdarjung
2025-01-08 19:00:00,9.8,100,0.0,,163,0.0,,1017.2,,1,5,42182,Safdarjung
2025-01-08 20:00:00,9.4,100,0.0,,242,0.0,,1017.1,,1,5,42182,Safdarjung
2025-01-08 20:00:00,9.4,100,0.0,,242,0.0,,1017.1,,1,5,42182,Safdarjung
2025-01-08 21:00:00,7.4,97,0.0,,0,0.0,,1017.2,,1,5,42182,Safdarjung
2025-01-08 21:00:00,7.4,97,0.0,,0,0.0,,1017.2,,1,5,42182,Safdarjung
2025-01-08 22:00:00,7.2,98,0.0,,240,0.0,,1017.2,,0,5,42182,Safdarjung
2025-01-08 22:00:00,7.2,98,0.0,,240,0.0,,1017.2,,0,5,42182,Safdarjung
2025-01-08 23:00:00,7.0,99,0.0,,202,0.0,,1017.2,,1,5,42182,Safdarjung
2025-01-08 23:00:00,7.0,99,0.0,,202,0.0,,1017.2,,1,5,42182,Safdarjung
2025-01-09 00:00:00,6.4,100,0.0,,0,0.0,,1017.1,,1,5,42182,Safdarjung
2025-01-09 00:00:00,6.4,100,0.0,,0,0.0,,1017.1,,1,5,42182,Safdarjung
2025-01-09 01:00:00,6.8,100,0.0,,161,1.8,,1018.0,,1,5,42182,Safdarjung
2025-01-09 01:00:00,6.8,100,0.0,,161,1.8,,1018.0,,1,5,42182,Safdarjung
2025-01-09 02:00:00,6.9,100,0.0,,135,1.8,,1018.7,,2,5,42182,Safdarjung
2025-01-09 02:00:00,6.9,100,0.0,,135,1.8,,1018.7,,2,5,42182,Safdarjung
2025-01-09 03:00:00,6.4,100,0.0,,0,0.0,,1019.4,,2,5,42182,Safdarjung
2025-01-09 03:00:00,6.4,100,0.0,,0,0.0,,1019.4,,2,5,42182,Safdarjung
2025-01-09 04:00:00,9.5,86,0.0,,133,1.8,,1019.5,,0,5,42182,Safdarjung
2025-01-09 04:00:00,9.5,86,0.0,,133,1.8,,1019.5,,0,5,42182,Safdarjung
2025-01-09 05:00:00,12.5,75,0.0,,133,1.8,,1019.6,,0,5,42182,Safdarjung
2025-01-09 05:00:00,12.5,75,0.0,,133,1.8,,1019.6,,0,5,42182,Safdarjung
2025-01-09 06:00:00,19.0,54,0.0,,0,0.0,,1019.7,,2,5,42182,Safdarjung
2025-01-09 06:00:00,19.0,54,0.0,,0,0.0,,1019.7,,2,5,42182,Safdarjung
2025-01-09 07:00:00,16.9,61,0.0,,128,3.7,,1018.9,,1,5,42182,Safdarjung
2025-01-09 07:00:00,16.9,61,0.0,,128,3.7,,1018.9,,1,5,42182,Safdarjung
2025-01-09 08:00:00,18.2,58,0.0,,122,3.7,,1018.0,,1,5,42182,Safdarjung
2025-01-09 08:00:00,18.2,58,0.0,,122,3.7,,1018.0,,1,5,42182,Safdarjung
2025-01-09 09:00:00,20.0,78,0.0,,50,3.6,,1017.4,,3,5,42182,Safdarjung
2025-01-09 09:00:00,20.0,78,0.0,,50,3.6,,1017.4,,3,5,42182,Safdarjung
2025-01-09 10:00:00,19.3,79,0.0,,45,3.7,,1017.2,,3,5,42182,Safdarjung
2025-01-09 10:00:00,19.3,79,0.0,,45,3.7,,1017.2,,3,5,42182,Safdarjung
2025-01-09 11:00:00,18.5,80,0.0,,34,3.7,,1017.1,,2,5,42182,Safdarjung
2025-01-09 11:00:00,18.5,80,0.0,,34,3.7,,1017.1,,2,5,42182,Safdarjung
2025-01-09 12:00:00,17.0,87,0.0,,0,0.0,,1017.3,,2,5,42182,Safdarjung
2025-01-09 12:00:00,17.0,87,0.0,,0,0.0,,1017.3,,2,5,42182,Safdarjung
2025-01-09 13:00:00,15.8,87,0.0,,3,1.8,,1017.7,,2,5,42182,Safdarjung
2025-01-09 13:00:00,15.8,87,0.0,,3,1.8,,1017.7,,2,5,42182,Safdarjung
2025-01-09 14:00:00,13.7,93,0.0,,46,1.8,,1018.5,,2,5,42182,Safdarjung
2025-01-09 14:00:00,13.7,93,0.0,,46,1.8,,1018.5,,2,5,42182,Safdarjung
2025-01-09 15:00:00,10.6,97,0.0,,0,0.0,,1019.7,,1,5,42182,Safdarjung
2025-01-09 15:00:00,10.6,97,0.0,,0,0.0,,1019.7,,1,5,42182,Safdarjung
2025-01-09 16:00:00,10.2,99,0.0,,250,0.0,,1022.2,,0,5,42182,Safdarjung
2025-01-09 16:00:00,10.2,99,0.0,,250,0.0,,1022.2,,0,5,42182,Safdarjung
2025-01-09 17:00:00,9.8,100,0.0,,295,0.0,,1021.7,,0,5,42182,Safdarjung
2025-01-09 17:00:00,9.8,100,0.0,,295,0.0,,1021.7,,0,5,42182,Safdarjung
2025-01-09 18:00:00,9.6,97,0.0,,0,0.0,,1020.4,,0,5,42182,Safdarjung
2025-01-09 18:00:00,9.6,97,0.0,,0,0.0,,1020.4,,0,5,42182,Safdarjung
2025-01-09 19:00:00,9.1,100,0.0,,303,0.0,,1020.9,,0,5,42182,Safdarjung
2025-01-09 19:00:00,9.1,100,0.0,,303,0.0,,1020.9,,0,5,42182,Safdarjung
2025-01-09 20:00:00,8.7,100,0.0,,281,0.0,,1020.6,,1,5,42182,Safdarjung
2025-01-09 20:00:00,8.7,100,0.0,,281,0.0,,1020.6,,1,5,42182,Safdarjung
2025-01-09 21:00:00,8.3,100,0.0,,262,0.0,,1020.3,,1,5,42182,Safdarjung
2025-01-09 21:00:00,8.3,100,0.0,,262,0.0,,1020.3,,1,5,42182,Safdarjung
2025-01-09 22:00:00,8.1,100,0.0,,266,0.0,,1019.9,,1,5,42182,Safdarjung
2025-01-09 22:00:00,8.1,100,0.0,,266,0.0,,1019.9,,1,5,42182,Safdarjung
2025-01-09 23:00:00,7.8,100,0.0,,233,0.0,,1020.0,,1,5,42182,Safdarjung
2025-01-09 23:00:00,7.8,100,0.0,,233,0.0,,1020.0,,1,5,42182,Safdarjung
2025-01-10 00:00:00,9.6,100,0.0,,0,0.0,,1020.1,,2,5,42182,Safdarjung
2025-01-10 00:00:00,9.6,100,0.0,,0,0.0,,1020.1,,2,5,42182,Safdarjung
2025-01-10 01:00:00,7.6,100,0.0,,160,1.8,,1020.8,,2,5,42182,Safdarjung
2025-01-10 01:00:00,7.6,100,0.0,,160,1.8,,1020.8,,2,5,42182,Safdarjung
2025-01-10 02:00:00,7.6,100,0.0,,128,1.8,,1021.5,,2,5,42182,Safdarjung
2025-01-10 02:00:00,7.6,100,0.0,,128,1.8,,1021.5,,2,5,42182,Safdarjung
2025-01-10 03:00:00,10.6,100,0.0,,140,3.6,,1022.3,,3,5,42182,Safdarjung
2025-01-10 03:00:00,10.6,100,0.0,,140,3.6,,1022.3,,3,5,42182,Safdarjung
2025-01-10 04:00:00,12.4,89,0.0,,131,3.7,,1022.3,,6,5,42182,Safdarjung
2025-01-10 04:00:00,12.4,89,0.0,,131,3.7,,1022.3,,6,5,42182,Safdarjung
2025-01-10 05:00:00,14.1,81,0.0,,124,3.7,,1022.3,,4,5,42182,Safdarjung
2025-01-10 05:00:00,14.1,81,0.0,,124,3.7,,1022.3,,4,5,42182,Safdarjung
2025-01-10 06:00:00,13.4,88,0.0,,110,3.6,,1022.8,,2,5,42182,Safdarjung
2025-01-10 06:00:00,13.4,88,0.0,,110,3.6,,1022.8,,2,5,42182,Safdarjung
2025-01-10 07:00:00,16.9,70,0.0,,110,5.5,,1021.2,,2,5,42182,Safdarjung
2025-01-10 07:00:00,16.9,70,0.0,,110,5.5,,1021.2,,2,5,42182,Safdarjung
2025-01-10 08:00:00,17.9,67,0.0,,102,5.5,,1020.1,,2,5,42182,Safdarjung
2025-01-10 08:00:00,17.9,67,0.0,,102,5.5,,1020.1,,2,5,42182,Safdarjung
2025-01-10 09:00:00,16.8,74,0.0,,94,3.6,,1019.6,,1,5,42182,Safdarjung
2025-01-10 09:00:00,16.8,74,0.0,,94,3.6,,1019.6,,1,5,42182,Safdarjung
2025-01-10 10:00:00,16.5,77,0.0,,129,3.7,,1019.1,,0,5,42182,Safdarjung
2025-01-10 10:00:00,16.5,77,0.0,,129,3.7,,1019.1,,0,5,42182,Safdarjung
2025-01-10 11:00:00,16.2,81,0.0,,129,3.7,,1018.7,,1,5,42182,Safdarjung
2025-01-10 11:00:00,16.2,81,0.0,,129,3.7,,1018.7,,1,5,42182,Safdarjung
2025-01-10 12:00:00,14.4,91,0.0,,129,3.6,,1018.3,,1,5,42182,Safdarjung
2025-01-10 12:00:00,14.4,91,0.0,,129,3.6,,1018.3,,1,5,42182,Safdarjung
2025-01-10 13:00:00,14.5,89,0.0,,127,3.7,,1018.6,,1,5,42182,Safdarjung
2025-01-10 13:00:00,14.5,89,0.0,,127,3.7,,1018.6,,1,5,42182,Safdarjung
2025-01-10 14:00:00,13.0,94,0.0,,125,1.8,,1019.1,,1,5,42182,Safdarjung
2025-01-10 14:00:00,13.0,94,0.0,,125,1.8,,1019.1,,1,5,42182,Safdarjung
2025-01-10 15:00:00,10.8,95,0.0,,0,0.0,,1019.3,,3,5,42182,Safdarjung
2025-01-10 15:00:00,10.8,95,0.0,,0,0.0,,1019.3,,3,5,42182,Safdarjung
2025-01-10 16:00:00,11.3,99,0.0,,126,1.8,,1019.7,,1,5,42182,Safdarjung
2025-01-10 16:00:00,11.3,99,0.0,,126,1.8,,1019.7,,1,5,42182,Safdarjung
2025-01-10 17:00:00,11.1,99,0.0,,129,1.8,,1019.9,,1,5,42182,Safdarjung
2025-01-10 17:00:00,11.1,99,0.0,,129,1.8,,1019.9,,1,5,42182,Safdarjung
2025-01-10 18:00:00,8.8,100,0.0,,0,0.0,,1019.3,,2,5,42182,Safdarjung
2025-01-10 18:00:00,8.8,100,0.0,,0,0.0,,1019.3,,2,5,42182,Safdarjung
2025-01-10 19:00:00,10.4,99,0.0,,132,1.8,,1020.0,,2,5,42182,Safdarjung
2025-01-10 19:00:00,10.4,99,0.0,,132,1.8,,1020.0,,2,5,42182,Safdarjung
2025-01-10 20:00:00,10.1,98,0.0,,133,1.8,,1019.8,,2,5,42182,Safdarjung
2025-01-10 20:00:00,10.1,98,0.0,,133,1.8,,1019.8,,2,5,42182,Safdarjung
2025-01-10 21:00:00,10.8,100,0.0,,0,0.0,,1019.1,,2,5,42182,Safdarjung
2025-01-10 21:00:00,10.8,100,0.0,,0,0.0,,1019.1,,2,5,42182,Safdarjung
2025-01-10 22:00:00,10.1,100,0.0,,89,1.8,,1019.1,,7,5,42182,Safdarjung
2025-01-10 22:00:00,10.1,100,0.0,,89,1.8,,1019.1,,7,5,42182,Safdarjung
2025-01-10 23:00:00,9.3,100,0.0,,89,1.8,,1019.1,,7,5,42182,Safdarjung
2025-01-10 23:00:00,9.3,100,0.0,,89,1.8,,1019.1,,7,5,42182,Safdarjung
2025-01-11 00:00:00,11.0,100,0.0,,0,0.0,,1019.0,,6,5,42182,Safdarjung
2025-01-11 00:00:00,11.0,100,0.0,,0,0.0,,1019.0,,6,5,42182,Safdarjung
2025-01-11 01:00:00,9.0,100,0.0,,88,3.7,,1019.5,,6,5,42182,Safdarjung
2025-01-11 01:00:00,9.0,100,0.0,,88,3.7,,1019.5,,6,5,42182,Safdarjung
2025-01-11 02:00:00,9.4,100,0.0,,88,3.7,,1019.9,,7,5,42182,Safdarjung
2025-01-11 02:00:00,9.4,100,0.0,,88,3.7,,1019.9,,7,5,42182,Safdarjung
2025-01-11 03:00:00,10.6,100,0.0,,90,5.4,,1020.5,,7,5,42182,Safdarjung
2025-01-11 03:00:00,10.6,100,0.0,,90,5.4,,1020.5,,7,5,42182,Safdarjung
2025-01-11 04:00:00,12.0,93,0.0,,95,5.5,,1020.6,,8,5,42182,Safdarjung
2025-01-11 04:00:00,12.0,93,0.0,,95,5.5,,1020.6,,8,5,42182,Safdarjung
2025-01-11 05:00:00,13.3,88,0.0,,101,5.5,,1020.7,,7,5,42182,Safdarjung
2025-01-11 05:00:00,13.3,88,0.0,,101,5.5,,1020.7,,7,5,42182,Safdarjung
2025-01-11 06:00:00,13.8,87,0.0,,110,5.4,,1020.8,,4,5,42182,Safdarjung
2025-01-11 06:00:00,13.8,87,0.0,,110,5.4,,1020.8,,4,5,42182,Safdarjung
2025-01-11 07:00:00,15.1,81,0.0,,98,5.5,,1019.6,,8,5,42182,Safdarjung
2025-01-11 07:00:00,15.1,81,0.0,,98,5.5,,1019.6,,8,5,42182,Safdarjung
2025-01-11 08:00:00,15.4,81,0.0,,83,5.5,,1018.5,,8,7,42182,Safdarjung
2025-01-11 08:00:00,15.4,81,0.0,,83,5.5,,1018.5,,8,7,42182,Safdarjung
2025-01-11 09:00:00,16.6,77,0.0,,65,3.6,,1017.3,,7,7,42182,Safdarjung
2025-01-11 09:00:00,16.6,77,0.0,,65,3.6,,1017.3,,7,7,42182,Safdarjung
2025-01-11 10:00:00,16.0,81,0.0,,39,5.5,,1016.9,,7,8,42182,Safdarjung
2025-01-11 10:00:00,16.0,81,0.0,,39,5.5,,1016.9,,7,8,42182,Safdarjung
2025-01-11 11:00:00,15.4,86,0.5,,39,5.5,,1016.6,,7,18,42182,Safdarjung
2025-01-11 11:00:00,15.4,86,0.5,,39,5.5,,1016.6,,7,18,42182,Safdarjung
2025-01-11 12:00:00,13.4,100,1.7,,250,5.4,,1017.3,,8,25,42182,Safdarjung
2025-01-11 12:00:00,13.4,100,1.7,,250,5.4,,1017.3,,8,25,42182,Safdarjung
2025-01-11 13:00:00,14.1,93,0.3,,44,5.5,,1016.7,,8,7,42182,Safdarjung
2025-01-11 13:00:00,14.1,93,0.3,,44,5.5,,1016.7,,8,7,42182,Safdarjung
2025-01-11 14:00:00,13.5,94,1.5,,51,5.5,,1017.2,,8,7,42182,Safdarjung
2025-01-11 14:00:00,13.5,94,1.5,,51,5.5,,1017.2,,8,7,42182,Safdarjung
2025-01-11 15:00:00,12.2,100,1.9,,63,3.6,,1017.3,,8,7,42182,Safdarjung
2025-01-11 15:00:00,12.2,100,1.9,,63,3.6,,1017.3,,8,7,42182,Safdarjung
2025-01-11 16:00:00,12.1,100,0.5,,113,3.7,,1017.6,,8,7,42182,Safdarjung
2025-01-11 16:00:00,12.1,100,0.5,,113,3.7,,1017.6,,8,7,42182,Safdarjung
2025-01-11 17:00:00,12.1,99,0.0,,113,1.8,,1017.8,,8,7,42182,Safdarjung
2025-01-11 17:00:00,12.1,99,0.0,,113,1.8,,1017.8,,8,7,42182,Safdarjung
2025-01-11 18:00:00,10.2,100,0.0,,0,0.0,,1018.8,,4,5,42182,Safdarjung
2025-01-11 18:00:00,10.2,100,0.0,,0,0.0,,1018.8,,4,5,42182,Safdarjung
2025-01-11 19:00:00,11.7,100,0.0,,111,1.8,,1018.0,,7,5,42182,Safdarjung
2025-01-11 19:00:00,11.7,100,0.0,,111,1.8,,1018.0,,7,5,42182,Safdarjung
2025-01-11 20:00:00,11.5,100,0.4,,108,1.8,,1018.0,,7,5,42182,Safdarjung
2025-01-11 20:00:00,11.5,100,0.4,,108,1.8,,1018.0,,7,5,42182,Safdarjung
2025-01-11 21:00:00,10.0,100,0.1,,0,0.0,,1018.8,,4,5,42182,Safdarjung
2025-01-11 21:00:00,10.0,100,0.1,,0,0.0,,1018.8,,4,5,42182,Safdarjung
2025-01-11 22:00:00,10.0,100,0.0,,5,0.0,,1018.6,,4,5,42182,Safdarjung
2025-01-11 22:00:00,10.0,100,0.0,,5,0.0,,1018.6,,4,5,42182,Safdarjung
2025-01-11 23:00:00,10.1,100,0.0,,344,1.8,,1018.3,,5,5,42182,Safdarjung
2025-01-11 23:00:00,10.1,100,0.0,,344,1.8,,1018.3,,5,5,42182,Safdarjung
2025-01-12 00:00:00,9.8,100,0.0,,0,0.0,,1018.3,,5,5,42182,Safdarjung
2025-01-12 00:00:00,9.8,100,0.0,,0,0.0,,1018.3,,5,5,42182,Safdarjung
2025-01-12 01:00:00,10.4,100,0.0,,354,1.8,,1018.7,,5,5,42182,Safdarjung
2025-01-12 01:00:00,10.4,100,0.0,,354,1.8,,1018.7,,5,5,42182,Safdarjung
2025-01-12 02:00:00,10.6,100,0.0,,20,1.8,,1019.4,,5,5,42182,Safdarjung
2025-01-12 02:00:00,10.6,100,0.0,,20,1.8,,1019.4,,5,5,42182,Safdarjung
2025-01-12 03:00:00,11.2,100,0.0,,0,0.0,,1020.6,,6,5,42182,Safdarjung
2025-01-12 03:00:00,11.2,100,0.0,,0,0.0,,1020.6,,6,5,42182,Safdarjung
2025-01-12 04:00:00,12.2,97,0.0,,128,1.8,,1020.8,,6,5,42182,Safdarjung
2025-01-12 04:00:00,12.2,97,0.0,,128,1.8,,1020.8,,6,5,42182,Safdarjung
2025-01-12 05:00:00,13.3,92,0.0,,128,1.8,,1020.9,,5,5,42182,Safdarjung
2025-01-12 05:00:00,13.3,92,0.0,,128,1.8,,1020.9,,5,5,42182,Safdarjung
2025-01-12 06:00:00,14.6,93,0.0,,0,0.0,,1021.6,,6,5,42182,Safdarjung
2025-01-12 06:00:00,14.6,93,0.0,,0,0.0,,1021.6,,6,5,42182,Safdarjung
2025-01-12 07:00:00,15.2,85,0.0,,124,3.7,,1020.1,,5,5,42182,Safdarjung
2025-01-12 07:00:00,15.2,85,0.0,,124,3.7,,1020.1,,5,5,42182,Safdarjung
2025-01-12 08:00:00,16.0,80,0.0,,115,3.7,,1019.1,,5,5,42182,Safdarjung
2025-01-12 08:00:00,16.0,80,0.0,,115,3.7,,1019.1,,5,5,42182,Safdarjung
2025-01-12 09:00:00,16.6,77,0.0,,270,5.4,,1017.0,,5,5,42182,Safdarjung
2025-01-12 09:00:00,16.6,77,0.0,,270,5.4,,1017.0,,5,5,42182,Safdarjung
2025-01-12 10:00:00,16.2,80,0.0,,274,5.5,,1017.3,,5,5,42182,Safdarjung
2025-01-12 10:00:00,16.2,80,0.0,,274,5.5,,1017.3,,5,5,42182,Safdarjung
2025-01-12 11:00:00,15.8,83,0.0,,280,5.5,,1017.5,,5,5,42182,Safdarjung
2025-01-12 11:00:00,15.8,83,0.0,,280,5.5,,1017.5,,5,5,42182,Safdarjung
2025-01-12 12:00:00,15.6,87,0.0,,270,5.4,,1019.1,,5,5,42182,Safdarjung
2025-01-12 12:00:00,15.6,87,0.0,,270,5.4,,1019.1,,5,5,42182,Safdarjung
2025-01-12 13:00:00,14.5,90,0.0,,293,3.7,,1018.4,,4,5,42182,Safdarjung
2025-01-12 13:00:00,14.5,90,0.0,,293,3.7,,1018.4,,4,5,42182,Safdarjung
2025-01-12 14:00:00,13.6,94,0.0,,298,3.7,,1019.1,,4,5,42182,Safdarjung
2025-01-12 14:00:00,13.6,94,0.0,,298,3.7,,1019.1,,4,5,42182,Safdarjung
2025-01-12 15:00:00,13.0,96,0.0,,0,0.0,,1020.3,,5,5,42182,Safdarjung
2025-01-12 15:00:00,13.0,96,0.0,,0,0.0,,1020.3,,5,5,42182,Safdarjung
2025-01-12 16:00:00,12.6,97,0.0,,298,0.0,,1020.4,,5,5,42182,Safdarjung
2025-01-12 16:00:00,12.6,97,0.0,,298,0.0,,1020.4,,5,5,42182,Safdarjung
2025-01-12 17:00:00,12.3,97,0.0,,290,0.0,,1020.5,,5,5,42182,Safdarjung
2025-01-12 17:00:00,12.3,97,0.0,,290,0.0,,1020.5,,5,5,42182,Safdarjung
2025-01-12 18:00:00,11.0,100,0.0,,0,0.0,,1020.3,,5,5,42182,Safdarjung
2025-01-12 18:00:00,11.0,100,0.0,,0,0.0,,1020.3,,5,5,42182,Safdarjung
2025-01-12 19:00:00,11.6,98,0.0,,277,1.8,,1020.4,,5,5,42182,Safdarjung
2025-01-12 19:00:00,11.6,98,0.0,,277,1.8,,1020.4,,5,5,42182,Safdarjung
2025-01-12 20:00:00,11.3,99,0.0,,269,1.8,,1020.2,,5,5,42182,Safdarjung
2025-01-12 20:00:00,11.3,99,0.0,,269,1.8,,1020.2,,5,5,42182,Safdarjung
2025-01-12 21:00:00,12.0,100,0.0,,270,5.4,,1019.4,,5,5,42182,Safdarjung
2025-01-12 21:00:00,12.0,100,0.0,,270,5.4,,1019.4,,5,5,42182,Safdarjung
2025-01-12 22:00:00,11.4,100,0.0,,270,5.5,,1019.3,,7,5,42182,Safdarjung
2025-01-12 22:00:00,11.4,100,0.0,,270,5.5,,1019.3,,7,5,42182,Safdarjung
2025-01-12 23:00:00,10.7,100,0.0,,269,5.5,,1019.3,,7,5,42182,Safdarjung
2025-01-12 23:00:00,10.7,100,0.0,,269,5.5,,1019.3,,7,5,42182,Safdarjung
2025-01-13 00:00:00,10.4,100,0.0,,250,7.6,,1019.2,,6,5,42182,Safdarjung
2025-01-13 00:00:00,10.4,100,0.0,,250,7.6,,1019.2,,6,5,42182,Safdarjung
2025-01-13 01:00:00,10.2,100,0.0,,266,5.5,,1019.7,,6,5,42182,Safdarjung
2025-01-13 01:00:00,10.2,100,0.0,,266,5.5,,1019.7,,6,5,42182,Safdarjung
2025-01-13 02:00:00,10.2,100,0.0,,263,5.5,,1020.1,,5,5,42182,Safdarjung
2025-01-13 02:00:00,10.2,100,0.0,,263,5.5,,1020.1,,5,5,42182,Safdarjung
2025-01-13 03:00:00,11.0,99,0.0,,270,5.4,,1020.5,,3,5,42182,Safdarjung
2025-01-13 03:00:00,11.0,99,0.0,,270,5.4,,1020.5,,3,5,42182,Safdarjung
2025-01-13 04:00:00,11.4,97,0.0,,268,5.5,,1020.6,,4,5,42182,Safdarjung
2025-01-13 04:00:00,11.4,97,0.0,,268,5.5,,1020.6,,4,5,42182,Safdarjung
2025-01-13 05:00:00,12.6,92,0.0,,275,7.4,,1020.6,,3,5,42182,Safdarjung
2025-01-13 05:00:00,12.6,92,0.0,,275,7.4,,1020.6,,3,5,42182,Safdarjung
2025-01-13 06:00:00,14.0,82,0.0,,270,7.6,,1020.7,,2,5,42182,Safdarjung
2025-01-13 06:00:00,14.0,82,0.0,,270,7.6,,1020.7,,2,5,42182,Safdarjung
2025-01-13 07:00:00,15.0,80,0.0,,281,9.3,,1019.5,,2,5,42182,Safdarjung
2025-01-13 07:00:00,15.0,80,0.0,,281,9.3,,1019.5,,2,5,42182,Safdarjung
2025-01-13 08:00:00,16.2,73,0.0,,281,9.3,,1018.5,,2,5,42182,Safdarjung
2025-01-13 08:00:00,16.2,73,0.0,,281,9.3,,1018.5,,2,5,42182,Safdarjung
2025-01-13 09:00:00,18.0,67,0.0,,250,7.6,,1016.9,,2,5,42182,Safdarjung
2025-01-13 09:00:00,18.0,67,0.0,,250,7.6,,1016.9,,2,5,42182,Safdarjung
2025-01-13 10:00:00,17.4,70,0.0,,254,7.4,,1016.8,,0,1,42182,Safdarjung
2025-01-13 10:00:00,17.4,70,0.0,,254,7.4,,1016.8,,0,1,42182,Safdarjung
2025-01-13 11:00:00,16.9,73,0.0,,260,7.4,,1016.7,,0,1,42182,Safdarjung
2025-01-13 11:00:00,16.9,73,0.0,,260,7.4,,1016.7,,0,1,42182,Safdarjung
2025-01-13 12:00:00,16.2,81,0.0,,250,5.4,,1016.6,,0,1,42182,Safdarjung
2025-01-13 12:00:00,16.2,81,0.0,,250,5.4,,1016.6,,0,1,42182,Safdarjung
2025-01-13 13:00:00,15.3,81,0.0,,267,5.5,,1017.2,,0,1,42182,Safdarjung
2025-01-13 13:00:00,15.3,81,0.0,,267,5.5,,1017.2,,0,1,42182,Safdarjung
2025-01-13 14:00:00,14.3,86,0.0,,268,5.5,,1017.7,,0,5,42182,Safdarjung
2025-01-13 14:00:00,14.3,86,0.0,,268,5.5,,1017.7,,0,5,42182,Safdarjung
2025-01-13 15:00:00,14.0,91,0.0,,250,9.4,,1018.3,,0,5,42182,Safdarjung
2025-01-13 15:00:00,14.0,91,0.0,,250,9.4,,1018.3,,0,5,42182,Safdarjung
2025-01-13 16:00:00,13.4,92,0.0,,254,9.3,,1018.4,,0,5,42182,Safdarjung
2025-01-13 16:00:00,13.4,92,0.0,,254,9.3,,1018.4,,0,5,42182,Safdarjung
2025-01-13 17:00:00,12.8,94,0.0,,258,7.4,,1018.4,,0,5,42182,Safdarjung
2025-01-13 17:00:00,12.8,94,0.0,,258,7.4,,1018.4,,0,5,42182,Safdarjung
2025-01-13 18:00:00,11.4,100,0.0,,0,0.0,,1017.9,,1,5,42182,Safdarjung
2025-01-13 18:00:00,11.4,100,0.0,,0,0.0,,1017.9,,1,5,42182,Safdarjung
2025-01-13 19:00:00,11.9,96,0.0,,264,7.4,,1018.2,,1,5,42182,Safdarjung
2025-01-13 19:00:00,11.9,96,0.0,,264,7.4,,1018.2,,1,5,42182,Safdarjung
2025-01-13 20:00:00,11.5,96,0.0,,266,7.4,,1017.9,,1,5,42182,Safdarjung
2025-01-13 20:00:00,11.5,96,0.0,,266,7.4,,1017.9,,1,5,42182,Safdarjung
2025-01-13 21:00:00,10.6,100,0.0,,267,3.6,,1017.3,,2,5,42182,Safdarjung
2025-01-13 21:00:00,10.6,100,0.0,,267,3.6,,1017.3,,2,5,42182,Safdarjung
2025-01-13 22:00:00,10.2,100,0.0,,262,3.7,,1017.3,,0,5,42182,Safdarjung
2025-01-13 22:00:00,10.2,100,0.0,,262,3.7,,1017.3,,0,5,42182,Safdarjung
2025-01-13 23:00:00,9.8,100,0.0,,262,3.7,,1017.4,,1,5,42182,Safdarjung
2025-01-13 23:00:00,9.8,100,0.0,,262,3.7,,1017.4,,1,5,42182,Safdarjung
2025-01-14 00:00:00,9.8,100,0.0,,250,5.4,,1017.7,,1,5,42182,Safdarjung
2025-01-14 00:00:00,9.8,100,0.0,,250,5.4,,1017.7,,1,5,42182,Safdarjung
2025-01-14 01:00:00,9.5,100,0.0,,253,5.5,,1018.3,,1,5,42182,Safdarjung
2025-01-14 01:00:00,9.5,100,0.0,,253,5.5,,1018.3,,1,5,42182,Safdarjung
2025-01-14 02:00:00,9.5,100,0.0,,245,5.5,,1019.1,,1,5,42182,Safdarjung
2025-01-14 02:00:00,9.5,100,0.0,,245,5.5,,1019.1,,1,5,42182,Safdarjung
2025-01-14 03:00:00,10.0,100,0.0,,250,5.4,,1020.3,,1,5,42182,Safdarjung
2025-01-14 03:00:00,10.0,100,0.0,,250,5.4,,1020.3,,1,5,42182,Safdarjung
2025-01-14 04:00:00,11.7,91,0.0,,253,5.5,,1020.4,,6,5,42182,Safdarjung
2025-01-14 04:00:00,11.7,91,0.0,,253,5.5,,1020.4,,6,5,42182,Safdarjung
2025-01-14 05:00:00,13.4,84,0.0,,256,5.5,,1020.6,,4,5,42182,Safdarjung
2025-01-14 05:00:00,13.4,84,0.0,,256,5.5,,1020.6,,4,5,42182,Safdarjung
2025-01-14 06:00:00,15.0,83,0.0,,270,7.6,,1021.1,,2,5,42182,Safdarjung
2025-01-14 06:00:00,15.0,83,0.0,,270,7.6,,1021.1,,2,5,42182,Safdarjung
2025-01-14 07:00:00,16.2,71,0.0,,269,5.5,,1019.9,,1,5,42182,Safdarjung
2025-01-14 07:00:00,16.2,71,0.0,,269,5.5,,1019.9,,1,5,42182,Safdarjung
2025-01-14 08:00:00,17.3,65,0.0,,280,5.5,,1019.0,,1,5,42182,Safdarjung
2025-01-14 08:00:00,17.3,65,0.0,,280,5.5,,1019.0,,1,5,42182,Safdarjung
2025-01-14 09:00:00,20.2,59,0.0,,270,5.4,,1018.2,,1,5,42182,Safdarjung
2025-01-14 09:00:00,20.2,59,0.0,,270,5.4,,1018.2,,1,5,42182,Safdarjung
2025-01-14 10:00:00,19.2,64,0.0,,274,5.5,,1018.1,,0,1,42182,Safdarjung
2025-01-14 10:00:00,19.2,64,0.0,,274,5.5,,1018.1,,0,1,42182,Safdarjung
2025-01-14 11:00:00,18.3,68,0.0,,280,5.5,,1018.1,,0,1,42182,Safdarjung
2025-01-14 11:00:00,18.3,68,0.0,,280,5.5,,1018.1,,0,1,42182,Safdarjung
2025-01-14 12:00:00,18.0,82,0.0,,288,3.6,,1018.2,,1,1,42182,Safdarjung
2025-01-14 12:00:00,18.0,82,0.0,,288,3.6,,1018.2,,1,1,42182,Safdarjung
2025-01-14 13:00:00,15.8,79,0.0,,289,3.7,,1018.7,,1,1,42182,Safdarjung
2025-01-14 13:00:00,15.8,79,0.0,,289,3.7,,1018.7,,1,1,42182,Safdarjung
2025-01-14 14:00:00,14.3,86,0.0,,291,1.8,,1019.3,,1,5,42182,Safdarjung
2025-01-14 14:00:00,14.3,86,0.0,,291,1.8,,1019.3,,1,5,42182,Safdarjung
2025-01-14 15:00:00,11.6,95,0.0,,0,0.0,,1020.1,,1,5,42182,Safdarjung
2025-01-14 15:00:00,11.6,95,0.0,,0,0.0,,1020.1,,1,5,42182,Safdarjung
2025-01-14 16:00:00,11.3,96,0.0,,187,0.0,,1020.4,,0,5,42182,Safdarjung
2025-01-14 16:00:00,11.3,96,0.0,,187,0.0,,1020.4,,0,5,42182,Safdarjung
2025-01-14 17:00:00,11.0,97,0.0,,200,0.0,,1020.6,,0,5,42182,Safdarjung
2025-01-14 17:00:00,11.0,97,0.0,,200,0.0,,1020.6,,0,5,42182,Safdarjung
2025-01-14 18:00:00,10.0,100,0.0,,0,0.0,,1019.6,,0,5,42182,Safdarjung
2025-01-14 18:00:00,10.0,100,0.0,,0,0.0,,1019.6,,0,5,42182,Safdarjung
2025-01-14 19:00:00,10.3,100,0.0,,204,0.0,,1020.7,,1,5,42182,Safdarjung
2025-01-14 19:00:00,10.3,100,0.0,,204,0.0,,1020.7,,1,5,42182,Safdarjung
2025-01-14 20:00:00,9.9,100,0.0,,225,0.0,,1020.6,,1,5,42182,Safdarjung
2025-01-14 20:00:00,9.9,100,0.0,,225,0.0,,1020.6,,1,5,42182,Safdarjung
2025-01-14 21:00:00,8.6,100,0.0,,0,0.0,,1020.4,,1,5,42182,Safdarjung
2025-01-14 21:00:00,8.6,100,0.0,,0,0.0,,1020.4,,1,5,42182,Safdarjung
2025-01-14 22:00:00,8.6,99,0.0,,292,0.0,,1020.5,,8,5,42182,Safdarjung
2025-01-14 22:00:00,8.6,99,0.0,,292,0.0,,1020.5,,8,5,42182,Safdarjung
2025-01-14 23:00:00,8.5,99,0.0,,292,0.0,,1020.6,,7,5,42182,Safdarjung
2025-01-14 23:00:00,8.5,99,0.0,,292,0.0,,1020.6,,7,5,42182,Safdarjung
2025-01-15 00:00:00,7.0,100,0.0,,0,0.0,,1021.3,,7,5,42182,Safdarjung
2025-01-15 00:00:00,7.0,100,0.0,,0,0.0,,1021.3,,7,5,42182,Safdarjung
2025-01-15 01:00:00,8.7,99,0.0,,72,1.8,,1021.2,,6,5,42182,Safdarjung
2025-01-15 01:00:00,8.7,99,0.0,,72,1.8,,1021.2,,6,5,42182,Safdarjung
2025-01-15 02:00:00,8.9,99,0.0,,82,1.8,,1021.7,,6,5,42182,Safdarjung
2025-01-15 02:00:00,8.9,99,0.0,,82,1.8,,1021.7,,6,5,42182,Safdarjung
2025-01-15 03:00:00,9.0,97,0.0,,0,0.0,,1023.0,,6,5,42182,Safdarjung
2025-01-15 03:00:00,9.0,97,0.0,,0,0.0,,1023.0,,6,5,42182,Safdarjung
2025-01-15 04:00:00,10.8,92,0.0,,103,1.8,,1023.0,,7,5,42182,Safdarjung
2025-01-15 04:00:00,10.8,92,0.0,,103,1.8,,1023.0,,7,5,42182,Safdarjung
2025-01-15 05:00:00,12.7,86,0.0,,103,1.8,,1023.0,,6,5,42182,Safdarjung
2025-01-15 05:00:00,12.7,86,0.0,,103,1.8,,1023.0,,6,5,42182,Safdarjung
2025-01-15 06:00:00,12.2,95,0.0,,103,3.6,,1022.7,,5,5,42182,Safdarjung
2025-01-15 06:00:00,12.2,95,0.0,,103,3.6,,1022.7,,5,5,42182,Safdarjung
2025-01-15 07:00:00,15.7,76,0.0,,86,3.7,,1021.7,,4,5,42182,Safdarjung
2025-01-15 07:00:00,15.7,76,0.0,,86,3.7,,1021.7,,4,5,42182,Safdarjung
2025-01-15 08:00:00,16.9,71,0.0,,70,3.7,,1020.4,,4,5,42182,Safdarjung
2025-01-15 08:00:00,16.9,71,0.0,,70,3.7,,1020.4,,4,5,42182,Safdarjung
2025-01-15 09:00:00,16.6,77,0.0,,0,0.0,,1018.9,,3,5,42182,Safdarjung
2025-01-15 09:00:00,16.6,77,0.0,,0,0.0,,1018.9,,3,5,42182,Safdarjung
2025-01-15 10:00:00,16.3,80,0.0,,273,1.8,,1018.6,,8,5,42182,Safdarjung
2025-01-15 10:00:00,16.3,80,0.0,,273,1.8,,1018.6,,8,5,42182,Safdarjung
2025-01-15 11:00:00,16.1,84,0.0,,273,3.7,,1018.2,,7,5,42182,Safdarjung
2025-01-15 11:00:00,16.1,84,0.0,,273,3.7,,1018.2,,7,5,42182,Safdarjung
2025-01-15 12:00:00,15.0,85,0.0,,0,0.0,,1018.7,,3,5,42182,Safdarjung
2025-01-15 12:00:00,15.0,85,0.0,,0,0.0,,1018.7,,3,5,42182,Safdarjung
2025-01-15 13:00:00,15.1,89,0.0,,284,3.7,,1018.3,,7,5,42182,Safdarjung
2025-01-15 13:00:00,15.1,89,0.0,,284,3.7,,1018.3,,7,5,42182,Safdarjung
2025-01-15 14:00:00,14.5,91,0.4,,295,3.7,,1018.7,,7,7,42182,Safdarjung
2025-01-15 14:00:00,14.5,91,0.4,,295,3.7,,1018.7,,7,7,42182,Safdarjung
2025-01-15 15:00:00,13.4,91,0.8,,110,3.6,,1019.2,,6,8,42182,Safdarjung
2025-01-15 15:00:00,13.4,91,0.8,,110,3.6,,1019.2,,6,8,42182,Safdarjung
2025-01-15 16:00:00,13.5,94,2.8,,289,1.8,,1019.1,,7,7,42182,Safdarjung
2025-01-15 16:00:00,13.5,94,2.8,,289,1.8,,1019.1,,7,7,42182,Safdarjung
2025-01-15 17:00:00,13.2,96,2.1,,236,1.8,,1019.2,,7,8,42182,Safdarjung
2025-01-15 17:00:00,13.2,96,2.1,,236,1.8,,1019.2,,7,8,42182,Safdarjung
2025-01-15 18:00:00,12.8,93,0.0,,70,3.6,,1019.7,,6,8,42182,Safdarjung
2025-01-15 18:00:00,12.8,93,0.0,,70,3.6,,1019.7,,6,8,42182,Safdarjung
2025-01-15 19:00:00,12.8,95,0.0,,76,1.8,,1019.1,,7,8,42182,Safdarjung
2025-01-15 19:00:00,12.8,95,0.0,,76,1.8,,1019.1,,7,8,42182,Safdarjung
2025-01-15 20:00:00,12.7,94,0.0,,27,1.8,,1019.0,,7,8,42182,Safdarjung
2025-01-15 20:00:00,12.7,94,0.0,,27,1.8,,1019.0,,7,8,42182,Safdarjung
2025-01-15 21:00:00,12.2,100,0.2,,50,3.6,,1019.4,,6,5,42182,Safdarjung
2025-01-15 21:00:00,12.2,100,0.2,,50,3.6,,1019.4,,6,5,42182,Safdarjung
2025-01-15 22:00:00,12.2,100,0.0,,54,3.7,,1019.3,,7,7,42182,Safdarjung
2025-01-15 22:00:00,12.2,100,0.0,,54,3.7,,1019.3,,7,7,42182,Safdarjung
2025-01-15 23:00:00,12.2,100,0.0,,61,3.7,,1019.2,,7,5,42182,Safdarjung
2025-01-15 23:00:00,12.2,100,0.0,,61,3.7,,1019.2,,7,5,42182,Safdarjung
2025-01-16 00:00:00,11.2,100,0.0,,0,0.0,,1019.7,,7,5,42182,Safdarjung
2025-01-16 00:00:00,11.2,100,0.0,,0,0.0,,1019.7,,7,5,42182,Safdarjung
2025-01-16 01:00:00,12.2,100,0.1,,71,3.7,,1019.7,,8,5,42182,Safdarjung
2025-01-16 01:00:00,12.2,100,0.1,,71,3.7,,1019.7,,8,5,42182,Safdarjung
2025-01-16 02:00:00,12.1,100,0.0,,70,1.8,,1020.4,,7,5,42182,Safdarjung
2025-01-16 02:00:00,12.1,100,0.0,,70,1.8,,1020.4,,7,5,42182,Safdarjung
2025-01-16 03:00:00,11.8,100,0.0,,69,3.6,,1021.3,,6,5,42182,Safdarjung
2025-01-16 03:00:00,11.8,100,0.0,,69,3.6,,1021.3,,6,5,42182,Safdarjung
2025-01-16 04:00:00,12.8,93,0.2,,113,1.8,,1021.5,,6,25,42182,Safdarjung
2025-01-16 04:00:00,12.8,93,0.2,,113,1.8,,1021.5,,6,25,42182,Safdarjung
2025-01-16 05:00:00,13.9,87,0.0,,127,3.7,,1021.9,,5,5,42182,Safdarjung
2025-01-16 05:00:00,13.9,87,0.0,,127,3.7,,1021.9,,5,5,42182,Safdarjung
2025-01-16 06:00:00,13.8,97,0.0,,0,0.0,,1022.8,,6,5,42182,Safdarjung
2025-01-16 06:00:00,13.8,97,0.0,,0,0.0,,1022.8,,6,5,42182,Safdarjung
2025-01-16 07:00:00,15.9,77,0.0,,128,5.5,,1021.4,,5,5,42182,Safdarjung
2025-01-16 07:00:00,15.9,77,0.0,,128,5.5,,1021.4,,5,5,42182,Safdarjung
2025-01-16 08:00:00,16.8,73,0.0,,95,5.5,,1020.6,,5,5,42182,Safdarjung
2025-01-16 08:00:00,16.8,73,0.0,,95,5.5,,1020.6,,5,5,42182,Safdarjung
2025-01-16 09:00:00,18.6,61,0.0,,0,0.0,,1020.2,,2,5,42182,Safdarjung
2025-01-16 09:00:00,18.6,61,0.0,,0,0.0,,1020.2,,2,5,42182,Safdarjung
2025-01-16 10:00:00,17.9,66,0.0,,314,1.8,,1020.1,,2,5,42182,Safdarjung
2025-01-16 10:00:00,17.9,66,0.0,,314,1.8,,1020.1,,2,5,42182,Safdarjung
2025-01-16 11:00:00,17.2,72,0.0,,314,3.7,,1020.0,,2,5,42182,Safdarjung
2025-01-16 11:00:00,17.2,72,0.0,,314,3.7,,1020.0,,2,5,42182,Safdarjung
2025-01-16 12:00:00,17.6,74,0.0,,0,0.0,,1020.6,,2,5,42182,Safdarjung
2025-01-16 12:00:00,17.6,74,0.0,,0,0.0,,1020.6,,2,5,42182,Safdarjung
2025-01-16 13:00:00,15.3,84,0.0,,315,3.7,,1020.8,,2,5,42182,Safdarjung
2025-01-16 13:00:00,15.3,84,0.0,,315,3.7,,1020.8,,2,5,42182,Safdarjung
2025-01-16 14:00:00,14.1,90,0.0,,317,1.8,,1021.7,,2,5,42182,Safdarjung
2025-01-16 14:00:00,14.1,90,0.0,,317,1.8,,1021.7,,2,5,42182,Safdarjung
2025-01-16 15:00:00,12.0,95,0.0,,0,0.0,,1023.0,,2,5,42182,Safdarjung
2025-01-16 15:00:00,12.0,95,0.0,,0,0.0,,1023.0,,2,5,42182,Safdarjung
2025-01-16 16:00:00,11.8,96,0.0,,303,0.0,,1023.2,,0,5,42182,Safdarjung
2025-01-16 16:00:00,11.8,96,0.0,,303,0.0,,1023.2,,0,5,42182,Safdarjung
2025-01-16 17:00:00,11.7,96,0.0,,291,0.0,,1023.3,,0,5,42182,Safdarjung
2025-01-16 17:00:00,11.7,96,0.0,,291,0.0,,1023.3,,0,5,42182,Safdarjung
2025-01-16 18:00:00,10.6,100,0.0,,0,0.0,,1023.5,,1,5,42182,Safdarjung
2025-01-16 18:00:00,10.6,100,0.0,,0,0.0,,1023.5,,1,5,42182,Safdarjung
2025-01-16 19:00:00,11.1,98,0.0,,302,1.8,,1023.2,,1,5,42182,Safdarjung
2025-01-16 19:00:00,11.1,98,0.0,,302,1.8,,1023.2,,1,5,42182,Safdarjung
2025-01-16 20:00:00,10.7,99,0.0,,307,1.8,,1022.9,,1,5,42182,Safdarjung
2025-01-16 20:00:00,10.7,99,0.0,,307,1.8,,1022.9,,1,5,42182,Safdarjung
2025-01-16 21:00:00,9.6,100,0.0,,0,0.0,,1022.5,,1,5,42182,Safdarjung
2025-01-16 21:00:00,9.6,100,0.0,,0,0.0,,1022.5,,1,5,42182,Safdarjung
2025-01-16 22:00:00,9.5,100,0.0,,259,1.8,,1022.2,,1,5,42182,Safdarjung
2025-01-16 22:00:00,9.5,100,0.0,,259,1.8,,1022.2,,1,5,42182,Safdarjung
2025-01-16 23:00:00,9.4,99,0.0,,259,1.8,,1021.9,,1,5,42182,Safdarjung
2025-01-16 23:00:00,9.4,99,0.0,,259,1.8,,1021.9,,1,5,42182,Safdarjung
2025-01-17 00:00:00,10.2,100,0.0,,0,0.0,,1021.3,,2,5,42182,Safdarjung
2025-01-17 00:00:00,10.2,100,0.0,,0,0.0,,1021.3,,2,5,42182,Safdarjung
2025-01-17 01:00:00,9.3,99,0.0,,260,3.7,,1022.0,,2,5,42182,Safdarjung
2025-01-17 01:00:00,9.3,99,0.0,,260,3.7,,1022.0,,2,5,42182,Safdarjung
2025-01-17 02:00:00,9.3,100,0.0,,260,5.5,,1022.4,,2,5,42182,Safdarjung
2025-01-17 02:00:00,9.3,100,0.0,,260,5.5,,1022.4,,2,5,42182,Safdarjung
2025-01-17 03:00:00,11.0,97,0.0,,0,0.0,,1022.6,,1,5,42182,Safdarjung
2025-01-17 03:00:00,11.0,97,0.0,,0,0.0,,1022.6,,1,5,42182,Safdarjung
2025-01-17 04:00:00,12.3,91,0.0,,292,1.8,,1022.5,,6,5,42182,Safdarjung
2025-01-17 04:00:00,12.3,91,0.0,,292,1.8,,1022.5,,6,5,42182,Safdarjung
2025-01-17 05:00:00,13.6,85,0.0,,292,3.7,,1022.4,,4,5,42182,Safdarjung
2025-01-17 05:00:00,13.6,85,0.0,,292,3.7,,1022.4,,4,5,42182,Safdarjung
2025-01-17 06:00:00,14.6,76,0.0,,270,7.6,,1022.5,,2,5,42182,Safdarjung
2025-01-17 06:00:00,14.6,76,0.0,,270,7.6,,1022.5,,2,5,42182,Safdarjung
2025-01-17 07:00:00,16.1,71,0.0,,290,7.4,,1021.0,,2,5,42182,Safdarjung
2025-01-17 07:00:00,16.1,71,0.0,,290,7.4,,1021.0,,2,5,42182,Safdarjung
2025-01-17 08:00:00,17.2,65,0.0,,289,7.4,,1019.8,,1,5,42182,Safdarjung
2025-01-17 08:00:00,17.2,65,0.0,,289,7.4,,1019.8,,1,5,42182,Safdarjung
2025-01-17 09:00:00,17.2,66,0.0,,270,11.2,,1019.0,,1,5,42182,Safdarjung
2025-01-17 09:00:00,17.2,66,0.0,,270,11.2,,1019.0,,1,5,42182,Safdarjung
2025-01-17 10:00:00,16.9,69,0.0,,271,9.3,,1018.6,,0,5,42182,Safdarjung
2025-01-17 10:00:00,16.9,69,0.0,,271,9.3,,1018.6,,0,5,42182,Safdarjung
2025-01-17 11:00:00,16.7,70,0.0,,273,9.3,,1018.2,,0,5,42182,Safdarjung
2025-01-17 11:00:00,16.7,70,0.0,,273,9.3,,1018.2,,0,5,42182,Safdarjung
2025-01-17 12:00:00,15.2,85,0.0,,270,5.4,,1018.3,,1,5,42182,Safdarjung
2025-01-17 12:00:00,15.2,85,0.0,,270,5.4,,1018.3,,1,5,42182,Safdarjung
2025-01-17 13:00:00,15.1,78,0.0,,274,5.5,,1018.3,,1,5,42182,Safdarjung
2025-01-17 13:00:00,15.1,78,0.0,,274,5.5,,1018.3,,1,5,42182,Safdarjung
2025-01-17 14:00:00,13.7,85,0.0,,273,3.7,,1018.8,,0,5,42182,Safdarjung
2025-01-17 14:00:00,13.7,85,0.0,,273,3.7,,1018.8,,0,5,42182,Safdarjung
2025-01-17 15:00:00,11.4,95,0.0,,270,3.6,,1019.6,,0,5,42182,Safdarjung
2025-01-17 15:00:00,11.4,95,0.0,,270,3.6,,1019.6,,0,5,42182,Safdarjung
2025-01-17 16:00:00,11.1,96,0.0,,269,3.7,,1019.8,,0,5,42182,Safdarjung
2025-01-17 16:00:00,11.1,96,0.0,,269,3.7,,1019.8,,0,5,42182,Safdarjung
2025-01-17 17:00:00,10.9,96,0.0,,267,3.7,,1019.9,,0,5,42182,Safdarjung
2025-01-17 17:00:00,10.9,96,0.0,,267,3.7,,1019.9,,0,5,42182,Safdarjung
2025-01-17 18:00:00,11.8,95,0.0,,265,3.6,,1020.1,,0,5,42182,Safdarjung
2025-01-17 18:00:00,11.8,95,0.0,,265,3.6,,1020.1,,0,5,42182,Safdarjung
2025-01-17 19:00:00,10.2,97,0.0,,264,3.7,,1019.8,,1,5,42182,Safdarjung
2025-01-17 19:00:00,10.2,97,0.0,,264,3.7,,1019.8,,1,5,42182,Safdarjung
2025-01-17 20:00:00,9.8,98,0.0,,262,3.7,,1019.6,,1,5,42182,Safdarjung
2025-01-17 20:00:00,9.8,98,0.0,,262,3.7,,1019.6,,1,5,42182,Safdarjung
2025-01-17 21:00:00,11.6,97,0.0,,0,0.0,,1019.3,,1,5,42182,Safdarjung
2025-01-17 21:00:00,11.6,97,0.0,,0,0.0,,1019.3,,1,5,42182,Safdarjung
2025-01-17 22:00:00,11.0,99,0.0,,259,1.8,,1026.3,,8,5,42182,Safdarjung
2025-01-17 22:00:00,11.0,99,0.0,,259,1.8,,1026.3,,8,5,42182,Safdarjung
2025-01-17 23:00:00,10.5,100,0.0,,259,1.8,,1023.8,,8,5,42182,Safdarjung
2025-01-17 23:00:00,10.5,100,0.0,,259,1.8,,1023.8,,8,5,42182,Safdarjung
2025-01-18 00:00:00,11.2,97,0.0,,250,5.4,,1018.9,,2,5,42182,Safdarjung
2025-01-18 00:00:00,11.2,97,0.0,,250,5.4,,1018.9,,2,5,42182,Safdarjung
2025-01-18 01:00:00,10.0,100,0.0,,259,3.7,,1021.5,,8,5,42182,Safdarjung
2025-01-18 01:00:00,10.0,100,0.0,,259,3.7,,1021.5,,8,5,42182,Safdarjung
2025-01-18 02:00:00,10.0,100,0.0,,258,3.7,,1021.7,,8,5,42182,Safdarjung
2025-01-18 02:00:00,10.0,100,0.0,,258,3.7,,1021.7,,8,5,42182,Safdarjung
2025-01-18 03:00:00,11.2,92,0.0,,250,5.4,,1021.4,,3,5,42182,Safdarjung
2025-01-18 03:00:00,11.2,92,0.0,,250,5.4,,1021.4,,3,5,42182,Safdarjung
2025-01-18 04:00:00,11.2,93,0.0,,270,5.5,,1022.0,,7,5,42182,Safdarjung
2025-01-18 04:00:00,11.2,93,0.0,,270,5.5,,1022.0,,7,5,42182,Safdarjung
2025-01-18 05:00:00,12.5,85,0.0,,280,5.5,,1022.1,,7,5,42182,Safdarjung
2025-01-18 05:00:00,12.5,85,0.0,,280,5.5,,1022.1,,7,5,42182,Safdarjung
2025-01-18 06:00:00,16.0,67,0.0,,0,0.0,,1020.6,,1,5,42182,Safdarjung
2025-01-18 06:00:00,16.0,67,0.0,,0,0.0,,1020.6,,1,5,42182,Safdarjung
2025-01-18 07:00:00,15.2,72,0.0,,289,5.5,,1020.8,,6,5,42182,Safdarjung
2025-01-18 07:00:00,15.2,72,0.0,,289,5.5,,1020.8,,6,5,42182,Safdarjung
2025-01-18 08:00:00,16.6,66,0.0,,292,5.5,,1019.5,,6,5,42182,Safdarjung
2025-01-18 08:00:00,16.6,66,0.0,,292,5.5,,1019.5,,6,5,42182,Safdarjung
2025-01-18 09:00:00,19.8,57,0.0,,0,0.0,,1017.1,,5,5,42182,Safdarjung
2025-01-18 09:00:00,19.8,57,0.0,,0,0.0,,1017.1,,5,5,42182,Safdarjung
2025-01-18 10:00:00,17.5,65,0.0,,293,5.5,,1017.6,,5,5,42182,Safdarjung
2025-01-18 10:00:00,17.5,65,0.0,,293,5.5,,1017.6,,5,5,42182,Safdarjung
2025-01-18 11:00:00,17.0,68,0.0,,291,3.7,,1017.1,,5,5,42182,Safdarjung
2025-01-18 11:00:00,17.0,68,0.0,,291,3.7,,1017.1,,5,5,42182,Safdarjung
2025-01-18 12:00:00,17.4,76,0.0,,0,0.0,,1016.2,,6,5,42182,Safdarjung
2025-01-18 12:00:00,17.4,76,0.0,,0,0.0,,1016.2,,6,5,42182,Safdarjung
2025-01-18 13:00:00,15.2,77,0.0,,287,1.8,,1016.9,,5,5,42182,Safdarjung
2025-01-18 13:00:00,15.2,77,0.0,,287,1.8,,1016.9,,5,5,42182,Safdarjung
2025-01-18 14:00:00,13.9,83,0.0,,284,1.8,,1017.3,,5,5,42182,Safdarjung
2025-01-18 14:00:00,13.9,83,0.0,,284,1.8,,1017.3,,5,5,42182,Safdarjung
2025-01-18 15:00:00,14.2,91,0.0,,0,0.0,,1016.7,,4,5,42182,Safdarjung
2025-01-18 15:00:00,14.2,91,0.0,,0,0.0,,1016.7,,4,5,42182,Safdarjung
2025-01-18 16:00:00,13.4,93,0.0,,206,0.0,,1017.1,,4,5,42182,Safdarjung
2025-01-18 16:00:00,13.4,93,0.0,,206,0.0,,1017.1,,4,5,42182,Safdarjung
2025-01-18 17:00:00,12.7,95,0.0,,207,0.0,,1017.6,,4,5,42182,Safdarjung
2025-01-18 17:00:00,12.7,95,0.0,,207,0.0,,1017.6,,4,5,42182,Safdarjung
2025-01-18 18:00:00,12.4,93,0.0,,0,0.0,,1018.0,,3,5,42182,Safdarjung
2025-01-18 18:00:00,12.4,93,0.0,,0,0.0,,1018.0,,3,5,42182,Safdarjung
2025-01-18 19:00:00,11.5,97,0.0,,233,0.0,,1017.9,,4,5,42182,Safdarjung
2025-01-18 19:00:00,11.5,97,0.0,,233,0.0,,1017.9,,4,5,42182,Safdarjung
2025-01-18 20:00:00,11.1,98,0.0,,251,0.0,,1017.8,,4,5,42182,Safdarjung
2025-01-18 20:00:00,11.1,98,0.0,,251,0.0,,1017.8,,4,5,42182,Safdarjung
2025-01-18 21:00:00,12.0,97,0.0,,0,0.0,,1017.5,,3,5,42182,Safdarjung
2025-01-18 21:00:00,12.0,97,0.0,,0,0.0,,1017.5,,3,5,42182,Safdarjung
2025-01-18 22:00:00,11.3,99,0.0,,244,0.0,,1017.5,,4,5,42182,Safdarjung
2025-01-18 22:00:00,11.3,99,0.0,,244,0.0,,1017.5,,4,5,42182,Safdarjung
2025-01-18 23:00:00,10.7,100,0.0,,198,0.0,,1017.4,,4,5,42182,Safdarjung
2025-01-18 23:00:00,10.7,100,0.0,,198,0.0,,1017.4,,4,5,42182,Safdarjung
2025-01-19 00:00:00,10.2,100,0.0,,0,0.0,,1017.2,,5,5,42182,Safdarjung
2025-01-19 00:00:00,10.2,100,0.0,,0,0.0,,1017.2,,5,5,42182,Safdarjung
2025-01-19 01:00:00,10.2,100,0.0,,8,0.0,,1017.9,,5,5,42182,Safdarjung
2025-01-19 01:00:00,10.2,100,0.0,,8,0.0,,1017.9,,5,5,42182,Safdarjung
2025-01-19 02:00:00,10.3,100,0.0,,8,0.0,,1018.4,,4,5,42182,Safdarjung
2025-01-19 02:00:00,10.3,100,0.0,,8,0.0,,1018.4,,4,5,42182,Safdarjung
2025-01-19 03:00:00,10.4,100,0.0,,0,0.0,,1019.2,,4,5,42182,Safdarjung
2025-01-19 03:00:00,10.4,100,0.0,,0,0.0,,1019.2,,4,5,42182,Safdarjung
2025-01-19 04:00:00,12.7,90,0.0,,289,0.0,,1019.2,,4,5,42182,Safdarjung
2025-01-19 04:00:00,12.7,90,0.0,,289,0.0,,1019.2,,4,5,42182,Safdarjung
2025-01-19 05:00:00,15.0,81,0.0,,236,1.8,,1019.3,,3,5,42182,Safdarjung
2025-01-19 05:00:00,15.0,81,0.0,,236,1.8,,1019.3,,3,5,42182,Safdarjung
2025-01-19 06:00:00,20.0,64,0.0,,0,0.0,,1019.1,,3,5,42182,Safdarjung
2025-01-19 06:00:00,20.0,64,0.0,,0,0.0,,1019.1,,3,5,42182,Safdarjung
2025-01-19 07:00:00,18.7,68,0.0,,314,3.7,,1018.2,,3,5,42182,Safdarjung
2025-01-19 07:00:00,18.7,68,0.0,,314,3.7,,1018.2,,3,5,42182,Safdarjung
2025-01-19 08:00:00,20.2,62,0.0,,335,3.7,,1017.0,,3,5,42182,Safdarjung
2025-01-19 08:00:00,20.2,62,0.0,,335,3.7,,1017.0,,3,5,42182,Safdarjung
2025-01-19 09:00:00,25.4,48,0.0,,270,5.4,,1015.1,,3,5,42182,Safdarjung
2025-01-19 09:00:00,25.4,48,0.0,,270,5.4,,1015.1,,3,5,42182,Safdarjung
2025-01-19 10:00:00,24.2,52,0.0,,270,5.5,,1014.9,,0,5,42182,Safdarjung
2025-01-19 10:00:00,24.2,52,0.0,,270,5.5,,1014.9,,0,5,42182,Safdarjung
2025-01-19 11:00:00,22.9,58,0.0,,270,5.5,,1014.6,,1,5,42182,Safdarjung
2025-01-19 11:00:00,22.9,58,0.0,,270,5.5,,1014.6,,1,5,42182,Safdarjung
2025-01-19 12:00:00,22.6,71,0.0,,0,0.0,,1015.0,,1,5,42182,Safdarjung
2025-01-19 12:00:00,22.6,71,0.0,,0,0.0,,1015.0,,1,5,42182,Safdarjung
2025-01-19 13:00:00,19.9,71,0.0,,268,5.5,,1014.9,,1,5,42182,Safdarjung
2025-01-19 13:00:00,19.9,71,0.0,,268,5.5,,1014.9,,1,5,42182,Safdarjung
2025-01-19 14:00:00,18.1,79,0.0,,264,3.7,,1015.4,,1,5,42182,Safdarjung
2025-01-19 14:00:00,18.1,79,0.0,,264,3.7,,1015.4,,1,5,42182,Safdarjung
2025-01-19 15:00:00,16.6,90,0.0,,0,0.0,,1015.7,,1,5,42182,Safdarjung
2025-01-19 15:00:00,16.6,90,0.0,,0,0.0,,1015.7,,1,5,42182,Safdarjung
2025-01-19 16:00:00,16.0,92,0.0,,264,0.0,,1015.9,,0,5,42182,Safdarjung
2025-01-19 16:00:00,16.0,92,0.0,,264,0.0,,1015.9,,0,5,42182,Safdarjung
2025-01-19 17:00:00,15.3,95,0.0,,270,1.8,,1016.1,,0,5,42182,Safdarjung
2025-01-19 17:00:00,15.3,95,0.0,,270,1.8,,1016.1,,0,5,42182,Safdarjung
2025-01-19 18:00:00,13.8,96,0.0,,0,0.0,,1016.4,,1,5,42182,Safdarjung
2025-01-19 18:00:00,13.8,96,0.0,,0,0.0,,1016.4,,1,5,42182,Safdarjung
2025-01-19 19:00:00,14.3,98,0.0,,268,1.8,,1016.0,,1,5,42182,Safdarjung
2025-01-19 19:00:00,14.3,98,0.0,,268,1.8,,1016.0,,1,5,42182,Safdarjung
2025-01-19 20:00:00,13.9,99,0.0,,267,1.8,,1015.8,,1,5,42182,Safdarjung
2025-01-19 20:00:00,13.9,99,0.0,,267,1.8,,1015.8,,1,5,42182,Safdarjung
2025-01-19 21:00:00,13.4,97,0.0,,0,0.0,,1015.6,,1,5,42182,Safdarjung
2025-01-19 21:00:00,13.4,97,0.0,,0,0.0,,1015.6,,1,5,42182,Safdarjung
2025-01-19 22:00:00,13.0,99,0.0,,257,1.8,,1015.4,,1,5,42182,Safdarjung
2025-01-19 22:00:00,13.0,99,0.0,,257,1.8,,1015.4,,1,5,42182,Safdarjung
2025-01-19 23:00:00,12.5,100,0.0,,257,1.8,,1015.2,,1,5,42182,Safdarjung
2025-01-19 23:00:00,12.5,100,0.0,,257,1.8,,1015.2,,1,5,42182,Safdarjung
2025-01-20 00:00:00,12.6,97,0.0,,0,0.0,,1015.4,,2,5,42182,Safdarjung
2025-01-20 00:00:00,12.6,97,0.0,,0,0.0,,1015.4,,2,5,42182,Safdarjung
2025-01-20 01:00:00,12.3,100,0.0,,252,3.7,,1015.3,,2,5,42182,Safdarjung
2025-01-20 01:00:00,12.3,100,0.0,,252,3.7,,1015.3,,2,5,42182,Safdarjung
2025-01-20 02:00:00,12.5,99,0.0,,250,5.5,,1015.7,,2,5,42182,Safdarjung
2025-01-20 02:00:00,12.5,99,0.0,,250,5.5,,1015.7,,2,5,42182,Safdarjung
2025-01-20 03:00:00,12.8,91,0.0,,270,5.4,,1017.0,,3,5,42182,Safdarjung
2025-01-20 03:00:00,12.8,91,0.0,,270,5.4,,1017.0,,3,5,42182,Safdarjung
2025-01-20 04:00:00,14.9,82,0.0,,273,7.4,,1017.1,,0,5,42182,Safdarjung
2025-01-20 04:00:00,14.9,82,0.0,,273,7.4,,1017.1,,0,5,42182,Safdarjung
2025-01-20 05:00:00,16.9,74,0.0,,275,7.4,,1017.2,,1,5,42182,Safdarjung
2025-01-20 05:00:00,16.9,74,0.0,,275,7.4,,1017.2,,1,5,42182,Safdarjung
2025-01-20 06:00:00,21.0,48,0.0,,270,9.4,,1017.2,,1,5,42182,Safdarjung
2025-01-20 06:00:00,21.0,48,0.0,,270,9.4,,1017.2,,1,5,42182,Safdarjung
2025-01-20 07:00:00,20.2,62,0.0,,279,9.3,,1016.2,,1,5,42182,Safdarjung
2025-01-20 07:00:00,20.2,62,0.0,,279,9.3,,1016.2,,1,5,42182,Safdarjung
2025-01-20 08:00:00,21.4,57,0.0,,282,11.1,,1015.0,,1,5,42182,Safdarjung
2025-01-20 08:00:00,21.4,57,0.0,,282,11.1,,1015.0,,1,5,42182,Safdarjung
2025-01-20 09:00:00,24.0,53,0.0,,270,9.4,,1014.3,,1,5,42182,Safdarjung
2025-01-20 09:00:00,24.0,53,0.0,,270,9.4,,1014.3,,1,5,42182,Safdarjung
2025-01-20 10:00:00,22.2,48,0.0,,284,13.0,,1013.7,,1,1,42182,Safdarjung
2025-01-20 10:00:00,22.2,48,0.0,,284,13.0,,1013.7,,1,1,42182,Safdarjung
2025-01-20 11:00:00,21.5,53,0.0,,280,11.1,,1013.3,,1,1,42182,Safdarjung
2025-01-20 11:00:00,21.5,53,0.0,,280,11.1,,1013.3,,1,1,42182,Safdarjung
2025-01-20 12:00:00,22.4,65,0.0,,270,5.4,,1013.1,,1,1,42182,Safdarjung
2025-01-20 12:00:00,22.4,65,0.0,,270,5.4,,1013.1,,1,1,42182,Safdarjung
2025-01-20 13:00:00,19.4,65,0.0,,275,7.4,,1013.5,,1,1,42182,Safdarjung
2025-01-20 13:00:00,19.4,65,0.0,,275,7.4,,1013.5,,1,1,42182,Safdarjung
2025-01-20 14:00:00,18.0,73,0.0,,276,7.4,,1014.1,,1,1,42182,Safdarjung
2025-01-20 14:00:00,18.0,73,0.0,,276,7.4,,1014.1,,1,1,42182,Safdarjung
2025-01-20 15:00:00,16.0,90,0.0,,0,0.0,,1014.7,,1,1,42182,Safdarjung
2025-01-20 15:00:00,16.0,90,0.0,,0,0.0,,1014.7,,1,1,42182,Safdarjung
2025-01-20 16:00:00,15.6,90,0.0,,271,1.8,,1014.9,,0,5,42182,Safdarjung
2025-01-20 16:00:00,15.6,90,0.0,,271,1.8,,1014.9,,0,5,42182,Safdarjung
2025-01-20 17:00:00,15.2,91,0.0,,271,1.8,,1015.1,,0,5,42182,Safdarjung
2025-01-20 17:00:00,15.2,91,0.0,,271,1.8,,1015.1,,0,5,42182,Safdarjung
2025-01-20 18:00:00,14.8,91,0.0,,0,0.0,,1014.9,,0,5,42182,Safdarjung
2025-01-20 18:00:00,14.8,91,0.0,,0,0.0,,1014.9,,0,5,42182,Safdarjung
2025-01-20 19:00:00,14.3,93,0.0,,270,3.7,,1015.0,,0,5,42182,Safdarjung
2025-01-20 19:00:00,14.3,93,0.0,,270,3.7,,1015.0,,0,5,42182,Safdarjung
2025-01-20 20:00:00,13.8,94,0.0,,270,3.7,,1014.7,,0,5,42182,Safdarjung
2025-01-20 20:00:00,13.8,94,0.0,,270,3.7,,1014.7,,0,5,42182,Safdarjung
2025-01-20 21:00:00,13.4,96,0.0,,269,3.6,,1014.2,,0,5,42182,Safdarjung
2025-01-20 21:00:00,13.4,96,0.0,,269,3.6,,1014.2,,0,5,42182,Safdarjung
2025-01-20 22:00:00,12.9,97,0.0,,266,3.7,,1014.3,,1,5,42182,Safdarjung
2025-01-20 22:00:00,12.9,97,0.0,,266,3.7,,1014.3,,1,5,42182,Safdarjung
2025-01-20 23:00:00,12.4,98,0.0,,263,3.7,,1014.2,,1,5,42182,Safdarjung
2025-01-20 23:00:00,12.4,98,0.0,,263,3.7,,1014.2,,1,5,42182,Safdarjung
2025-01-21 00:00:00,11.8,95,0.0,,260,3.6,,1013.6,,1,5,42182,Safdarjung
2025-01-21 00:00:00,11.8,95,0.0,,260,3.6,,1013.6,,1,5,42182,Safdarjung
2025-01-21 01:00:00,12.0,99,0.0,,257,3.7,,1014.4,,1,5,42182,Safdarjung
2025-01-21 01:00:00,12.0,99,0.0,,257,3.7,,1014.4,,1,5,42182,Safdarjung
2025-01-21 02:00:00,12.1,97,0.0,,254,5.5,,1014.8,,1,5,42182,Safdarjung
2025-01-21 02:00:00,12.1,97,0.0,,254,5.5,,1014.8,,1,5,42182,Safdarjung
2025-01-21 03:00:00,12.0,83,0.0,,270,5.4,,1016.0,,1,5,42182,Safdarjung
2025-01-21 03:00:00,12.0,83,0.0,,270,5.4,,1016.0,,1,5,42182,Safdarjung
2025-01-21 04:00:00,14.5,72,0.0,,272,7.4,,1016.0,,0,1,42182,Safdarjung
2025-01-21 04:00:00,14.5,72,0.0,,272,7.4,,1016.0,,0,1,42182,Safdarjung
2025-01-21 05:00:00,17.0,63,0.0,,273,7.4,,1016.0,,0,1,42182,Safdarjung
2025-01-21 05:00:00,17.0,63,0.0,,273,7.4,,1016.0,,0,1,42182,Safdarjung
2025-01-21 06:00:00,20.2,50,0.0,,270,9.4,,1015.9,,1,1,42182,Safdarjung
2025-01-21 06:00:00,20.2,50,0.0,,270,9.4,,1015.9,,1,1,42182,Safdarjung
2025-01-21 07:00:00,20.5,51,0.0,,279,9.3,,1014.8,,1,1,42182,Safdarjung
2025-01-21 07:00:00,20.5,51,0.0,,279,9.3,,1014.8,,1,1,42182,Safdarjung
2025-01-21 08:00:00,21.5,47,0.0,,283,11.1,,1013.6,,1,1,42182,Safdarjung
2025-01-21 08:00:00,21.5,47,0.0,,283,11.1,,1013.6,,1,1,42182,Safdarjung
2025-01-21 09:00:00,23.4,45,0.0,,270,9.4,,1012.7,,1,1,42182,Safdarjung
2025-01-21 09:00:00,23.4,45,0.0,,270,9.4,,1012.7,,1,1,42182,Safdarjung
2025-01-21 10:00:00,22.6,49,0.0,,268,9.3,,1012.4,,0,1,42182,Safdarjung
2025-01-21 10:00:00,22.6,49,0.0,,268,9.3,,1012.4,,0,1,42182,Safdarjung
2025-01-21 11:00:00,21.7,52,0.0,,266,9.3,,1012.1,,0,1,42182,Safdarjung
2025-01-21 11:00:00,21.7,52,0.0,,266,9.3,,1012.1,,0,1,42182,Safdarjung
2025-01-21 12:00:00,21.4,69,0.0,,250,7.6,,1011.6,,0,1,42182,Safdarjung
2025-01-21 12:00:00,21.4,69,0.0,,250,7.6,,1011.6,,0,1,42182,Safdarjung
2025-01-21 13:00:00,19.2,64,0.0,,263,7.4,,1012.3,,1,1,42182,Safdarjung
2025-01-21 13:00:00,19.2,64,0.0,,263,7.4,,1012.3,,1,1,42182,Safdarjung
2025-01-21 14:00:00,17.5,72,0.0,,262,5.5,,1012.9,,1,1,42182,Safdarjung
2025-01-21 14:00:00,17.5,72,0.0,,262,5.5,,1012.9,,1,1,42182,Safdarjung
2025-01-21 15:00:00,16.0,81,0.0,,0,0.0,,1014.0,,1,1,42182,Safdarjung
2025-01-21 15:00:00,16.0,81,0.0,,0,0.0,,1014.0,,1,1,42182,Safdarjung
2025-01-21 16:00:00,15.4,83,0.0,,261,0.0,,1014.1,,0,1,42182,Safdarjung
2025-01-21 16:00:00,15.4,83,0.0,,261,0.0,,1014.1,,0,1,42182,Safdarjung
2025-01-21 17:00:00,14.8,86,0.0,,271,1.8,,1014.3,,0,1,42182,Safdarjung
2025-01-21 17:00:00,14.8,86,0.0,,271,1.8,,1014.3,,0,1,42182,Safdarjung
2025-01-21 18:00:00,14.0,93,0.0,,0,0.0,,1014.3,,0,1,42182,Safdarjung
2025-01-21 18:00:00,14.0,93,0.0,,0,0.0,,1014.3,,0,1,42182,Safdarjung
2025-01-21 19:00:00,13.7,90,0.0,,267,1.8,,1014.2,,0,5,42182,Safdarjung
2025-01-21 19:00:00,13.7,90,0.0,,267,1.8,,1014.2,,0,5,42182,Safdarjung
2025-01-21 20:00:00,13.3,91,0.0,,263,1.8,,1014.0,,0,5,42182,Safdarjung
2025-01-21 20:00:00,13.3,91,0.0,,263,1.8,,1014.0,,0,5,42182,Safdarjung
2025-01-21 21:00:00,10.8,97,0.0,,0,0.0,,1014.0,,0,5,42182,Safdarjung
2025-01-21 21:00:00,10.8,97,0.0,,0,0.0,,1014.0,,0,5,42182,Safdarjung
2025-01-21 22:00:00,10.9,96,0.0,,257,0.0,,1013.8,,0,1,42182,Safdarjung
2025-01-21 22:00:00,10.9,96,0.0,,257,0.0,,1013.8,,0,1,42182,Safdarjung
2025-01-21 23:00:00,10.9,95,0.0,,257,0.0,,1013.7,,0,1,42182,Safdarjung
2025-01-21 23:00:00,10.9,95,0.0,,257,0.0,,1013.7,,0,1,42182,Safdarjung
2025-01-22 00:00:00,10.4,100,0.0,,0,0.0,,1013.3,,0,5,42182,Safdarjung
2025-01-22 00:00:00,10.4,100,0.0,,0,0.0,,1013.3,,0,5,42182,Safdarjung
2025-01-22 01:00:00,11.0,95,0.0,,230,1.8,,1014.0,,0,5,42182,Safdarjung
2025-01-22 01:00:00,11.0,95,0.0,,230,1.8,,1014.0,,0,5,42182,Safdarjung
2025-01-22 02:00:00,11.0,96,0.0,,222,1.8,,1014.4,,0,5,42182,Safdarjung
2025-01-22 02:00:00,11.0,96,0.0,,222,1.8,,1014.4,,0,5,42182,Safdarjung
2025-01-22 03:00:00,12.0,97,0.0,,216,3.6,,1015.1,,0,5,42182,Safdarjung
2025-01-22 03:00:00,12.0,97,0.0,,216,3.6,,1015.1,,0,5,42182,Safdarjung
2025-01-22 04:00:00,14.6,82,0.0,,251,3.7,,1015.1,,0,5,42182,Safdarjung
2025-01-22 04:00:00,14.6,82,0.0,,251,3.7,,1015.1,,0,5,42182,Safdarjung
2025-01-22 05:00:00,17.1,70,0.0,,251,3.7,,1015.2,,0,1,42182,Safdarjung
2025-01-22 05:00:00,17.1,70,0.0,,251,3.7,,1015.2,,0,1,42182,Safdarjung
2025-01-22 06:00:00,21.2,56,0.0,,251,3.6,,1015.3,,0,1,42182,Safdarjung
2025-01-22 06:00:00,21.2,56,0.0,,251,3.6,,1015.3,,0,1,42182,Safdarjung
2025-01-22 07:00:00,20.7,56,0.0,,266,5.5,,1014.2,,1,1,42182,Safdarjung
2025-01-22 07:00:00,20.7,56,0.0,,266,5.5,,1014.2,,1,1,42182,Safdarjung
2025-01-22 08:00:00,21.7,52,0.0,,277,5.5,,1013.2,,1,1,42182,Safdarjung
2025-01-22 08:00:00,21.7,52,0.0,,277,5.5,,1013.2,,1,1,42182,Safdarjung
2025-01-22 09:00:00,24.8,70,0.0,,270,5.4,,1012.2,,2,1,42182,Safdarjung
2025-01-22 09:00:00,24.8,70,0.0,,270,5.4,,1012.2,,2,1,42182,Safdarjung
2025-01-22 10:00:00,23.8,70,0.0,,268,5.5,,1012.0,,1,1,42182,Safdarjung
2025-01-22 10:00:00,23.8,70,0.0,,268,5.5,,1012.0,,1,1,42182,Safdarjung
2025-01-22 11:00:00,22.8,70,0.0,,266,5.5,,1011.7,,1,1,42182,Safdarjung
2025-01-22 11:00:00,22.8,70,0.0,,266,5.5,,1011.7,,1,1,42182,Safdarjung
2025-01-22 12:00:00,22.0,74,0.0,,0,0.0,,1011.6,,2,1,42182,Safdarjung
2025-01-22 12:00:00,22.0,74,0.0,,0,0.0,,1011.6,,2,1,42182,Safdarjung
2025-01-22 13:00:00,20.3,75,0.0,,265,5.5,,1012.1,,2,1,42182,Safdarjung
2025-01-22 13:00:00,20.3,75,0.0,,265,5.5,,1012.1,,2,1,42182,Safdarjung
2025-01-22 14:00:00,18.7,81,0.0,,265,3.7,,1012.7,,2,1,42182,Safdarjung
2025-01-22 14:00:00,18.7,81,0.0,,265,3.7,,1012.7,,2,1,42182,Safdarjung
2025-01-22 15:00:00,15.6,91,0.0,,0,0.0,,1014.0,,3,1,42182,Safdarjung
2025-01-22 15:00:00,15.6,91,0.0,,0,0.0,,1014.0,,3,1,42182,Safdarjung
2025-01-22 16:00:00,15.5,90,0.0,,273,0.0,,1014.1,,0,1,42182,Safdarjung
2025-01-22 16:00:00,15.5,90,0.0,,273,0.0,,1014.1,,0,1,42182,Safdarjung
2025-01-22 17:00:00,15.3,90,0.0,,322,1.8,,1014.2,,1,1,42182,Safdarjung
2025-01-22 17:00:00,15.3,90,0.0,,322,1.8,,1014.2,,1,1,42182,Safdarjung
2025-01-22 18:00:00,14.8,91,0.0,,0,0.0,,1014.5,,4,1,42182,Safdarjung
2025-01-22 18:00:00,14.8,91,0.0,,0,0.0,,1014.5,,4,1,42182,Safdarjung
2025-01-22 19:00:00,14.8,90,0.1,,308,3.7,,1014.2,,2,1,42182,Safdarjung
2025-01-22 19:00:00,14.8,90,0.1,,308,3.7,,1014.2,,2,1,42182,Safdarjung
2025-01-22 20:00:00,14.4,91,3.1,,300,3.7,,1014.0,,2,7,42182,Safdarjung
2025-01-22 20:00:00,14.4,91,3.1,,300,3.7,,1014.0,,2,7,42182,Safdarjung
2025-01-22 21:00:00,14.4,96,0.0,,0,0.0,,1014.4,,5,5,42182,Safdarjung
2025-01-22 21:00:00,14.4,96,0.0,,0,0.0,,1014.4,,5,5,42182,Safdarjung
2025-01-22 22:00:00,14.0,96,1.1,,287,0.0,,1014.2,,5,3,42182,Safdarjung
2025-01-22 22:00:00,14.0,96,1.1,,287,0.0,,1014.2,,5,3,42182,Safdarjung
2025-01-22 23:00:00,13.6,97,0.0,,244,1.8,,1014.1,,5,3,42182,Safdarjung
2025-01-22 23:00:00,13.6,97,0.0,,244,1.8,,1014.1,,5,3,42182,Safdarjung
2025-01-23 00:00:00,12.6,100,0.0,,0,0.0,,1013.7,,2,3,42182,Safdarjung
2025-01-23 00:00:00,12.6,100,0.0,,0,0.0,,1013.7,,2,3,42182,Safdarjung
2025-01-23 01:00:00,13.1,98,0.0,,248,1.8,,1014.5,,4,5,42182,Safdarjung
2025-01-23 01:00:00,13.1,98,0.0,,248,1.8,,1014.5,,4,5,42182,Safdarjung
2025-01-23 02:00:00,13.1,98,0.0,,250,1.8,,1015.0,,4,5,42182,Safdarjung
2025-01-23 02:00:00,13.1,98,0.0,,250,1.8,,1015.0,,4,5,42182,Safdarjung
2025-01-23 03:00:00,11.6,100,0.0,,0,0.0,,1015.8,,3,5,42182,Safdarjung
2025-01-23 03:00:00,11.6,100,0.0,,0,0.0,,1015.8,,3,5,42182,Safdarjung
2025-01-23 04:00:00,14.4,84,0.0,,274,1.8,,1016.0,,6,5,42182,Safdarjung
2025-01-23 04:00:00,14.4,84,0.0,,274,1.8,,1016.0,,6,5,42182,Safdarjung
2025-01-23 05:00:00,17.1,72,0.0,,274,3.7,,1016.2,,5,5,42182,Safdarjung
2025-01-23 05:00:00,17.1,72,0.0,,274,3.7,,1016.2,,5,5,42182,Safdarjung
2025-01-23 06:00:00,18.8,68,0.0,,274,3.6,,1016.6,,3,2,42182,Safdarjung
2025-01-23 06:00:00,18.8,68,0.0,,274,3.6,,1016.6,,3,2,42182,Safdarjung
2025-01-23 07:00:00,20.6,59,0.0,,282,7.4,,1015.6,,3,2,42182,Safdarjung
2025-01-23 07:00:00,20.6,59,0.0,,282,7.4,,1015.6,,3,2,42182,Safdarjung
2025-01-23 08:00:00,21.4,56,0.0,,287,7.4,,1014.7,,2,2,42182,Safdarjung
2025-01-23 08:00:00,21.4,56,0.0,,287,7.4,,1014.7,,2,2,42182,Safdarjung
2025-01-23 09:00:00,24.2,50,0.0,,290,11.2,,1014.0,,2,1,42182,Safdarjung
2025-01-23 09:00:00,24.2,50,0.0,,290,11.2,,1014.0,,2,1,42182,Safdarjung
2025-01-23 10:00:00,21.5,57,0.0,,285,7.4,,1013.9,,2,1,42182,Safdarjung
2025-01-23 10:00:00,21.5,57,0.0,,285,7.4,,1013.9,,2,1,42182,Safdarjung
2025-01-23 11:00:00,20.8,60,0.0,,277,7.4,,1013.9,,2,1,42182,Safdarjung
2025-01-23 11:00:00,20.8,60,0.0,,277,7.4,,1013.9,,2,1,42182,Safdarjung
2025-01-23 12:00:00,21.0,68,0.0,,269,3.6,,1013.9,,2,1,42182,Safdarjung
2025-01-23 12:00:00,21.0,68,0.0,,269,3.6,,1013.9,,2,1,42182,Safdarjung
2025-01-23 13:00:00,18.7,70,0.0,,271,5.5,,1014.6,,2,1,42182,Safdarjung
2025-01-23 13:00:00,18.7,70,0.0,,271,5.5,,1014.6,,2,1,42182,Safdarjung
2025-01-23 14:00:00,17.2,78,0.0,,275,5.5,,1015.3,,1,1,42182,Safdarjung
2025-01-23 14:00:00,17.2,78,0.0,,275,5.5,,1015.3,,1,1,42182,Safdarjung
2025-01-23 15:00:00,15.0,89,0.0,,0,0.0,,1016.0,,1,1,42182,Safdarjung
2025-01-23 15:00:00,15.0,89,0.0,,0,0.0,,1016.0,,1,1,42182,Safdarjung
2025-01-23 16:00:00,14.5,91,0.0,,275,1.8,,1016.2,,0,1,42182,Safdarjung
2025-01-23 16:00:00,14.5,91,0.0,,275,1.8,,1016.2,,0,1,42182,Safdarjung
2025-01-23 17:00:00,14.1,91,0.0,,275,1.8,,1016.3,,0,1,42182,Safdarjung
2025-01-23 17:00:00,14.1,91,0.0,,275,1.8,,1016.3,,0,1,42182,Safdarjung
2025-01-23 18:00:00,14.2,89,0.0,,0,0.0,,1016.2,,0,1,42182,Safdarjung
2025-01-23 18:00:00,14.2,89,0.0,,0,0.0,,1016.2,,0,1,42182,Safdarjung
2025-01-23 19:00:00,13.2,94,0.0,,275,3.7,,1016.2,,0,1,42182,Safdarjung
2025-01-23 19:00:00,13.2,94,0.0,,275,3.7,,1016.2,,0,1,42182,Safdarjung
2025-01-23 20:00:00,12.7,95,0.0,,275,3.7,,1016.0,,0,1,42182,Safdarjung
2025-01-23 20:00:00,12.7,95,0.0,,275,3.7,,1016.0,,0,1,42182,Safdarjung
2025-01-23 21:00:00,12.3,96,0.0,,274,3.7,,1015.7,,0,5,42182,Safdarjung
2025-01-23 21:00:00,12.3,96,0.0,,274,3.7,,1015.7,,0,5,42182,Safdarjung
2025-01-23 22:00:00,11.0,95,0.0,,267,1.8,,1015.2,,0,1,42182,Safdarjung
2025-01-23 22:00:00,11.0,95,0.0,,267,1.8,,1015.2,,0,1,42182,Safdarjung
2025-01-23 23:00:00,11.1,93,0.0,,267,3.7,,1015.2,,0,1,42182,Safdarjung
2025-01-23 23:00:00,11.1,93,0.0,,267,3.7,,1015.2,,0,1,42182,Safdarjung
2025-01-24 00:00:00,10.8,92,0.0,,270,3.6,,1014.9,,0,1,42182,Safdarjung
2025-01-24 00:00:00,10.8,92,0.0,,270,3.6,,1014.9,,0,1,42182,Safdarjung
2025-01-24 01:00:00,10.9,92,0.0,,259,5.5,,1015.7,,0,5,42182,Safdarjung
2025-01-24 01:00:00,10.9,92,0.0,,259,5.5,,1015.7,,0,5,42182,Safdarjung
2025-01-24 02:00:00,10.7,93,0.0,,253,7.4,,1016.2,,0,5,42182,Safdarjung
2025-01-24 02:00:00,10.7,93,0.0,,253,7.4,,1016.2,,0,5,42182,Safdarjung
2025-01-24 03:00:00,11.4,90,0.0,,250,5.4,,1016.6,,1,5,42182,Safdarjung
2025-01-24 03:00:00,11.4,90,0.0,,250,5.4,,1016.6,,1,5,42182,Safdarjung
2025-01-24 04:00:00,13.7,77,0.0,,260,7.4,,1016.8,,0,1,42182,Safdarjung
2025-01-24 04:00:00,13.7,77,0.0,,260,7.4,,1016.8,,0,1,42182,Safdarjung
2025-01-24 05:00:00,16.1,67,0.0,,266,9.3,,1017.0,,0,1,42182,Safdarjung
2025-01-24 05:00:00,16.1,67,0.0,,266,9.3,,1017.0,,0,1,42182,Safdarjung
2025-01-24 06:00:00,19.8,55,0.0,,270,7.6,,1016.8,,0,1,42182,Safdarjung
2025-01-24 06:00:00,19.8,55,0.0,,270,7.6,,1016.8,,0,1,42182,Safdarjung
2025-01-24 07:00:00,19.4,53,0.0,,275,13.0,,1016.5,,0,1,42182,Safdarjung
2025-01-24 07:00:00,19.4,53,0.0,,275,13.0,,1016.5,,0,1,42182,Safdarjung
2025-01-24 08:00:00,20.3,49,0.0,,279,13.0,,1015.7,,0,1,42182,Safdarjung
2025-01-24 08:00:00,20.3,49,0.0,,279,13.0,,1015.7,,0,1,42182,Safdarjung
2025-01-24 09:00:00,23.2,55,0.0,,270,16.6,,1014.4,,0,1,42182,Safdarjung
2025-01-24 09:00:00,23.2,55,0.0,,270,16.6,,1014.4,,0,1,42182,Safdarjung
2025-01-24 10:00:00,22.3,56,0.0,,270,14.8,,1014.3,,0,1,42182,Safdarjung
2025-01-24 10:00:00,22.3,56,0.0,,270,14.8,,1014.3,,0,1,42182,Safdarjung
2025-01-24 11:00:00,21.4,58,0.0,,270,13.0,,1014.2,,0,1,42182,Safdarjung
2025-01-24 11:00:00,21.4,58,0.0,,270,13.0,,1014.2,,0,1,42182,Safdarjung
2025-01-24 12:00:00,20.6,58,0.0,,270,7.6,,1013.9,,0,1,42182,Safdarjung
2025-01-24 12:00:00,20.6,58,0.0,,270,7.6,,1013.9,,0,1,42182,Safdarjung
2025-01-24 13:00:00,18.8,65,0.0,,270,9.3,,1014.6,,0,1,42182,Safdarjung
2025-01-24 13:00:00,18.8,65,0.0,,270,9.3,,1014.6,,0,1,42182,Safdarjung
2025-01-24 14:00:00,17.0,72,0.0,,271,7.4,,1015.1,,0,1,42182,Safdarjung
2025-01-24 14:00:00,17.0,72,0.0,,271,7.4,,1015.1,,0,1,42182,Safdarjung
2025-01-24 15:00:00,15.0,66,0.0,,0,0.0,,1015.2,,0,1,42182,Safdarjung
2025-01-24 15:00:00,15.0,66,0.0,,0,0.0,,1015.2,,0,1,42182,Safdarjung
2025-01-24 16:00:00,14.5,69,0.0,,268,1.8,,1015.4,,0,1,42182,Safdarjung
2025-01-24 16:00:00,14.5,69,0.0,,268,1.8,,1015.4,,0,1,42182,Safdarjung
2025-01-24 17:00:00,14.0,73,0.0,,268,3.7,,1015.6,,0,1,42182,Safdarjung
2025-01-24 17:00:00,14.0,73,0.0,,268,3.7,,1015.6,,0,1,42182,Safdarjung
2025-01-24 18:00:00,13.6,73,0.0,,270,5.4,,1015.4,,0,1,42182,Safdarjung
2025-01-24 18:00:00,13.6,73,0.0,,270,5.4,,1015.4,,0,1,42182,Safdarjung
2025-01-24 19:00:00,12.9,79,0.0,,270,3.7,,1015.5,,0,1,42182,Safdarjung
2025-01-24 19:00:00,12.9,79,0.0,,270,3.7,,1015.5,,0,1,42182,Safdarjung
2025-01-24 20:00:00,12.3,81,0.0,,271,5.5,,1015.3,,0,1,42182,Safdarjung
2025-01-24 20:00:00,12.3,81,0.0,,271,5.5,,1015.3,,0,1,42182,Safdarjung
2025-01-24 21:00:00,12.0,79,0.0,,270,5.4,,1014.4,,0,1,42182,Safdarjung
2025-01-24 21:00:00,12.0,79,0.0,,270,5.4,,1014.4,,0,1,42182,Safdarjung
2025-01-24 22:00:00,11.5,80,0.0,,268,5.5,,1014.4,,0,1,42182,Safdarjung
2025-01-24 22:00:00,11.5,80,0.0,,268,5.5,,1014.4,,0,1,42182,Safdarjung
2025-01-24 23:00:00,10.9,81,0.0,,266,5.5,,1014.5,,0,1,42182,Safdarjung
2025-01-24 23:00:00,10.9,81,0.0,,266,5.5,,1014.5,,0,1,42182,Safdarjung
2025-01-25 00:00:00,10.0,84,0.0,,270,5.4,,1014.7,,0,1,42182,Safdarjung
2025-01-25 00:00:00,10.0,84,0.0,,270,5.4,,1014.7,,0,1,42182,Safdarjung
2025-01-25 01:00:00,10.3,82,0.0,,259,7.4,,1015.1,,0,1,42182,Safdarjung
2025-01-25 01:00:00,10.3,82,0.0,,259,7.4,,1015.1,,0,1,42182,Safdarjung
2025-01-25 02:00:00,10.2,82,0.0,,254,7.4,,1015.7,,0,1,42182,Safdarjung
2025-01-25 02:00:00,10.2,82,0.0,,254,7.4,,1015.7,,0,1,42182,Safdarjung
2025-01-25 03:00:00,10.4,72,0.0,,270,5.4,,1016.1,,0,1,42182,Safdarjung
2025-01-25 03:00:00,10.4,72,0.0,,270,5.4,,1016.1,,0,1,42182,Safdarjung
2025-01-25 04:00:00,13.1,63,0.0,,271,7.4,,1016.3,,0,1,42182,Safdarjung
2025-01-25 04:00:00,13.1,63,0.0,,271,7.4,,1016.3,,0,1,42182,Safdarjung
2025-01-25 05:00:00,15.8,54,0.0,,271,9.3,,1016.5,,0,1,42182,Safdarjung
2025-01-25 05:00:00,15.8,54,0.0,,271,9.3,,1016.5,,0,1,42182,Safdarjung
2025-01-25 06:00:00,19.6,42,0.0,,270,11.2,,1016.5,,0,1,42182,Safdarjung
2025-01-25 06:00:00,19.6,42,0.0,,270,11.2,,1016.5,,0,1,42182,Safdarjung
2025-01-25 07:00:00,19.5,45,0.0,,273,13.0,,1015.7,,0,1,42182,Safdarjung
2025-01-25 07:00:00,19.5,45,0.0,,273,13.0,,1015.7,,0,1,42182,Safdarjung
2025-01-25 08:00:00,20.5,42,0.0,,274,13.0,,1014.9,,0,1,42182,Safdarjung
2025-01-25 08:00:00,20.5,42,0.0,,274,13.0,,1014.9,,0,1,42182,Safdarjung
2025-01-25 09:00:00,23.2,30,0.0,,270,18.4,,1013.6,,0,1,42182,Safdarjung
2025-01-25 09:00:00,23.2,30,0.0,,270,18.4,,1013.6,,0,1,42182,Safdarjung
2025-01-25 10:00:00,22.4,34,0.0,,269,14.8,,1013.5,,0,1,42182,Safdarjung
2025-01-25 10:00:00,22.4,34,0.0,,269,14.8,,1013.5,,0,1,42182,Safdarjung
2025-01-25 11:00:00,21.5,38,0.0,,267,13.0,,1013.3,,0,1,42182,Safdarjung
2025-01-25 11:00:00,21.5,38,0.0,,267,13.0,,1013.3,,0,1,42182,Safdarjung
2025-01-25 12:00:00,21.0,42,0.0,,250,7.6,,1013.2,,0,1,42182,Safdarjung
2025-01-25 12:00:00,21.0,42,0.0,,250,7.6,,1013.2,,0,1,42182,Safdarjung
2025-01-25 13:00:00,18.6,50,0.0,,263,7.4,,1013.8,,0,1,42182,Safdarjung
2025-01-25 13:00:00,18.6,50,0.0,,263,7.4,,1013.8,,0,1,42182,Safdarjung
2025-01-25 14:00:00,16.5,59,0.0,,264,5.5,,1014.5,,0,1,42182,Safdarjung
2025-01-25 14:00:00,16.5,59,0.0,,264,5.5,,1014.5,,0,1,42182,Safdarjung
2025-01-25 15:00:00,13.2,75,0.0,,0,0.0,,1015.1,,0,1,42182,Safdarjung
2025-01-25 15:00:00,13.2,75,0.0,,0,0.0,,1015.1,,0,1,42182,Safdarjung
2025-01-25 16:00:00,12.8,77,0.0,,266,0.0,,1015.3,,0,1,42182,Safdarjung
2025-01-25 16:00:00,12.8,77,0.0,,266,0.0,,1015.3,,0,1,42182,Safdarjung
2025-01-25 17:00:00,12.3,79,0.0,,265,0.0,,1015.4,,0,1,42182,Safdarjung
2025-01-25 17:00:00,12.3,79,0.0,,265,0.0,,1015.4,,0,1,42182,Safdarjung
2025-01-25 18:00:00,11.8,81,0.0,,270,5.4,,1015.3,,0,1,42182,Safdarjung
2025-01-25 18:00:00,11.8,81,0.0,,270,5.4,,1015.3,,0,1,42182,Safdarjung
2025-01-25 19:00:00,11.3,83,0.0,,263,1.8,,1015.4,,0,1,42182,Safdarjung
2025-01-25 19:00:00,11.3,83,0.0,,263,1.8,,1015.4,,0,1,42182,Safdarjung
2025-01-25 20:00:00,10.8,84,0.0,,261,1.8,,1015.2,,0,1,42182,Safdarjung
2025-01-25 20:00:00,10.8,84,0.0,,261,1.8,,1015.2,,0,1,42182,Safdarjung
2025-01-25 21:00:00,10.0,87,0.0,,0,0.0,,1014.9,,0,1,42182,Safdarjung
2025-01-25 21:00:00,10.0,87,0.0,,0,0.0,,1014.9,,0,1,42182,Safdarjung
2025-01-25 22:00:00,9.6,86,0.0,,258,1.8,,1014.9,,0,1,42182,Safdarjung
2025-01-25 22:00:00,9.6,86,0.0,,258,1.8,,1014.9,,0,1,42182,Safdarjung
2025-01-25 23:00:00,9.0,87,0.0,,257,1.8,,1014.8,,0,1,42182,Safdarjung
2025-01-25 23:00:00,9.0,87,0.0,,257,1.8,,1014.8,,0,1,42182,Safdarjung
2025-01-26 00:00:00,8.0,89,0.0,,0,0.0,,1014.8,,0,5,42182,Safdarjung
2025-01-26 00:00:00,8.0,89,0.0,,0,0.0,,1014.8,,0,5,42182,Safdarjung
2025-01-26 01:00:00,8.4,86,0.0,,245,3.7,,1015.3,,0,1,42182,Safdarjung
2025-01-26 01:00:00,8.4,86,0.0,,245,3.7,,1015.3,,0,1,42182,Safdarjung
2025-01-26 02:00:00,8.5,85,0.0,,238,5.5,,1015.9,,0,1,42182,Safdarjung
2025-01-26 02:00:00,8.5,85,0.0,,238,5.5,,1015.9,,0,1,42182,Safdarjung
2025-01-26 03:00:00,10.0,72,0.0,,250,5.4,,1016.8,,0,1,42182,Safdarjung
2025-01-26 03:00:00,10.0,72,0.0,,250,5.4,,1016.8,,0,1,42182,Safdarjung
2025-01-26 04:00:00,13.0,61,0.0,,257,7.4,,1016.8,,0,1,42182,Safdarjung
2025-01-26 04:00:00,13.0,61,0.0,,257,7.4,,1016.8,,0,1,42182,Safdarjung
2025-01-26 05:00:00,15.9,53,0.0,,263,7.4,,1016.8,,0,1,42182,Safdarjung
2025-01-26 05:00:00,15.9,53,0.0,,263,7.4,,1016.8,,0,1,42182,Safdarjung
2025-01-26 06:00:00,19.6,36,0.0,,270,9.4,,1016.8,,0,1,42182,Safdarjung
2025-01-26 06:00:00,19.6,36,0.0,,270,9.4,,1016.8,,0,1,42182,Safdarjung
2025-01-26 07:00:00,19.9,42,0.0,,269,9.3,,1015.8,,0,1,42182,Safdarjung
2025-01-26 07:00:00,19.9,42,0.0,,269,9.3,,1015.8,,0,1,42182,Safdarjung
2025-01-26 08:00:00,21.0,38,0.0,,271,11.1,,1014.7,,0,1,42182,Safdarjung
2025-01-26 08:00:00,21.0,38,0.0,,271,11.1,,1014.7,,0,1,42182,Safdarjung
2025-01-26 09:00:00,22.6,36,0.0,,290,14.8,,1013.5,,0,1,42182,Safdarjung
2025-01-26 09:00:00,22.6,36,0.0,,290,14.8,,1013.5,,0,1,42182,Safdarjung
2025-01-26 10:00:00,21.9,38,0.0,,289,13.0,,1013.2,,0,1,42182,Safdarjung
2025-01-26 10:00:00,21.9,38,0.0,,289,13.0,,1013.2,,0,1,42182,Safdarjung
2025-01-26 11:00:00,21.2,40,0.0,,288,9.3,,1012.9,,0,1,42182,Safdarjung
2025-01-26 11:00:00,21.2,40,0.0,,288,9.3,,1012.9,,0,1,42182,Safdarjung
2025-01-26 12:00:00,20.6,53,0.0,,270,3.6,,1012.5,,0,1,42182,Safdarjung
2025-01-26 12:00:00,20.6,53,0.0,,270,3.6,,1012.5,,0,1,42182,Safdarjung
2025-01-26 13:00:00,18.1,52,0.0,,283,5.5,,1013.4,,0,1,42182,Safdarjung
2025-01-26 13:00:00,18.1,52,0.0,,283,5.5,,1013.4,,0,1,42182,Safdarjung
2025-01-26 14:00:00,15.7,64,0.0,,279,3.7,,1014.1,,0,1,42182,Safdarjung
2025-01-26 14:00:00,15.7,64,0.0,,279,3.7,,1014.1,,0,1,42182,Safdarjung
2025-01-26 15:00:00,12.4,77,0.0,,0,0.0,,1014.4,,0,1,42182,Safdarjung
2025-01-26 15:00:00,12.4,77,0.0,,0,0.0,,1014.4,,0,1,42182,Safdarjung
2025-01-26 16:00:00,11.8,80,0.0,,235,0.0,,1014.7,,0,1,42182,Safdarjung
2025-01-26 16:00:00,11.8,80,0.0,,235,0.0,,1014.7,,0,1,42182,Safdarjung
2025-01-26 17:00:00,11.3,82,0.0,,226,0.0,,1015.0,,0,1,42182,Safdarjung
2025-01-26 17:00:00,11.3,82,0.0,,226,0.0,,1015.0,,0,1,42182,Safdarjung
2025-01-26 18:00:00,9.6,87,0.0,,0,0.0,,1015.2,,0,1,42182,Safdarjung
2025-01-26 18:00:00,9.6,87,0.0,,0,0.0,,1015.2,,0,1,42182,Safdarjung
2025-01-26 19:00:00,10.2,86,0.0,,218,0.0,,1015.2,,0,1,42182,Safdarjung
2025-01-26 19:00:00,10.2,86,0.0,,218,0.0,,1015.2,,0,1,42182,Safdarjung
2025-01-26 20:00:00,9.6,89,0.0,,213,0.0,,1015.0,,0,1,42182,Safdarjung
2025-01-26 20:00:00,9.6,89,0.0,,213,0.0,,1015.0,,0,1,42182,Safdarjung
2025-01-26 21:00:00,7.8,92,0.0,,0,0.0,,1014.5,,0,1,42182,Safdarjung
2025-01-26 21:00:00,7.8,92,0.0,,0,0.0,,1014.5,,0,1,42182,Safdarjung
2025-01-26 22:00:00,7.5,92,0.0,,269,0.0,,1014.3,,0,1,42182,Safdarjung
2025-01-26 22:00:00,7.5,92,0.0,,269,0.0,,1014.3,,0,1,42182,Safdarjung
2025-01-26 23:00:00,7.2,91,0.0,,261,0.0,,1014.2,,0,1,42182,Safdarjung
2025-01-26 23:00:00,7.2,91,0.0,,261,0.0,,1014.2,,0,1,42182,Safdarjung
2025-01-27 00:00:00,7.8,92,0.0,,0,0.0,,1014.0,,0,1,42182,Safdarjung
2025-01-27 00:00:00,7.8,92,0.0,,0,0.0,,1014.0,,0,1,42182,Safdarjung
2025-01-27 01:00:00,7.2,90,0.0,,232,1.8,,1014.5,,0,1,42182,Safdarjung
2025-01-27 01:00:00,7.2,90,0.0,,232,1.8,,1014.5,,0,1,42182,Safdarjung
2025-01-27 02:00:00,7.4,88,0.0,,230,3.7,,1014.9,,0,1,42182,Safdarjung
2025-01-27 02:00:00,7.4,88,0.0,,230,3.7,,1014.9,,0,1,42182,Safdarjung
2025-01-27 03:00:00,8.8,87,0.0,,0,0.0,,1015.6,,0,1,42182,Safdarjung
2025-01-27 03:00:00,8.8,87,0.0,,0,0.0,,1015.6,,0,1,42182,Safdarjung
2025-01-27 04:00:00,12.0,70,0.0,,270,1.8,,1015.6,,0,1,42182,Safdarjung
2025-01-27 04:00:00,12.0,70,0.0,,270,1.8,,1015.6,,0,1,42182,Safdarjung
2025-01-27 05:00:00,15.3,57,0.0,,270,5.5,,1015.5,,0,1,42182,Safdarjung
2025-01-27 05:00:00,15.3,57,0.0,,270,5.5,,1015.5,,0,1,42182,Safdarjung
2025-01-27 06:00:00,19.8,41,0.0,,270,5.4,,1015.3,,0,1,42182,Safdarjung
2025-01-27 06:00:00,19.8,41,0.0,,270,5.4,,1015.3,,0,1,42182,Safdarjung
2025-01-27 07:00:00,19.6,43,0.0,,273,9.3,,1014.4,,0,1,42182,Safdarjung
2025-01-27 07:00:00,19.6,43,0.0,,273,9.3,,1014.4,,0,1,42182,Safdarjung
2025-01-27 08:00:00,20.7,39,0.0,,276,9.3,,1013.3,,0,1,42182,Safdarjung
2025-01-27 08:00:00,20.7,39,0.0,,276,9.3,,1013.3,,0,1,42182,Safdarjung
2025-01-27 09:00:00,22.6,57,0.0,,270,7.6,,1011.7,,0,1,42182,Safdarjung
2025-01-27 09:00:00,22.6,57,0.0,,270,7.6,,1011.7,,0,1,42182,Safdarjung
2025-01-27 10:00:00,21.9,57,0.0,,268,7.4,,1011.5,,0,1,42182,Safdarjung
2025-01-27 10:00:00,21.9,57,0.0,,268,7.4,,1011.5,,0,1,42182,Safdarjung
2025-01-27 11:00:00,21.3,56,0.0,,266,7.4,,1011.2,,0,1,42182,Safdarjung
2025-01-27 11:00:00,21.3,56,0.0,,266,7.4,,1011.2,,0,1,42182,Safdarjung
2025-01-27 12:00:00,20.2,66,0.0,,262,3.6,,1010.4,,0,1,42182,Safdarjung
2025-01-27 12:00:00,20.2,66,0.0,,262,3.6,,1010.4,,0,1,42182,Safdarjung
2025-01-27 13:00:00,18.2,64,0.0,,260,5.5,,1011.7,,0,1,42182,Safdarjung
2025-01-27 13:00:00,18.2,64,0.0,,260,5.5,,1011.7,,0,1,42182,Safdarjung
2025-01-27 14:00:00,15.9,73,0.0,,256,3.7,,1012.4,,0,1,42182,Safdarjung
2025-01-27 14:00:00,15.9,73,0.0,,256,3.7,,1012.4,,0,1,42182,Safdarjung
2025-01-27 15:00:00,13.0,79,0.0,,0,0.0,,1012.5,,0,1,42182,Safdarjung
2025-01-27 15:00:00,13.0,79,0.0,,0,0.0,,1012.5,,0,1,42182,Safdarjung
2025-01-27 16:00:00,12.3,83,0.0,,250,0.0,,1012.7,,0,1,42182,Safdarjung
2025-01-27 16:00:00,12.3,83,0.0,,250,0.0,,1012.7,,0,1,42182,Safdarjung
2025-01-27 17:00:00,11.7,86,0.0,,250,0.0,,1012.9,,0,1,42182,Safdarjung
2025-01-27 17:00:00,11.7,86,0.0,,250,0.0,,1012.9,,0,1,42182,Safdarjung
2025-01-27 18:00:00,10.0,90,0.0,,0,0.0,,1013.1,,0,1,42182,Safdarjung
2025-01-27 18:00:00,10.0,90,0.0,,0,0.0,,1013.1,,0,1,42182,Safdarjung
2025-01-27 19:00:00,10.5,90,0.0,,215,0.0,,1012.9,,0,1,42182,Safdarjung
2025-01-27 19:00:00,10.5,90,0.0,,215,0.0,,1012.9,,0,1,42182,Safdarjung
2025-01-27 20:00:00,9.9,92,0.0,,206,0.0,,1012.7,,0,1,42182,Safdarjung
2025-01-27 20:00:00,9.9,92,0.0,,206,0.0,,1012.7,,0,1,42182,Safdarjung
2025-01-27 21:00:00,7.6,88,0.0,,0,0.0,,1012.5,,0,5,42182,Safdarjung
2025-01-27 21:00:00,7.6,88,0.0,,0,0.0,,1012.5,,0,5,42182,Safdarjung
2025-01-27 22:00:00,7.5,89,0.0,,242,0.0,,1012.4,,0,1,42182,Safdarjung
2025-01-27 22:00:00,7.5,89,0.0,,242,0.0,,1012.4,,0,1,42182,Safdarjung
2025-01-27 23:00:00,7.5,88,0.0,,240,1.8,,1012.4,,0,1,42182,Safdarjung
2025-01-27 23:00:00,7.5,88,0.0,,240,1.8,,1012.4,,0,1,42182,Safdarjung
2025-01-28 00:00:00,6.6,97,0.0,,0,0.0,,1012.8,,0,1,42182,Safdarjung
2025-01-28 00:00:00,6.6,97,0.0,,0,0.0,,1012.8,,0,1,42182,Safdarjung
2025-01-28 01:00:00,7.4,90,0.0,,219,1.8,,1013.0,,0,1,42182,Safdarjung
2025-01-28 01:00:00,7.4,90,0.0,,219,1.8,,1013.0,,0,1,42182,Safdarjung
2025-01-28 02:00:00,7.5,89,0.0,,213,3.7,,1013.7,,0,5,42182,Safdarjung
2025-01-28 02:00:00,7.5,89,0.0,,213,3.7,,1013.7,,0,5,42182,Safdarjung
2025-01-28 03:00:00,7.8,94,0.0,,0,0.0,,1015.0,,0,5,42182,Safdarjung
2025-01-28 03:00:00,7.8,94,0.0,,0,0.0,,1015.0,,0,5,42182,Safdarjung
2025-01-28 04:00:00,11.6,74,0.0,,266,1.8,,1014.9,,0,1,42182,Safdarjung
2025-01-28 04:00:00,11.6,74,0.0,,266,1.8,,1014.9,,0,1,42182,Safdarjung
2025-01-28 05:00:00,15.4,60,0.0,,266,3.7,,1014.9,,0,1,42182,Safdarjung
2025-01-28 05:00:00,15.4,60,0.0,,266,3.7,,1014.9,,0,1,42182,Safdarjung
2025-01-28 06:00:00,19.4,50,0.0,,266,3.6,,1014.6,,0,1,42182,Safdarjung
2025-01-28 06:00:00,19.4,50,0.0,,266,3.6,,1014.6,,0,1,42182,Safdarjung
2025-01-28 07:00:00,20.3,46,0.0,,269,7.4,,1013.8,,0,1,42182,Safdarjung
2025-01-28 07:00:00,20.3,46,0.0,,269,7.4,,1013.8,,0,1,42182,Safdarjung
2025-01-28 08:00:00,21.4,44,0.0,,271,7.4,,1012.8,,0,1,42182,Safdarjung
2025-01-28 08:00:00,21.4,44,0.0,,271,7.4,,1012.8,,0,1,42182,Safdarjung
2025-01-28 09:00:00,24.2,32,0.0,,273,3.6,,1011.2,,0,1,42182,Safdarjung
2025-01-28 09:00:00,24.2,32,0.0,,273,3.6,,1011.2,,0,1,42182,Safdarjung
2025-01-28 10:00:00,21.9,46,0.0,,270,7.4,,1011.7,,0,1,42182,Safdarjung
2025-01-28 10:00:00,21.9,46,0.0,,270,7.4,,1011.7,,0,1,42182,Safdarjung
2025-01-28 11:00:00,21.3,51,0.0,,266,7.4,,1011.5,,0,1,42182,Safdarjung
2025-01-28 11:00:00,21.3,51,0.0,,266,7.4,,1011.5,,0,1,42182,Safdarjung
2025-01-28 12:00:00,21.4,47,0.0,,0,0.0,,1010.9,,0,1,42182,Safdarjung
2025-01-28 12:00:00,21.4,47,0.0,,0,0.0,,1010.9,,0,1,42182,Safdarjung
2025-01-28 13:00:00,18.6,64,0.0,,223,3.7,,1012.1,,0,1,42182,Safdarjung
2025-01-28 13:00:00,18.6,64,0.0,,223,3.7,,1012.1,,0,1,42182,Safdarjung
2025-01-28 14:00:00,16.4,73,0.0,,162,1.8,,1012.9,,0,1,42182,Safdarjung
2025-01-28 14:00:00,16.4,73,0.0,,162,1.8,,1012.9,,0,1,42182,Safdarjung
2025-01-28 15:00:00,13.2,84,0.0,,0,0.0,,1013.2,,0,1,42182,Safdarjung
2025-01-28 15:00:00,13.2,84,0.0,,0,0.0,,1013.2,,0,1,42182,Safdarjung
2025-01-28 16:00:00,13.5,87,0.0,,134,1.8,,1014.0,,0,1,42182,Safdarjung
2025-01-28 16:00:00,13.5,87,0.0,,134,1.8,,1014.0,,0,1,42182,Safdarjung
2025-01-28 17:00:00,12.8,89,0.0,,131,1.8,,1014.4,,0,1,42182,Safdarjung
2025-01-28 17:00:00,12.8,89,0.0,,131,1.8,,1014.4,,0,1,42182,Safdarjung
2025-01-28 18:00:00,10.6,92,0.0,,0,0.0,,1014.5,,1,1,42182,Safdarjung
2025-01-28 18:00:00,10.6,92,0.0,,0,0.0,,1014.5,,1,1,42182,Safdarjung
2025-01-28 19:00:00,11.6,92,0.0,,126,0.0,,1014.7,,1,1,42182,Safdarjung
2025-01-28 19:00:00,11.6,92,0.0,,126,0.0,,1014.7,,1,1,42182,Safdarjung
2025-01-28 20:00:00,11.1,93,0.0,,128,0.0,,1014.6,,1,5,42182,Safdarjung
2025-01-28 20:00:00,11.1,93,0.0,,128,0.0,,1014.6,,1,5,42182,Safdarjung
2025-01-28 21:00:00,8.6,97,0.0,,0,0.0,,1014.8,,1,5,42182,Safdarjung
2025-01-28 21:00:00,8.6,97,0.0,,0,0.0,,1014.8,,1,5,42182,Safdarjung
2025-01-28 22:00:00,8.5,97,0.0,,114,0.0,,1014.8,,0,5,42182,Safdarjung
2025-01-28 22:00:00,8.5,97,0.0,,114,0.0,,1014.8,,0,5,42182,Safdarjung
2025-01-28 23:00:00,8.4,97,0.0,,123,1.8,,1014.7,,0,5,42182,Safdarjung
2025-01-28 23:00:00,8.4,97,0.0,,123,1.8,,1014.7,,0,5,42182,Safdarjung
2025-01-29 00:00:00,7.6,100,0.0,,0,0.0,,1015.0,,2,5,42182,Safdarjung
2025-01-29 00:00:00,7.6,100,0.0,,0,0.0,,1015.0,,2,5,42182,Safdarjung
2025-01-29 01:00:00,8.4,98,0.0,,124,1.8,,1015.3,,1,5,42182,Safdarjung
2025-01-29 01:00:00,8.4,98,0.0,,124,1.8,,1015.3,,1,5,42182,Safdarjung
2025-01-29 02:00:00,8.5,99,0.0,,124,3.7,,1016.0,,1,5,42182,Safdarjung
2025-01-29 02:00:00,8.5,99,0.0,,124,3.7,,1016.0,,1,5,42182,Safdarjung
2025-01-29 03:00:00,8.2,100,0.0,,0,0.0,,1016.9,,3,5,42182,Safdarjung
2025-01-29 03:00:00,8.2,100,0.0,,0,0.0,,1016.9,,3,5,42182,Safdarjung
2025-01-29 04:00:00,12.0,81,0.0,,121,1.8,,1016.8,,2,5,42182,Safdarjung
2025-01-29 04:00:00,12.0,81,0.0,,121,1.8,,1016.8,,2,5,42182,Safdarjung
2025-01-29 05:00:00,15.9,66,0.0,,121,5.5,,1016.8,,2,5,42182,Safdarjung
2025-01-29 05:00:00,15.9,66,0.0,,121,5.5,,1016.8,,2,5,42182,Safdarjung
2025-01-29 06:00:00,21.2,56,0.0,,121,3.6,,1016.4,,1,5,42182,Safdarjung
2025-01-29 06:00:00,21.2,56,0.0,,121,3.6,,1016.4,,1,5,42182,Safdarjung
2025-01-29 07:00:00,20.7,51,0.0,,125,7.4,,1015.6,,1,1,42182,Safdarjung
2025-01-29 07:00:00,20.7,51,0.0,,125,7.4,,1015.6,,1,1,42182,Safdarjung
2025-01-29 08:00:00,21.8,47,0.0,,128,7.4,,1014.4,,1,1,42182,Safdarjung
2025-01-29 08:00:00,21.8,47,0.0,,128,7.4,,1014.4,,1,1,42182,Safdarjung
2025-01-29 09:00:00,25.0,41,0.0,,90,7.6,,1013.0,,1,1,42182,Safdarjung
2025-01-29 09:00:00,25.0,41,0.0,,90,7.6,,1013.0,,1,1,42182,Safdarjung
2025-01-29 10:00:00,24.0,45,0.0,,93,7.4,,1012.7,,0,5,42182,Safdarjung
2025-01-29 10:00:00,24.0,45,0.0,,93,7.4,,1012.7,,0,5,42182,Safdarjung
2025-01-29 11:00:00,23.1,49,0.0,,97,5.5,,1012.4,,0,5,42182,Safdarjung
2025-01-29 11:00:00,23.1,49,0.0,,97,5.5,,1012.4,,0,5,42182,Safdarjung
2025-01-29 12:00:00,22.2,61,0.0,,90,3.6,,1011.9,,1,1,42182,Safdarjung
2025-01-29 12:00:00,22.2,61,0.0,,90,3.6,,1011.9,,1,1,42182,Safdarjung
2025-01-29 13:00:00,20.1,61,0.0,,102,5.5,,1012.6,,1,1,42182,Safdarjung
2025-01-29 13:00:00,20.1,61,0.0,,102,5.5,,1012.6,,1,1,42182,Safdarjung
2025-01-29 14:00:00,18.0,70,0.0,,100,3.7,,1013.1,,1,1,42182,Safdarjung
2025-01-29 14:00:00,18.0,70,0.0,,100,3.7,,1013.1,,1,1,42182,Safdarjung
2025-01-29 15:00:00,15.4,85,0.0,,0,0.0,,1013.6,,1,1,42182,Safdarjung
2025-01-29 15:00:00,15.4,85,0.0,,0,0.0,,1013.6,,1,1,42182,Safdarjung
2025-01-29 16:00:00,14.8,87,0.0,,105,0.0,,1013.9,,0,5,42182,Safdarjung
2025-01-29 16:00:00,14.8,87,0.0,,105,0.0,,1013.9,,0,5,42182,Safdarjung
2025-01-29 17:00:00,14.2,88,0.0,,113,0.0,,1014.1,,0,5,42182,Safdarjung
2025-01-29 17:00:00,14.2,88,0.0,,113,0.0,,1014.1,,0,5,42182,Safdarjung
2025-01-29 18:00:00,13.6,88,0.0,,0,0.0,,1013.9,,0,5,42182,Safdarjung
2025-01-29 18:00:00,13.6,88,0.0,,0,0.0,,1013.9,,0,5,42182,Safdarjung
2025-01-29 19:00:00,13.1,91,0.0,,126,0.0,,1014.1,,0,5,42182,Safdarjung
2025-01-29 19:00:00,13.1,91,0.0,,126,0.0,,1014.1,,0,5,42182,Safdarjung
2025-01-29 20:00:00,12.5,92,0.0,,132,0.0,,1013.8,,0,5,42182,Safdarjung
2025-01-29 20:00:00,12.5,92,0.0,,132,0.0,,1013.8,,0,5,42182,Safdarjung
2025-01-29 21:00:00,11.2,95,0.0,,0,0.0,,1012.7,,0,5,42182,Safdarjung
2025-01-29 21:00:00,11.2,95,0.0,,0,0.0,,1012.7,,0,5,42182,Safdarjung
2025-01-29 22:00:00,11.0,95,0.0,,132,0.0,,1012.5,,0,5,42182,Safdarjung
2025-01-29 22:00:00,11.0,95,0.0,,132,0.0,,1012.5,,0,5,42182,Safdarjung
2025-01-29 23:00:00,10.8,95,0.0,,105,0.0,,1012.2,,0,5,42182,Safdarjung
2025-01-29 23:00:00,10.8,95,0.0,,105,0.0,,1012.2,,0,5,42182,Safdarjung
2025-01-30 00:00:00,10.4,97,0.0,,0,0.0,,1011.9,,0,5,42182,Safdarjung
2025-01-30 00:00:00,10.4,97,0.0,,0,0.0,,1011.9,,0,5,42182,Safdarjung
2025-01-30 01:00:00,10.6,97,0.0,,137,1.8,,1012.3,,1,5,42182,Safdarjung
2025-01-30 01:00:00,10.6,97,0.0,,137,1.8,,1012.3,,1,5,42182,Safdarjung
2025-01-30 02:00:00,10.6,97,0.0,,137,3.7,,1012.7,,1,5,42182,Safdarjung
2025-01-30 02:00:00,10.6,97,0.0,,137,3.7,,1012.7,,1,5,42182,Safdarjung
2025-01-30 03:00:00,10.8,97,0.0,,0,0.0,,1013.6,,1,5,42182,Safdarjung
2025-01-30 03:00:00,10.8,97,0.0,,0,0.0,,1013.6,,1,5,42182,Safdarjung
2025-01-30 04:00:00,14.1,82,0.0,,141,1.8,,1013.4,,0,5,42182,Safdarjung
2025-01-30 04:00:00,14.1,82,0.0,,141,1.8,,1013.4,,0,5,42182,Safdarjung
2025-01-30 05:00:00,17.4,70,0.0,,141,3.7,,1013.3,,0,5,42182,Safdarjung
2025-01-30 05:00:00,17.4,70,0.0,,141,3.7,,1013.3,,0,5,42182,Safdarjung
2025-01-30 06:00:00,21.0,57,0.0,,90,5.4,,1012.7,,0,5,42182,Safdarjung
2025-01-30 06:00:00,21.0,57,0.0,,90,5.4,,1012.7,,0,5,42182,Safdarjung
2025-01-30 07:00:00,21.8,55,0.0,,149,5.5,,1011.9,,0,5,42182,Safdarjung
2025-01-30 07:00:00,21.8,55,0.0,,149,5.5,,1011.9,,0,5,42182,Safdarjung
2025-01-30 08:00:00,22.8,52,0.0,,155,5.5,,1010.7,,0,5,42182,Safdarjung
2025-01-30 08:00:00,22.8,52,0.0,,155,5.5,,1010.7,,0,5,42182,Safdarjung
2025-01-30 09:00:00,26.0,46,0.0,,159,3.6,,1008.8,,0,5,42182,Safdarjung
2025-01-30 09:00:00,26.0,46,0.0,,159,3.6,,1008.8,,0,5,42182,Safdarjung
2025-01-30 10:00:00,25.0,50,0.0,,189,3.7,,1008.6,,0,5,42182,Safdarjung
2025-01-30 10:00:00,25.0,50,0.0,,189,3.7,,1008.6,,0,5,42182,Safdarjung
2025-01-30 11:00:00,24.0,54,0.0,,189,3.7,,1008.4,,0,5,42182,Safdarjung
2025-01-30 11:00:00,24.0,54,0.0,,189,3.7,,1008.4,,0,5,42182,Safdarjung
2025-01-30 12:00:00,22.8,65,0.0,,0,0.0,,1008.1,,0,5,42182,Safdarjung
2025-01-30 12:00:00,22.8,65,0.0,,0,0.0,,1008.1,,0,5,42182,Safdarjung
2025-01-30 13:00:00,21.0,66,0.0,,141,3.7,,1008.8,,0,5,42182,Safdarjung
2025-01-30 13:00:00,21.0,66,0.0,,141,3.7,,1008.8,,0,5,42182,Safdarjung
2025-01-30 14:00:00,19.0,75,0.0,,113,1.8,,1009.3,,0,5,42182,Safdarjung
2025-01-30 14:00:00,19.0,75,0.0,,113,1.8,,1009.3,,0,5,42182,Safdarjung
2025-01-30 15:00:00,16.2,87,0.0,,0,0.0,,1009.7,,0,5,42182,Safdarjung
2025-01-30 15:00:00,16.2,87,0.0,,0,0.0,,1009.7,,0,5,42182,Safdarjung
2025-01-30 16:00:00,15.6,89,0.0,,111,0.0,,1010.0,,0,5,42182,Safdarjung
2025-01-30 16:00:00,15.6,89,0.0,,111,0.0,,1010.0,,0,5,42182,Safdarjung
2025-01-30 17:00:00,15.1,90,0.0,,126,0.0,,1010.3,,0,5,42182,Safdarjung
2025-01-30 17:00:00,15.1,90,0.0,,126,0.0,,1010.3,,0,5,42182,Safdarjung
2025-01-30 18:00:00,13.8,97,0.0,,0,0.0,,1010.7,,0,5,42182,Safdarjung
2025-01-30 18:00:00,13.8,97,0.0,,0,0.0,,1010.7,,0,5,42182,Safdarjung
2025-01-30 19:00:00,14.0,93,0.0,,177,0.0,,1010.4,,0,5,42182,Safdarjung
2025-01-30 19:00:00,14.0,93,0.0,,177,0.0,,1010.4,,0,5,42182,Safdarjung
2025-01-30 20:00:00,13.5,94,0.0,,200,0.0,,1010.2,,0,5,42182,Safdarjung
2025-01-30 20:00:00,13.5,94,0.0,,200,0.0,,1010.2,,0,5,42182,Safdarjung
2025-01-30 21:00:00,12.0,97,0.0,,0,0.0,,1010.1,,1,5,42182,Safdarjung
2025-01-30 21:00:00,12.0,97,0.0,,0,0.0,,1010.1,,1,5,42182,Safdarjung
2025-01-30 22:00:00,11.7,98,0.0,,122,0.0,,1010.1,,1,5,42182,Safdarjung
2025-01-30 22:00:00,11.7,98,0.0,,122,0.0,,1010.1,,1,5,42182,Safdarjung
2025-01-30 23:00:00,11.4,98,0.0,,230,0.0,,1010.1,,1,5,42182,Safdarjung
2025-01-30 23:00:00,11.4,98,0.0,,230,0.0,,1010.1,,1,5,42182,Safdarjung
2025-01-31 00:00:00,10.8,97,0.0,,0,0.0,,1009.7,,2,5,42182,Safdarjung
2025-01-31 00:00:00,10.8,97,0.0,,0,0.0,,1009.7,,2,5,42182,Safdarjung
2025-01-31 01:00:00,11.2,99,0.0,,170,0.0,,1010.6,,2,5,42182,Safdarjung
2025-01-31 01:00:00,11.2,99,0.0,,170,0.0,,1010.6,,2,5,42182,Safdarjung
2025-01-31 02:00:00,11.3,99,0.0,,158,1.8,,1011.1,,2,5,42182,Safdarjung
2025-01-31 02:00:00,11.3,99,0.0,,158,1.8,,1011.1,,2,5,42182,Safdarjung
2025-01-31 03:00:00,11.0,95,0.0,,0,0.0,,1012.1,,2,5,42182,Safdarjung
2025-01-31 03:00:00,11.0,95,0.0,,0,0.0,,1012.1,,2,5,42182,Safdarjung
2025-01-31 04:00:00,14.5,85,0.0,,142,3.7,,1011.9,,2,5,42182,Safdarjung
2025-01-31 04:00:00,14.5,85,0.0,,142,3.7,,1011.9,,2,5,42182,Safdarjung
2025-01-31 05:00:00,17.5,74,0.0,,136,5.5,,1012.2,,2,5,42182,Safdarjung
2025-01-31 05:00:00,17.5,74,0.0,,136,5.5,,1012.2,,2,5,42182,Safdarjung
2025-01-31 06:00:00,22.2,60,0.0,,0,0.0,,1011.7,,2,5,42182,Safdarjung
2025-01-31 06:00:00,22.2,60,0.0,,0,0.0,,1011.7,,2,5,42182,Safdarjung
2025-01-31 07:00:00,22.0,59,0.0,,132,5.5,,1011.4,,2,5,42182,Safdarjung
2025-01-31 07:00:00,22.0,59,0.0,,132,5.5,,1011.4,,2,5,42182,Safdarjung
2025-01-31 08:00:00,23.3,55,0.0,,130,5.5,,1010.3,,2,5,42182,Safdarjung
2025-01-31 08:00:00,23.3,55,0.0,,130,5.5,,1010.3,,2,5,42182,Safdarjung
2025-01-31 09:00:00,26.0,45,0.0,,128,3.6,,1009.5,,2,5,42182,Safdarjung
2025-01-31 09:00:00,26.0,45,0.0,,128,3.6,,1009.5,,2,5,42182,Safdarjung
2025-01-31 10:00:00,25.1,48,0.0,,258,3.7,,1009.3,,0,5,42182,Safdarjung
2025-01-31 10:00:00,25.1,48,0.0,,258,3.7,,1009.3,,0,5,42182,Safdarjung
2025-01-31 11:00:00,24.1,53,0.0,,258,3.7,,1009.1,,0,5,42182,Safdarjung
2025-01-31 11:00:00,24.1,53,0.0,,258,3.7,,1009.1,,0,5,42182,Safdarjung
2025-01-31 12:00:00,23.4,62,0.0,,0,0.0,,1009.0,,1,5,42182,Safdarjung
2025-01-31 12:00:00,23.4,62,0.0,,0,0.0,,1009.0,,1,5,42182,Safdarjung
2025-01-31 13:00:00,21.4,64,0.0,,265,3.7,,1009.6,,1,5,42182,Safdarjung
2025-01-31 13:00:00,21.4,64,0.0,,265,3.7,,1009.6,,1,5,42182,Safdarjung
2025-01-31 14:00:00,19.5,73,0.0,,296,3.7,,1010.2,,1,5,42182,Safdarjung
2025-01-31 14:00:00,19.5,73,0.0,,296,3.7,,1010.2,,1,5,42182,Safdarjung
2025-01-31 15:00:00,16.8,92,0.0,,0,0.0,,1011.5,,1,5,42182,Safdarjung
2025-01-31 15:00:00,16.8,92,0.0,,0,0.0,,1011.5,,1,5,42182,Safdarjung
2025-01-31 16:00:00,16.4,91,0.0,,86,0.0,,1011.7,,0,5,42182,Safdarjung
2025-01-31 16:00:00,16.4,91,0.0,,86,0.0,,1011.7,,0,5,42182,Safdarjung
2025-01-31 17:00:00,15.9,92,0.0,,120,0.0,,1011.8,,1,5,42182,Safdarjung
2025-01-31 17:00:00,15.9,92,0.0,,120,0.0,,1011.8,,1,5,42182,Safdarjung
2025-01-31 18:00:00,14.0,96,0.0,,0,0.0,,1012.8,,2,5,42182,Safdarjung
2025-01-31 18:00:00,14.0,96,0.0,,0,0.0,,1012.8,,2,5,42182,Safdarjung
2025-01-31 19:00:00,15.0,93,0.0,,187,1.8,,1011.8,,2,5,42182,Safdarjung
2025-01-31 19:00:00,15.0,93,0.0,,187,1.8,,1011.8,,2,5,42182,Safdarjung
2025-01-31 20:00:00,14.4,95,0.0,,170,1.8,,1011.6,,2,5,42182,Safdarjung
2025-01-31 20:00:00,14.4,95,0.0,,170,1.8,,1011.6,,2,5,42182,Safdarjung
2025-01-31 21:00:00,13.9,96,0.0,,162,1.8,,1011.4,,2,5,42182,Safdarjung
2025-01-31 21:00:00,13.9,96,0.0,,162,1.8,,1011.4,,2,5,42182,Safdarjung
2025-01-31 22:00:00,12.1,100,0.0,,175,0.0,,1011.9,,0,5,42182,Safdarjung
2025-01-31 22:00:00,12.1,100,0.0,,175,0.0,,1011.9,,0,5,42182,Safdarjung
2025-01-31 23:00:00,11.9,100,0.0,,188,0.0,,1011.7,,1,5,42182,Safdarjung
2025-01-31 23:00:00,11.9,100,0.0,,188,0.0,,1011.7,,1,5,42182,Safdarjung
2025-02-01 00:00:00,11.2,100,0.0,,0,0.0,,1011.9,,1,5,42182,Safdarjung
2025-02-01 00:00:00,11.2,100,0.0,,0,0.0,,1011.9,,1,5,42182,Safdarjung
2025-01-01 00:00:00,6.9,100,0.0,,296,7.6,,1018.6,,7,5,42262,Aligarh
2025-01-01 00:00:00,6.9,100,0.0,,296,7.6,,1018.6,,7,5,42262,Aligarh
2025-01-01 01:00:00,7.3,100,0.0,,296,8.3,,1019.0,,8,5,42262,Aligarh
2025-01-01 01:00:00,7.3,100,0.0,,296,8.3,,1019.0,,8,5,42262,Aligarh
2025-01-01 02:00:00,7.6,100,0.0,,293,10.1,,1019.5,,8,5,42262,Aligarh
2025-01-01 02:00:00,7.6,100,0.0,,293,10.1,,1019.5,,8,5,42262,Aligarh
2025-01-01 03:00:00,8.1,99,0.0,,290,10.4,,1019.6,,8,5,42262,Aligarh
2025-01-01 03:00:00,8.1,99,0.0,,290,10.4,,1019.6,,8,5,42262,Aligarh
2025-01-01 04:00:00,9.2,98,0.0,,289,10.4,,1020.3,,8,5,42262,Aligarh
2025-01-01 04:00:00,9.2,98,0.0,,289,10.4,,1020.3,,8,5,42262,Aligarh
2025-01-01 05:00:00,11.0,86,0.0,,293,11.5,,1020.6,,7,5,42262,Aligarh
2025-01-01 05:00:00,11.0,86,0.0,,293,11.5,,1020.6,,7,5,42262,Aligarh
2025-01-01 06:00:00,13.1,76,0.0,,280,9.0,,1020.0,,3,3,42262,Aligarh
2025-01-01 06:00:00,13.1,76,0.0,,280,9.0,,1020.0,,3,3,42262,Aligarh
2025-01-01 07:00:00,14.7,72,0.0,,267,9.4,,1019.2,,0,2,42262,Aligarh
2025-01-01 07:00:00,14.7,72,0.0,,267,9.4,,1019.2,,0,2,42262,Aligarh
2025-01-01 08:00:00,15.8,68,0.0,,262,9.7,,1017.9,,0,1,42262,Aligarh
2025-01-01 08:00:00,15.8,68,0.0,,262,9.7,,1017.9,,0,1,42262,Aligarh
2025-01-01 09:00:00,17.2,65,0.0,,271,8.6,,1016.9,,0,1,42262,Aligarh
2025-01-01 09:00:00,17.2,65,0.0,,271,8.6,,1016.9,,0,1,42262,Aligarh
2025-01-01 10:00:00,17.1,66,0.0,,265,9.0,,1016.6,,1,1,42262,Aligarh
2025-01-01 10:00:00,17.1,66,0.0,,265,9.0,,1016.6,,1,1,42262,Aligarh
2025-01-01 11:00:00,16.3,71,0.0,,266,7.9,,1016.4,,3,2,42262,Aligarh
2025-01-01 11:00:00,16.3,71,0.0,,266,7.9,,1016.4,,3,2,42262,Aligarh
2025-01-01 12:00:00,13.2,79,0.0,,320,3.6,,1016.6,,1,2,42262,Aligarh
2025-01-01 12:00:00,13.2,79,0.0,,320,3.6,,1016.6,,1,2,42262,Aligarh
2025-01-01 13:00:00,12.8,88,0.0,,276,7.2,,1017.4,,0,1,42262,Aligarh
2025-01-01 13:00:00,12.8,88,0.0,,276,7.2,,1017.4,,0,1,42262,Aligarh
2025-01-01 14:00:00,11.5,89,0.0,,287,7.6,,1018.7,,0,1,42262,Aligarh
2025-01-01 14:00:00,11.5,89,0.0,,287,7.6,,1018.7,,0,1,42262,Aligarh
2025-01-01 15:00:00,11.1,92,0.0,,305,7.9,,1019.1,,1,1,42262,Aligarh
2025-01-01 15:00:00,11.1,92,0.0,,305,7.9,,1019.1,,1,1,42262,Aligarh
2025-01-01 16:00:00,10.5,93,0.0,,317,7.6,,1019.1,,1,1,42262,Aligarh
2025-01-01 16:00:00,10.5,93,0.0,,317,7.6,,1019.1,,1,1,42262,Aligarh
2025-01-01 17:00:00,10.0,94,0.0,,318,7.6,,1018.9,,0,2,42262,Aligarh
2025-01-01 17:00:00,10.0,94,0.0,,318,7.6,,1018.9,,0,2,42262,Aligarh
2025-01-01 18:00:00,9.5,95,0.0,,312,7.2,,1018.5,,1,1,42262,Aligarh
2025-01-01 18:00:00,9.5,95,0.0,,312,7.2,,1018.5,,1,1,42262,Aligarh
2025-01-01 19:00:00,8.5,96,0.0,,311,6.1,,1018.2,,0,1,42262,Aligarh
2025-01-01 19:00:00,8.5,96,0.0,,311,6.1,,1018.2,,0,1,42262,Aligarh
2025-01-01 20:00:00,8.0,97,0.0,,279,5.8,,1017.8,,6,1,42262,Aligarh
2025-01-01 20:00:00,8.0,97,0.0,,279,5.8,,1017.8,,6,1,42262,Aligarh
2025-01-01 21:00:00,8.0,98,0.0,,254,7.6,,1017.4,,8,3,42262,Aligarh
2025-01-01 21:00:00,8.0,98,0.0,,254,7.6,,1017.4,,8,3,42262,Aligarh
2025-01-01 22:00:00,7.9,99,0.0,,251,9.7,,1017.3,,8,3,42262,Aligarh
2025-01-01 22:00:00,7.9,99,0.0,,251,9.7,,1017.3,,8,3,42262,Aligarh
2025-01-01 23:00:00,8.1,99,0.0,,259,9.7,,1017.3,,8,3,42262,Aligarh
2025-01-01 23:00:00,8.1,99,0.0,,259,9.7,,1017.3,,8,3,42262,Aligarh
2025-01-02 00:00:00,8.3,98,0.0,,270,10.1,,1017.1,,8,3,42262,Aligarh
2025-01-02 00:00:00,8.3,98,0.0,,270,10.1,,1017.1,,8,3,42262,Aligarh
2025-01-02 01:00:00,8.6,97,0.0,,291,10.8,,1017.3,,8,3,42262,Aligarh
2025-01-02 01:00:00,8.6,97,0.0,,291,10.8,,1017.3,,8,3,42262,Aligarh
2025-01-02 02:00:00,9.0,95,0.0,,304,11.2,,1017.8,,8,3,42262,Aligarh
2025-01-02 02:00:00,9.0,95,0.0,,304,11.2,,1017.8,,8,3,42262,Aligarh
2025-01-02 03:00:00,9.2,95,0.0,,320,3.6,,1018.5,,8,3,42262,Aligarh
2025-01-02 03:00:00,9.2,95,0.0,,320,3.6,,1018.5,,8,3,42262,Aligarh
2025-01-02 04:00:00,12.5,83,0.0,,299,9.0,,1019.3,,6,3,42262,Aligarh
2025-01-02 04:00:00,12.5,83,0.0,,299,9.0,,1019.3,,6,3,42262,Aligarh
2025-01-02 05:00:00,14.3,77,0.0,,288,8.3,,1020.0,,7,3,42262,Aligarh
2025-01-02 05:00:00,14.3,77,0.0,,288,8.3,,1020.0,,7,3,42262,Aligarh
2025-01-02 06:00:00,16.0,71,0.0,,286,9.4,,1019.8,,7,3,42262,Aligarh
2025-01-02 06:00:00,16.0,71,0.0,,286,9.4,,1019.8,,7,3,42262,Aligarh
2025-01-02 07:00:00,17.3,66,0.0,,284,9.4,,1018.7,,8,3,42262,Aligarh
2025-01-02 07:00:00,17.3,66,0.0,,284,9.4,,1018.7,,8,3,42262,Aligarh
2025-01-02 08:00:00,18.3,63,0.0,,283,10.1,,1017.7,,8,3,42262,Aligarh
2025-01-02 08:00:00,18.3,63,0.0,,283,10.1,,1017.7,,8,3,42262,Aligarh
2025-01-02 09:00:00,18.7,63,0.0,,282,10.4,,1016.8,,7,3,42262,Aligarh
2025-01-02 09:00:00,18.7,63,0.0,,282,10.4,,1016.8,,7,3,42262,Aligarh
2025-01-02 10:00:00,18.7,60,0.0,,290,10.4,,1016.6,,8,3,42262,Aligarh
2025-01-02 10:00:00,18.7,60,0.0,,290,10.4,,1016.6,,8,3,42262,Aligarh
2025-01-02 11:00:00,17.7,68,0.0,,302,7.6,,1016.7,,8,3,42262,Aligarh
2025-01-02 11:00:00,17.7,68,0.0,,302,7.6,,1016.7,,8,3,42262,Aligarh
2025-01-02 12:00:00,14.8,83,0.0,,50,3.6,,1016.7,,8,3,42262,Aligarh
2025-01-02 12:00:00,14.8,83,0.0,,50,3.6,,1016.7,,8,3,42262,Aligarh
2025-01-02 13:00:00,13.7,83,0.0,,310,7.2,,1017.2,,8,3,42262,Aligarh
2025-01-02 13:00:00,13.7,83,0.0,,310,7.2,,1017.2,,8,3,42262,Aligarh
2025-01-02 14:00:00,12.8,85,0.0,,326,7.2,,1017.5,,7,3,42262,Aligarh
2025-01-02 14:00:00,12.8,85,0.0,,326,7.2,,1017.5,,7,3,42262,Aligarh
2025-01-02 15:00:00,11.4,82,0.0,,304,4.0,,1018.6,,8,3,42262,Aligarh
2025-01-02 15:00:00,11.4,82,0.0,,304,4.0,,1018.6,,8,3,42262,Aligarh
2025-01-02 16:00:00,10.5,89,0.0,,239,6.8,,1019.2,,8,3,42262,Aligarh
2025-01-02 16:00:00,10.5,89,0.0,,239,6.8,,1019.2,,8,3,42262,Aligarh
2025-01-02 17:00:00,9.9,91,0.0,,246,7.2,,1019.1,,7,3,42262,Aligarh
2025-01-02 17:00:00,9.9,91,0.0,,246,7.2,,1019.1,,7,3,42262,Aligarh
2025-01-02 18:00:00,9.3,92,0.0,,259,6.5,,1018.8,,8,3,42262,Aligarh
2025-01-02 18:00:00,9.3,92,0.0,,259,6.5,,1018.8,,8,3,42262,Aligarh
2025-01-02 19:00:00,8.5,92,0.0,,283,6.1,,1018.2,,7,3,42262,Aligarh
2025-01-02 19:00:00,8.5,92,0.0,,283,6.1,,1018.2,,7,3,42262,Aligarh
2025-01-02 20:00:00,8.1,95,0.0,,309,6.1,,1017.6,,7,3,42262,Aligarh
2025-01-02 20:00:00,8.1,95,0.0,,309,6.1,,1017.6,,7,3,42262,Aligarh
2025-01-02 21:00:00,7.6,96,0.0,,301,6.1,,1017.4,,1,3,42262,Aligarh
2025-01-02 21:00:00,7.6,96,0.0,,301,6.1,,1017.4,,1,3,42262,Aligarh
2025-01-02 22:00:00,7.4,96,0.0,,298,6.5,,1017.3,,8,2,42262,Aligarh
2025-01-02 22:00:00,7.4,96,0.0,,298,6.5,,1017.3,,8,2,42262,Aligarh
2025-01-02 23:00:00,7.4,96,0.0,,301,6.5,,1017.3,,8,3,42262,Aligarh
2025-01-02 23:00:00,7.4,96,0.0,,301,6.5,,1017.3,,8,3,42262,Aligarh
2025-01-03 00:00:00,7.3,96,0.0,,303,6.5,,1017.5,,8,3,42262,Aligarh
2025-01-03 00:00:00,7.3,96,0.0,,303,6.5,,1017.5,,8,3,42262,Aligarh
2025-01-03 01:00:00,7.3,96,0.0,,297,6.5,,1018.3,,8,3,42262,Aligarh
2025-01-03 01:00:00,7.3,96,0.0,,297,6.5,,1018.3,,8,3,42262,Aligarh
2025-01-03 02:00:00,7.4,96,0.0,,290,6.5,,1018.9,,7,3,42262,Aligarh
2025-01-03 02:00:00,7.4,96,0.0,,290,6.5,,1018.9,,7,3,42262,Aligarh
2025-01-03 03:00:00,9.4,97,0.0,,320,3.6,,1019.4,,2,3,42262,Aligarh
2025-01-03 03:00:00,9.4,97,0.0,,320,3.6,,1019.4,,2,3,42262,Aligarh
2025-01-03 04:00:00,12.7,86,0.0,,287,5.0,,1019.8,,8,2,42262,Aligarh
2025-01-03 04:00:00,12.7,86,0.0,,287,5.0,,1019.8,,8,2,42262,Aligarh
2025-01-03 05:00:00,15.7,78,0.0,,294,5.4,,1020.1,,7,3,42262,Aligarh
2025-01-03 05:00:00,15.7,78,0.0,,294,5.4,,1020.1,,7,3,42262,Aligarh
2025-01-03 06:00:00,18.0,68,0.0,,301,6.8,,1019.3,,8,3,42262,Aligarh
2025-01-03 06:00:00,18.0,68,0.0,,301,6.8,,1019.3,,8,3,42262,Aligarh
2025-01-03 07:00:00,19.7,61,0.0,,300,7.2,,1018.2,,8,3,42262,Aligarh
2025-01-03 07:00:00,19.7,61,0.0,,300,7.2,,1018.2,,8,3,42262,Aligarh
2025-01-03 08:00:00,20.7,58,0.0,,292,7.6,,1017.1,,8,3,42262,Aligarh
2025-01-03 08:00:00,20.7,58,0.0,,292,7.6,,1017.1,,8,3,42262,Aligarh
2025-01-03 09:00:00,21.2,57,0.0,,290,7.9,,1016.4,,8,3,42262,Aligarh
2025-01-03 09:00:00,21.2,57,0.0,,290,7.9,,1016.4,,8,3,42262,Aligarh
2025-01-03 10:00:00,21.0,59,0.0,,292,7.9,,1015.7,,8,3,42262,Aligarh
2025-01-03 10:00:00,21.0,59,0.0,,292,7.9,,1015.7,,8,3,42262,Aligarh
2025-01-03 11:00:00,19.1,71,0.0,,286,5.0,,1015.7,,8,3,42262,Aligarh
2025-01-03 11:00:00,19.1,71,0.0,,286,5.0,,1015.7,,8,3,42262,Aligarh
2025-01-03 12:00:00,14.0,89,0.0,,320,3.6,,1015.7,,7,3,42262,Aligarh
2025-01-03 12:00:00,14.0,89,0.0,,320,3.6,,1015.7,,7,3,42262,Aligarh
2025-01-03 13:00:00,14.5,86,0.0,,272,7.2,,1016.0,,8,3,42262,Aligarh
2025-01-03 13:00:00,14.5,86,0.0,,272,7.2,,1016.0,,8,3,42262,Aligarh
2025-01-03 14:00:00,13.7,88,0.0,,274,7.6,,1016.3,,6,3,42262,Aligarh
2025-01-03 14:00:00,13.7,88,0.0,,274,7.6,,1016.3,,6,3,42262,Aligarh
2025-01-03 15:00:00,12.8,89,0.0,,283,7.6,,1016.7,,1,3,42262,Aligarh
2025-01-03 15:00:00,12.8,89,0.0,,283,7.6,,1016.7,,1,3,42262,Aligarh
2025-01-03 16:00:00,11.3,91,0.0,,282,6.8,,1017.2,,0,1,42262,Aligarh
2025-01-03 16:00:00,11.3,91,0.0,,282,6.8,,1017.2,,0,1,42262,Aligarh
2025-01-03 17:00:00,10.8,92,0.0,,288,7.2,,1017.2,,0,1,42262,Aligarh
2025-01-03 17:00:00,10.8,92,0.0,,288,7.2,,1017.2,,0,1,42262,Aligarh
2025-01-03 18:00:00,10.4,93,0.0,,290,7.2,,1016.9,,0,1,42262,Aligarh
2025-01-03 18:00:00,10.4,93,0.0,,290,7.2,,1016.9,,0,1,42262,Aligarh
2025-01-03 19:00:00,9.9,94,0.0,,290,7.2,,1016.6,,0,1,42262,Aligarh
2025-01-03 19:00:00,9.9,94,0.0,,290,7.2,,1016.6,,0,1,42262,Aligarh
2025-01-03 20:00:00,9.3,95,0.0,,294,6.8,,1016.6,,0,1,42262,Aligarh
2025-01-03 20:00:00,9.3,95,0.0,,294,6.8,,1016.6,,0,1,42262,Aligarh
2025-01-03 21:00:00,9.0,97,0.0,,289,6.8,,1015.4,,0,1,42262,Aligarh
2025-01-03 21:00:00,9.0,97,0.0,,289,6.8,,1015.4,,0,1,42262,Aligarh
2025-01-03 22:00:00,8.6,97,0.0,,309,6.5,,1015.0,,0,1,42262,Aligarh
2025-01-03 22:00:00,8.6,97,0.0,,309,6.5,,1015.0,,0,1,42262,Aligarh
2025-01-03 23:00:00,8.1,98,0.0,,323,5.8,,1014.8,,0,1,42262,Aligarh
2025-01-03 23:00:00,8.1,98,0.0,,323,5.8,,1014.8,,0,1,42262,Aligarh
2025-01-04 00:00:00,7.8,97,0.0,,338,4.3,,1015.1,,0,1,42262,Aligarh
2025-01-04 00:00:00,7.8,97,0.0,,338,4.3,,1015.1,,0,1,42262,Aligarh
2025-01-04 01:00:00,7.8,96,0.0,,336,2.5,,1015.5,,0,1,42262,Aligarh
2025-01-04 01:00:00,7.8,96,0.0,,336,2.5,,1015.5,,0,1,42262,Aligarh
2025-01-04 02:00:00,7.1,100,0.0,,188,1.8,,1016.6,,8,1,42262,Aligarh
2025-01-04 02:00:00,7.1,100,0.0,,188,1.8,,1016.6,,8,1,42262,Aligarh
2025-01-04 03:00:00,8.5,99,0.0,,144,5.0,,1017.4,,8,5,42262,Aligarh
2025-01-04 03:00:00,8.5,99,0.0,,144,5.0,,1017.4,,8,5,42262,Aligarh
2025-01-04 04:00:00,10.3,97,0.0,,144,3.6,,1018.1,,8,5,42262,Aligarh
2025-01-04 04:00:00,10.3,97,0.0,,144,3.6,,1018.1,,8,5,42262,Aligarh
2025-01-04 05:00:00,12.6,93,0.0,,157,2.9,,1018.6,,7,5,42262,Aligarh
2025-01-04 05:00:00,12.6,93,0.0,,157,2.9,,1018.6,,7,5,42262,Aligarh
2025-01-04 06:00:00,15.3,86,0.0,,172,2.9,,1018.2,,5,5,42262,Aligarh
2025-01-04 06:00:00,15.3,86,0.0,,172,2.9,,1018.2,,5,5,42262,Aligarh
2025-01-04 07:00:00,17.6,78,0.0,,165,2.5,,1016.8,,2,3,42262,Aligarh
2025-01-04 07:00:00,17.6,78,0.0,,165,2.5,,1016.8,,2,3,42262,Aligarh
2025-01-04 08:00:00,20.0,68,0.0,,146,2.9,,1015.3,,0,2,42262,Aligarh
2025-01-04 08:00:00,20.0,68,0.0,,146,2.9,,1015.3,,0,2,42262,Aligarh
2025-01-04 09:00:00,20.6,65,0.0,,164,2.9,,1014.3,,0,1,42262,Aligarh
2025-01-04 09:00:00,20.6,65,0.0,,164,2.9,,1014.3,,0,1,42262,Aligarh
2025-01-04 10:00:00,20.5,65,0.0,,165,2.9,,1014.0,,0,1,42262,Aligarh
2025-01-04 10:00:00,20.5,65,0.0,,165,2.9,,1014.0,,0,1,42262,Aligarh
2025-01-04 11:00:00,19.7,77,0.0,,158,2.2,,1013.9,,0,1,42262,Aligarh
2025-01-04 11:00:00,19.7,77,0.0,,158,2.2,,1013.9,,0,1,42262,Aligarh
2025-01-04 12:00:00,12.8,93,0.0,,50,3.6,,1014.1,,0,1,42262,Aligarh
2025-01-04 12:00:00,12.8,93,0.0,,50,3.6,,1014.1,,0,1,42262,Aligarh
2025-01-04 13:00:00,15.3,85,0.0,,121,4.0,,1014.8,,0,1,42262,Aligarh
2025-01-04 13:00:00,15.3,85,0.0,,121,4.0,,1014.8,,0,1,42262,Aligarh
2025-01-04 14:00:00,13.6,90,0.0,,106,5.4,,1015.3,,0,1,42262,Aligarh
2025-01-04 14:00:00,13.6,90,0.0,,106,5.4,,1015.3,,0,1,42262,Aligarh
2025-01-04 15:00:00,12.9,92,0.0,,112,6.8,,1015.9,,0,1,42262,Aligarh
2025-01-04 15:00:00,12.9,92,0.0,,112,6.8,,1015.9,,0,1,42262,Aligarh
2025-01-04 16:00:00,12.4,92,0.0,,108,7.2,,1016.4,,0,1,42262,Aligarh
2025-01-04 16:00:00,12.4,92,0.0,,108,7.2,,1016.4,,0,1,42262,Aligarh
2025-01-04 17:00:00,11.7,94,0.0,,106,6.8,,1016.5,,0,1,42262,Aligarh
2025-01-04 17:00:00,11.7,94,0.0,,106,6.8,,1016.5,,0,1,42262,Aligarh
2025-01-04 18:00:00,10.0,95,0.0,,118,5.8,,1016.6,,0,1,42262,Aligarh
2025-01-04 18:00:00,10.0,95,0.0,,118,5.8,,1016.6,,0,1,42262,Aligarh
2025-01-04 19:00:00,9.4,96,0.0,,110,5.8,,1016.1,,0,1,42262,Aligarh
2025-01-04 19:00:00,9.4,96,0.0,,110,5.8,,1016.1,,0,1,42262,Aligarh
2025-01-04 20:00:00,8.8,97,0.0,,106,5.0,,1015.9,,0,1,42262,Aligarh
2025-01-04 20:00:00,8.8,97,0.0,,106,5.0,,1015.9,,0,1,42262,Aligarh
2025-01-04 21:00:00,8.2,99,0.0,,96,4.7,,1015.5,,1,1,42262,Aligarh
2025-01-04 21:00:00,8.2,99,0.0,,96,4.7,,1015.5,,1,1,42262,Aligarh
2025-01-04 22:00:00,7.8,99,0.0,,89,5.0,,1015.3,,6,2,42262,Aligarh
2025-01-04 22:00:00,7.8,99,0.0,,89,5.0,,1015.3,,6,2,42262,Aligarh
2025-01-04 23:00:00,8.0,100,0.0,,73,4.3,,1015.0,,8,5,42262,Aligarh
2025-01-04 23:00:00,8.0,100,0.0,,73,4.3,,1015.0,,8,5,42262,Aligarh
2025-01-05 00:00:00,7.9,99,0.0,,55,4.3,,1015.5,,8,5,42262,Aligarh
2025-01-05 00:00:00,7.9,99,0.0,,55,4.3,,1015.5,,8,5,42262,Aligarh
2025-01-05 01:00:00,7.6,100,0.0,,59,5.0,,1016.1,,8,5,42262,Aligarh
2025-01-05 01:00:00,7.6,100,0.0,,59,5.0,,1016.1,,8,5,42262,Aligarh
2025-01-05 02:00:00,7.7,100,0.0,,72,5.8,,1016.8,,8,5,42262,Aligarh
2025-01-05 02:00:00,7.7,100,0.0,,72,5.8,,1016.8,,8,5,42262,Aligarh
2025-01-05 03:00:00,8.7,99,0.0,,86,6.8,,1017.7,,8,5,42262,Aligarh
2025-01-05 03:00:00,8.7,99,0.0,,86,6.8,,1017.7,,8,5,42262,Aligarh
2025-01-05 04:00:00,10.2,97,0.0,,107,8.3,,1018.4,,8,5,42262,Aligarh
2025-01-05 04:00:00,10.2,97,0.0,,107,8.3,,1018.4,,8,5,42262,Aligarh
2025-01-05 05:00:00,11.5,95,0.0,,116,9.0,,1018.6,,8,5,42262,Aligarh
2025-01-05 05:00:00,11.5,95,0.0,,116,9.0,,1018.6,,8,5,42262,Aligarh
2025-01-05 06:00:00,14.0,84,0.0,,117,7.2,,1018.0,,5,5,42262,Aligarh
2025-01-05 06:00:00,14.0,84,0.0,,117,7.2,,1018.0,,5,5,42262,Aligarh
2025-01-05 07:00:00,15.8,80,0.0,,108,5.0,,1016.8,,0,3,42262,Aligarh
2025-01-05 07:00:00,15.8,80,0.0,,108,5.0,,1016.8,,0,3,42262,Aligarh
2025-01-05 08:00:00,17.1,75,0.0,,90,4.3,,1015.5,,0,1,42262,Aligarh
2025-01-05 08:00:00,17.1,75,0.0,,90,4.3,,1015.5,,0,1,42262,Aligarh
2025-01-05 09:00:00,18.0,74,0.0,,93,5.8,,1015.0,,1,1,42262,Aligarh
2025-01-05 09:00:00,18.0,74,0.0,,93,5.8,,1015.0,,1,1,42262,Aligarh
2025-01-05 10:00:00,18.1,74,0.0,,83,6.5,,1014.5,,0,1,42262,Aligarh
2025-01-05 10:00:00,18.1,74,0.0,,83,6.5,,1014.5,,0,1,42262,Aligarh
2025-01-05 11:00:00,17.5,78,0.0,,81,5.4,,1014.4,,0,1,42262,Aligarh
2025-01-05 11:00:00,17.5,78,0.0,,81,5.4,,1014.4,,0,1,42262,Aligarh
2025-01-05 12:00:00,14.7,89,0.0,,82,6.1,,1014.5,,0,1,42262,Aligarh
2025-01-05 12:00:00,14.7,89,0.0,,82,6.1,,1014.5,,0,1,42262,Aligarh
2025-01-05 13:00:00,13.6,91,0.0,,90,7.9,,1015.1,,0,1,42262,Aligarh
2025-01-05 13:00:00,13.6,91,0.0,,90,7.9,,1015.1,,0,1,42262,Aligarh
2025-01-05 14:00:00,12.2,92,0.0,,105,9.0,,1016.1,,0,1,42262,Aligarh
2025-01-05 14:00:00,12.2,92,0.0,,105,9.0,,1016.1,,0,1,42262,Aligarh
2025-01-05 15:00:00,11.9,92,0.0,,111,10.1,,1016.6,,0,1,42262,Aligarh
2025-01-05 15:00:00,11.9,92,0.0,,111,10.1,,1016.6,,0,1,42262,Aligarh
2025-01-05 16:00:00,11.5,93,0.0,,115,9.4,,1016.8,,0,1,42262,Aligarh
2025-01-05 16:00:00,11.5,93,0.0,,115,9.4,,1016.8,,0,1,42262,Aligarh
2025-01-05 17:00:00,11.0,94,0.0,,121,8.3,,1016.7,,0,1,42262,Aligarh
2025-01-05 17:00:00,11.0,94,0.0,,121,8.3,,1016.7,,0,1,42262,Aligarh
2025-01-05 18:00:00,10.1,96,0.0,,136,6.5,,1016.9,,0,1,42262,Aligarh
2025-01-05 18:00:00,10.1,96,0.0,,136,6.5,,1016.9,,0,1,42262,Aligarh
2025-01-05 19:00:00,9.2,98,0.0,,129,5.8,,1016.3,,0,1,42262,Aligarh
2025-01-05 19:00:00,9.2,98,0.0,,129,5.8,,1016.3,,0,1,42262,Aligarh
2025-01-05 20:00:00,8.7,99,0.0,,119,4.7,,1015.8,,0,1,42262,Aligarh
2025-01-05 20:00:00,8.7,99,0.0,,119,4.7,,1015.8,,0,1,42262,Aligarh
2025-01-05 21:00:00,8.4,100,0.0,,65,3.2,,1015.7,,6,1,42262,Aligarh
2025-01-05 21:00:00,8.4,100,0.0,,65,3.2,,1015.7,,6,1,42262,Aligarh
2025-01-05 22:00:00,7.9,100,0.0,,41,4.0,,1015.3,,8,5,42262,Aligarh
2025-01-05 22:00:00,7.9,100,0.0,,41,4.0,,1015.3,,8,5,42262,Aligarh
2025-01-05 23:00:00,8.3,100,0.0,,48,4.0,,1015.3,,8,5,42262,Aligarh
2025-01-05 23:00:00,8.3,100,0.0,,48,4.0,,1015.3,,8,5,42262,Aligarh
2025-01-06 00:00:00,8.5,100,0.0,,55,3.6,,1015.4,,8,5,42262,Aligarh
2025-01-06 00:00:00,8.5,100,0.0,,55,3.6,,1015.4,,8,5,42262,Aligarh
2025-01-06 01:00:00,8.4,99,0.0,,26,2.2,,1016.0,,8,5,42262,Aligarh
2025-01-06 01:00:00,8.4,99,0.0,,26,2.2,,1016.0,,8,5,42262,Aligarh
2025-01-06 02:00:00,8.5,99,0.0,,348,3.6,,1016.7,,8,5,42262,Aligarh
2025-01-06 02:00:00,8.5,99,0.0,,348,3.6,,1016.7,,8,5,42262,Aligarh
2025-01-06 03:00:00,10.8,90,0.0,,50,5.4,,1017.8,,7,5,42262,Aligarh
2025-01-06 03:00:00,10.8,90,0.0,,50,5.4,,1017.8,,7,5,42262,Aligarh
2025-01-06 04:00:00,10.7,97,0.0,,339,8.3,,1018.9,,8,5,42262,Aligarh
2025-01-06 04:00:00,10.7,97,0.0,,339,8.3,,1018.9,,8,5,42262,Aligarh
2025-01-06 05:00:00,12.4,91,0.0,,1,10.4,,1019.8,,8,5,42262,Aligarh
2025-01-06 05:00:00,12.4,91,0.0,,1,10.4,,1019.8,,8,5,42262,Aligarh
2025-01-06 06:00:00,14.4,84,0.0,,23,10.8,,1018.7,,7,5,42262,Aligarh
2025-01-06 06:00:00,14.4,84,0.0,,23,10.8,,1018.7,,7,5,42262,Aligarh
2025-01-06 07:00:00,15.1,81,0.0,,60,8.3,,1017.6,,8,3,42262,Aligarh
2025-01-06 07:00:00,15.1,81,0.0,,60,8.3,,1017.6,,8,3,42262,Aligarh
2025-01-06 08:00:00,15.5,80,0.0,,18,8.6,,1016.4,,8,3,42262,Aligarh
2025-01-06 08:00:00,15.5,80,0.0,,18,8.6,,1016.4,,8,3,42262,Aligarh
2025-01-06 09:00:00,15.7,79,0.0,,358,6.8,,1015.5,,1,3,42262,Aligarh
2025-01-06 09:00:00,15.7,79,0.0,,358,6.8,,1015.5,,1,3,42262,Aligarh
2025-01-06 10:00:00,16.8,76,0.0,,336,6.8,,1015.3,,1,1,42262,Aligarh
2025-01-06 10:00:00,16.8,76,0.0,,336,6.8,,1015.3,,1,1,42262,Aligarh
2025-01-06 11:00:00,16.3,78,0.0,,324,8.3,,1015.2,,1,1,42262,Aligarh
2025-01-06 11:00:00,16.3,78,0.0,,324,8.3,,1015.2,,1,1,42262,Aligarh
2025-01-06 12:00:00,14.1,89,0.0,,315,6.5,,1015.3,,0,1,42262,Aligarh
2025-01-06 12:00:00,14.1,89,0.0,,315,6.5,,1015.3,,0,1,42262,Aligarh
2025-01-06 13:00:00,12.8,91,0.0,,308,6.8,,1015.8,,0,1,42262,Aligarh
2025-01-06 13:00:00,12.8,91,0.0,,308,6.8,,1015.8,,0,1,42262,Aligarh
2025-01-06 14:00:00,12.5,92,0.0,,303,7.2,,1016.2,,0,1,42262,Aligarh
2025-01-06 14:00:00,12.5,92,0.0,,303,7.2,,1016.2,,0,1,42262,Aligarh
2025-01-06 15:00:00,12.0,92,0.0,,300,9.7,,1017.2,,0,1,42262,Aligarh
2025-01-06 15:00:00,12.0,92,0.0,,300,9.7,,1017.2,,0,1,42262,Aligarh
2025-01-06 16:00:00,12.1,92,0.0,,307,11.9,,1017.5,,0,1,42262,Aligarh
2025-01-06 16:00:00,12.1,92,0.0,,307,11.9,,1017.5,,0,1,42262,Aligarh
2025-01-06 17:00:00,11.9,93,0.0,,313,11.5,,1017.7,,0,1,42262,Aligarh
2025-01-06 17:00:00,11.9,93,0.0,,313,11.5,,1017.7,,0,1,42262,Aligarh
2025-01-06 18:00:00,11.6,93,0.0,,313,11.2,,1017.6,,0,1,42262,Aligarh
2025-01-06 18:00:00,11.6,93,0.0,,313,11.2,,1017.6,,0,1,42262,Aligarh
2025-01-06 19:00:00,11.3,93,0.0,,309,11.5,,1017.4,,0,1,42262,Aligarh
2025-01-06 19:00:00,11.3,93,0.0,,309,11.5,,1017.4,,0,1,42262,Aligarh
2025-01-06 20:00:00,10.9,94,0.0,,302,11.9,,1016.9,,0,1,42262,Aligarh
2025-01-06 20:00:00,10.9,94,0.0,,302,11.9,,1016.9,,0,1,42262,Aligarh
2025-01-06 21:00:00,10.8,95,0.0,,303,12.2,,1016.8,,0,1,42262,Aligarh
2025-01-06 21:00:00,10.8,95,0.0,,303,12.2,,1016.8,,0,1,42262,Aligarh
2025-01-06 22:00:00,10.6,96,0.0,,303,11.9,,1016.8,,0,1,42262,Aligarh
2025-01-06 22:00:00,10.6,96,0.0,,303,11.9,,1016.8,,0,1,42262,Aligarh
2025-01-06 23:00:00,10.3,97,0.0,,301,11.5,,1016.7,,0,1,42262,Aligarh
2025-01-06 23:00:00,10.3,97,0.0,,301,11.5,,1016.7,,0,1,42262,Aligarh
2025-01-07 00:00:00,10.1,98,0.0,,298,11.2,,1016.8,,0,1,42262,Aligarh
2025-01-07 00:00:00,10.1,98,0.0,,298,11.2,,1016.8,,0,1,42262,Aligarh
2025-01-07 01:00:00,11.0,98,0.0,,300,11.5,,1017.6,,8,1,42262,Aligarh
2025-01-07 01:00:00,11.0,98,0.0,,300,11.5,,1017.6,,8,1,42262,Aligarh
2025-01-07 02:00:00,11.4,99,0.0,,295,13.3,,1018.0,,8,3,42262,Aligarh
2025-01-07 02:00:00,11.4,99,0.0,,295,13.3,,1018.0,,8,3,42262,Aligarh
2025-01-07 03:00:00,11.2,95,0.0,,230,9.4,,1018.8,,7,3,42262,Aligarh
2025-01-07 03:00:00,11.2,95,0.0,,230,9.4,,1018.8,,7,3,42262,Aligarh
2025-01-07 04:00:00,12.1,97,0.0,,296,14.0,,1019.5,,8,5,42262,Aligarh
2025-01-07 04:00:00,12.1,97,0.0,,296,14.0,,1019.5,,8,5,42262,Aligarh
2025-01-07 05:00:00,13.4,90,0.0,,294,15.8,,1019.9,,8,3,42262,Aligarh
2025-01-07 05:00:00,13.4,90,0.0,,294,15.8,,1019.9,,8,3,42262,Aligarh
2025-01-07 06:00:00,14.8,83,0.0,,294,15.8,,1019.2,,8,3,42262,Aligarh
2025-01-07 06:00:00,14.8,83,0.0,,294,15.8,,1019.2,,8,3,42262,Aligarh
2025-01-07 07:00:00,15.8,77,0.0,,296,16.2,,1018.3,,8,3,42262,Aligarh
2025-01-07 07:00:00,15.8,77,0.0,,296,16.2,,1018.3,,8,3,42262,Aligarh
2025-01-07 08:00:00,16.5,73,0.0,,300,16.9,,1017.2,,4,3,42262,Aligarh
2025-01-07 08:00:00,16.5,73,0.0,,300,16.9,,1017.2,,4,3,42262,Aligarh
2025-01-07 09:00:00,17.5,67,0.0,,303,15.1,,1015.9,,1,3,42262,Aligarh
2025-01-07 09:00:00,17.5,67,0.0,,303,15.1,,1015.9,,1,3,42262,Aligarh
2025-01-07 10:00:00,17.6,67,0.0,,304,13.7,,1015.1,,0,2,42262,Aligarh
2025-01-07 10:00:00,17.6,67,0.0,,304,13.7,,1015.1,,0,2,42262,Aligarh
2025-01-07 11:00:00,17.3,70,0.0,,293,10.8,,1014.8,,0,1,42262,Aligarh
2025-01-07 11:00:00,17.3,70,0.0,,293,10.8,,1014.8,,0,1,42262,Aligarh
2025-01-07 12:00:00,14.9,82,0.0,,278,9.0,,1014.9,,0,1,42262,Aligarh
2025-01-07 12:00:00,14.9,82,0.0,,278,9.0,,1014.9,,0,1,42262,Aligarh
2025-01-07 13:00:00,13.5,89,0.0,,274,10.4,,1015.6,,0,1,42262,Aligarh
2025-01-07 13:00:00,13.5,89,0.0,,274,10.4,,1015.6,,0,1,42262,Aligarh
2025-01-07 14:00:00,12.8,90,0.0,,277,11.2,,1016.2,,0,1,42262,Aligarh
2025-01-07 14:00:00,12.8,90,0.0,,277,11.2,,1016.2,,0,1,42262,Aligarh
2025-01-07 15:00:00,12.3,90,0.0,,279,12.2,,1016.5,,0,1,42262,Aligarh
2025-01-07 15:00:00,12.3,90,0.0,,279,12.2,,1016.5,,0,1,42262,Aligarh
2025-01-07 16:00:00,11.3,92,0.0,,280,11.5,,1016.9,,0,1,42262,Aligarh
2025-01-07 16:00:00,11.3,92,0.0,,280,11.5,,1016.9,,0,1,42262,Aligarh
2025-01-07 17:00:00,11.0,93,0.0,,286,11.5,,1016.9,,0,1,42262,Aligarh
2025-01-07 17:00:00,11.0,93,0.0,,286,11.5,,1016.9,,0,1,42262,Aligarh
2025-01-07 18:00:00,10.7,93,0.0,,288,11.9,,1016.3,,0,1,42262,Aligarh
2025-01-07 18:00:00,10.7,93,0.0,,288,11.9,,1016.3,,0,1,42262,Aligarh
2025-01-07 19:00:00,10.3,93,0.0,,290,11.9,,1016.1,,0,1,42262,Aligarh
2025-01-07 19:00:00,10.3,93,0.0,,290,11.9,,1016.1,,0,1,42262,Aligarh
2025-01-07 20:00:00,9.9,93,0.0,,294,11.9,,1015.5,,0,1,42262,Aligarh
2025-01-07 20:00:00,9.9,93,0.0,,294,11.9,,1015.5,,0,1,42262,Aligarh
2025-01-07 21:00:00,9.7,96,0.0,,293,10.8,,1014.4,,0,1,42262,Aligarh
2025-01-07 21:00:00,9.7,96,0.0,,293,10.8,,1014.4,,0,1,42262,Aligarh
2025-01-07 22:00:00,9.3,95,0.0,,288,10.8,,1014.1,,0,1,42262,Aligarh
2025-01-07 22:00:00,9.3,95,0.0,,288,10.8,,1014.1,,0,1,42262,Aligarh
2025-01-07 23:00:00,8.9,94,0.0,,281,11.2,,1014.1,,0,1,42262,Aligarh
2025-01-07 23:00:00,8.9,94,0.0,,281,11.2,,1014.1,,0,1,42262,Aligarh
2025-01-08 00:00:00,8.6,93,0.0,,277,11.2,,1014.3,,0,1,42262,Aligarh
2025-01-08 00:00:00,8.6,93,0.0,,277,11.2,,1014.3,,0,1,42262,Aligarh
2025-01-08 01:00:00,8.3,93,0.0,,276,10.8,,1015.0,,0,1,42262,Aligarh
2025-01-08 01:00:00,8.3,93,0.0,,276,10.8,,1015.0,,0,1,42262,Aligarh
2025-01-08 02:00:00,8.2,95,0.0,,269,10.8,,1016.3,,0,1,42262,Aligarh
2025-01-08 02:00:00,8.2,95,0.0,,269,10.8,,1016.3,,0,1,42262,Aligarh
2025-01-08 03:00:00,9.7,91,0.0,,268,12.6,,1017.1,,0,1,42262,Aligarh
2025-01-08 03:00:00,9.7,91,0.0,,268,12.6,,1017.1,,0,1,42262,Aligarh
2025-01-08 04:00:00,11.7,83,0.0,,267,11.2,,1017.9,,0,1,42262,Aligarh
2025-01-08 04:00:00,11.7,83,0.0,,267,11.2,,1017.9,,0,1,42262,Aligarh
2025-01-08 05:00:00,14.0,73,0.0,,274,11.9,,1018.1,,0,1,42262,Aligarh
2025-01-08 05:00:00,14.0,73,0.0,,274,11.9,,1018.1,,0,1,42262,Aligarh
2025-01-08 06:00:00,15.9,65,0.0,,278,12.2,,1017.5,,0,1,42262,Aligarh
2025-01-08 06:00:00,15.9,65,0.0,,278,12.2,,1017.5,,0,1,42262,Aligarh
2025-01-08 07:00:00,17.5,58,0.0,,277,13.3,,1016.5,,0,1,42262,Aligarh
2025-01-08 07:00:00,17.5,58,0.0,,277,13.3,,1016.5,,0,1,42262,Aligarh
2025-01-08 08:00:00,18.4,54,0.0,,284,13.3,,1015.5,,0,1,42262,Aligarh
2025-01-08 08:00:00,18.4,54,0.0,,284,13.3,,1015.5,,0,1,42262,Aligarh
2025-01-08 09:00:00,18.8,53,0.0,,293,13.7,,1014.9,,0,1,42262,Aligarh
2025-01-08 09:00:00,18.8,53,0.0,,293,13.7,,1014.9,,0,1,42262,Aligarh
2025-01-08 10:00:00,18.6,54,0.0,,297,13.0,,1014.8,,0,1,42262,Aligarh
2025-01-08 10:00:00,18.6,54,0.0,,297,13.0,,1014.8,,0,1,42262,Aligarh
2025-01-08 11:00:00,17.7,60,0.0,,293,9.4,,1014.8,,0,1,42262,Aligarh
2025-01-08 11:00:00,17.7,60,0.0,,293,9.4,,1014.8,,0,1,42262,Aligarh
2025-01-08 12:00:00,17.4,65,0.0,,320,5.4,,1014.8,,0,1,42262,Aligarh
2025-01-08 12:00:00,17.4,65,0.0,,320,5.4,,1014.8,,0,1,42262,Aligarh
2025-01-08 13:00:00,13.2,79,0.0,,270,7.6,,1015.3,,0,1,42262,Aligarh
2025-01-08 13:00:00,13.2,79,0.0,,270,7.6,,1015.3,,0,1,42262,Aligarh
2025-01-08 14:00:00,12.3,82,0.0,,269,7.9,,1015.9,,0,1,42262,Aligarh
2025-01-08 14:00:00,12.3,82,0.0,,269,7.9,,1015.9,,0,1,42262,Aligarh
2025-01-08 15:00:00,11.5,84,0.0,,269,7.9,,1016.4,,0,1,42262,Aligarh
2025-01-08 15:00:00,11.5,84,0.0,,269,7.9,,1016.4,,0,1,42262,Aligarh
2025-01-08 16:00:00,10.9,86,0.0,,270,8.3,,1016.8,,0,1,42262,Aligarh
2025-01-08 16:00:00,10.9,86,0.0,,270,8.3,,1016.8,,0,1,42262,Aligarh
2025-01-08 17:00:00,10.3,87,0.0,,275,7.9,,1017.1,,0,1,42262,Aligarh
2025-01-08 17:00:00,10.3,87,0.0,,275,7.9,,1017.1,,0,1,42262,Aligarh
2025-01-08 18:00:00,9.4,89,0.0,,284,7.2,,1017.2,,0,1,42262,Aligarh
2025-01-08 18:00:00,9.4,89,0.0,,284,7.2,,1017.2,,0,1,42262,Aligarh
2025-01-08 19:00:00,8.8,89,0.0,,289,6.5,,1017.0,,0,1,42262,Aligarh
2025-01-08 19:00:00,8.8,89,0.0,,289,6.5,,1017.0,,0,1,42262,Aligarh
2025-01-08 20:00:00,8.1,90,0.0,,281,5.8,,1017.0,,0,1,42262,Aligarh
2025-01-08 20:00:00,8.1,90,0.0,,281,5.8,,1017.0,,0,1,42262,Aligarh
2025-01-08 21:00:00,7.6,91,0.0,,288,6.5,,1017.0,,0,1,42262,Aligarh
2025-01-08 21:00:00,7.6,91,0.0,,288,6.5,,1017.0,,0,1,42262,Aligarh
2025-01-08 22:00:00,7.3,92,0.0,,312,6.8,,1016.8,,0,1,42262,Aligarh
2025-01-08 22:00:00,7.3,92,0.0,,312,6.8,,1016.8,,0,1,42262,Aligarh
2025-01-08 23:00:00,7.2,93,0.0,,334,6.8,,1016.3,,1,1,42262,Aligarh
2025-01-08 23:00:00,7.2,93,0.0,,334,6.8,,1016.3,,1,1,42262,Aligarh
2025-01-09 00:00:00,6.8,92,0.0,,339,6.5,,1016.4,,0,1,42262,Aligarh
2025-01-09 00:00:00,6.8,92,0.0,,339,6.5,,1016.4,,0,1,42262,Aligarh
2025-01-09 01:00:00,6.6,93,0.0,,346,5.8,,1017.1,,1,1,42262,Aligarh
2025-01-09 01:00:00,6.6,93,0.0,,346,5.8,,1017.1,,1,1,42262,Aligarh
2025-01-09 02:00:00,6.5,93,0.0,,352,5.4,,1018.0,,1,1,42262,Aligarh
2025-01-09 02:00:00,6.5,93,0.0,,352,5.4,,1018.0,,1,1,42262,Aligarh
2025-01-09 03:00:00,8.9,91,0.0,,15,6.5,,1019.1,,0,1,42262,Aligarh
2025-01-09 03:00:00,8.9,91,0.0,,15,6.5,,1019.1,,0,1,42262,Aligarh
2025-01-09 04:00:00,12.3,84,0.0,,86,4.7,,1020.3,,0,1,42262,Aligarh
2025-01-09 04:00:00,12.3,84,0.0,,86,4.7,,1020.3,,0,1,42262,Aligarh
2025-01-09 05:00:00,14.9,76,0.0,,80,4.3,,1020.6,,0,1,42262,Aligarh
2025-01-09 05:00:00,14.9,76,0.0,,80,4.3,,1020.6,,0,1,42262,Aligarh
2025-01-09 06:00:00,16.8,67,0.0,,81,4.7,,1020.0,,0,1,42262,Aligarh
2025-01-09 06:00:00,16.8,67,0.0,,81,4.7,,1020.0,,0,1,42262,Aligarh
2025-01-09 07:00:00,18.0,60,0.0,,80,3.2,,1019.1,,0,1,42262,Aligarh
2025-01-09 07:00:00,18.0,60,0.0,,80,3.2,,1019.1,,0,1,42262,Aligarh
2025-01-09 08:00:00,18.9,55,0.0,,48,1.8,,1018.2,,0,1,42262,Aligarh
2025-01-09 08:00:00,18.9,55,0.0,,48,1.8,,1018.2,,0,1,42262,Aligarh
2025-01-09 09:00:00,19.1,51,0.0,,355,4.3,,1017.3,,0,1,42262,Aligarh
2025-01-09 09:00:00,19.1,51,0.0,,355,4.3,,1017.3,,0,1,42262,Aligarh
2025-01-09 10:00:00,18.9,51,0.0,,345,4.3,,1017.0,,0,1,42262,Aligarh
2025-01-09 10:00:00,18.9,51,0.0,,345,4.3,,1017.0,,0,1,42262,Aligarh
2025-01-09 11:00:00,17.9,66,0.0,,348,2.9,,1017.1,,0,1,42262,Aligarh
2025-01-09 11:00:00,17.9,66,0.0,,348,2.9,,1017.1,,0,1,42262,Aligarh
2025-01-09 12:00:00,16.2,79,0.0,,50,3.6,,1017.3,,0,1,42262,Aligarh
2025-01-09 12:00:00,16.2,79,0.0,,50,3.6,,1017.3,,0,1,42262,Aligarh
2025-01-09 13:00:00,13.6,76,0.0,,348,2.2,,1017.8,,0,1,42262,Aligarh
2025-01-09 13:00:00,13.6,76,0.0,,348,2.2,,1017.8,,0,1,42262,Aligarh
2025-01-09 14:00:00,12.5,80,0.0,,22,2.2,,1018.8,,0,1,42262,Aligarh
2025-01-09 14:00:00,12.5,80,0.0,,22,2.2,,1018.8,,0,1,42262,Aligarh
2025-01-09 15:00:00,11.6,82,0.0,,26,1.8,,1019.5,,0,1,42262,Aligarh
2025-01-09 15:00:00,11.6,82,0.0,,26,1.8,,1019.5,,0,1,42262,Aligarh
2025-01-09 16:00:00,10.7,86,0.0,,53,1.8,,1019.9,,0,1,42262,Aligarh
2025-01-09 16:00:00,10.7,86,0.0,,53,1.8,,1019.9,,0,1,42262,Aligarh
2025-01-09 17:00:00,9.8,90,0.0,,88,2.5,,1020.2,,0,1,42262,Aligarh
2025-01-09 17:00:00,9.8,90,0.0,,88,2.5,,1020.2,,0,1,42262,Aligarh
2025-01-09 18:00:00,8.9,92,0.0,,83,3.6,,1020.2,,0,1,42262,Aligarh
2025-01-09 18:00:00,8.9,92,0.0,,83,3.6,,1020.2,,0,1,42262,Aligarh
2025-01-09 19:00:00,8.0,95,0.0,,63,4.3,,1019.5,,0,1,42262,Aligarh
2025-01-09 19:00:00,8.0,95,0.0,,63,4.3,,1019.5,,0,1,42262,Aligarh
2025-01-09 20:00:00,7.4,96,0.0,,64,4.7,,1019.3,,0,1,42262,Aligarh
2025-01-09 20:00:00,7.4,96,0.0,,64,4.7,,1019.3,,0,1,42262,Aligarh
2025-01-09 21:00:00,7.1,96,0.0,,64,4.7,,1019.1,,0,1,42262,Aligarh
2025-01-09 21:00:00,7.1,96,0.0,,64,4.7,,1019.1,,0,1,42262,Aligarh
2025-01-09 22:00:00,6.8,96,0.0,,68,3.6,,1019.0,,0,1,42262,Aligarh
2025-01-09 22:00:00,6.8,96,0.0,,68,3.6,,1019.0,,0,1,42262,Aligarh
2025-01-09 23:00:00,6.7,96,0.0,,107,2.5,,1019.0,,0,1,42262,Aligarh
2025-01-09 23:00:00,6.7,96,0.0,,107,2.5,,1019.0,,0,1,42262,Aligarh
2025-01-10 00:00:00,6.3,97,0.0,,140,2.5,,1019.4,,0,1,42262,Aligarh
2025-01-10 00:00:00,6.3,97,0.0,,140,2.5,,1019.4,,0,1,42262,Aligarh
2025-01-10 01:00:00,5.9,98,0.0,,137,2.9,,1020.1,,0,1,42262,Aligarh
2025-01-10 01:00:00,5.9,98,0.0,,137,2.9,,1020.1,,0,1,42262,Aligarh
2025-01-10 02:00:00,5.4,99,0.0,,137,4.3,,1021.0,,5,1,42262,Aligarh
2025-01-10 02:00:00,5.4,99,0.0,,137,4.3,,1021.0,,5,1,42262,Aligarh
2025-01-10 03:00:00,10.0,97,0.0,,50,3.6,,1021.9,,8,5,42262,Aligarh
2025-01-10 03:00:00,10.0,97,0.0,,50,3.6,,1021.9,,8,5,42262,Aligarh
2025-01-10 04:00:00,11.0,90,0.0,,99,2.9,,1022.7,,1,5,42262,Aligarh
2025-01-10 04:00:00,11.0,90,0.0,,99,2.9,,1022.7,,1,5,42262,Aligarh
2025-01-10 05:00:00,13.7,87,0.0,,88,3.2,,1023.1,,1,2,42262,Aligarh
2025-01-10 05:00:00,13.7,87,0.0,,88,3.2,,1023.1,,1,2,42262,Aligarh
2025-01-10 06:00:00,16.5,70,0.0,,96,4.3,,1022.3,,0,2,42262,Aligarh
2025-01-10 06:00:00,16.5,70,0.0,,96,4.3,,1022.3,,0,2,42262,Aligarh
2025-01-10 07:00:00,17.8,60,0.0,,83,5.0,,1021.2,,0,1,42262,Aligarh
2025-01-10 07:00:00,17.8,60,0.0,,83,5.0,,1021.2,,0,1,42262,Aligarh
2025-01-10 08:00:00,18.4,58,0.0,,74,5.4,,1019.9,,0,1,42262,Aligarh
2025-01-10 08:00:00,18.4,58,0.0,,74,5.4,,1019.9,,0,1,42262,Aligarh
2025-01-10 09:00:00,18.6,56,0.0,,67,5.4,,1018.9,,0,1,42262,Aligarh
2025-01-10 09:00:00,18.6,56,0.0,,67,5.4,,1018.9,,0,1,42262,Aligarh
2025-01-10 10:00:00,17.9,57,0.0,,73,6.1,,1018.7,,0,1,42262,Aligarh
2025-01-10 10:00:00,17.9,57,0.0,,73,6.1,,1018.7,,0,1,42262,Aligarh
2025-01-10 11:00:00,17.1,64,0.0,,70,4.7,,1018.4,,0,1,42262,Aligarh
2025-01-10 11:00:00,17.1,64,0.0,,70,4.7,,1018.4,,0,1,42262,Aligarh
2025-01-10 12:00:00,13.8,88,0.0,,0,0.0,,1018.3,,0,1,42262,Aligarh
2025-01-10 12:00:00,13.8,88,0.0,,0,0.0,,1018.3,,0,1,42262,Aligarh
2025-01-10 13:00:00,12.7,81,0.0,,80,6.5,,1018.7,,0,1,42262,Aligarh
2025-01-10 13:00:00,12.7,81,0.0,,80,6.5,,1018.7,,0,1,42262,Aligarh
2025-01-10 14:00:00,11.7,84,0.0,,83,6.8,,1019.2,,0,1,42262,Aligarh
2025-01-10 14:00:00,11.7,84,0.0,,83,6.8,,1019.2,,0,1,42262,Aligarh
2025-01-10 15:00:00,10.4,90,0.0,,79,6.8,,1019.3,,0,1,42262,Aligarh
2025-01-10 15:00:00,10.4,90,0.0,,79,6.8,,1019.3,,0,1,42262,Aligarh
2025-01-10 16:00:00,9.7,92,0.0,,88,7.2,,1019.4,,0,1,42262,Aligarh
2025-01-10 16:00:00,9.7,92,0.0,,88,7.2,,1019.4,,0,1,42262,Aligarh
2025-01-10 17:00:00,9.0,92,0.0,,102,6.8,,1019.7,,0,1,42262,Aligarh
2025-01-10 17:00:00,9.0,92,0.0,,102,6.8,,1019.7,,0,1,42262,Aligarh
2025-01-10 18:00:00,8.6,93,0.0,,107,6.8,,1019.6,,0,1,42262,Aligarh
2025-01-10 18:00:00,8.6,93,0.0,,107,6.8,,1019.6,,0,1,42262,Aligarh
2025-01-10 19:00:00,8.3,93,0.0,,112,6.8,,1019.3,,0,1,42262,Aligarh
2025-01-10 19:00:00,8.3,93,0.0,,112,6.8,,1019.3,,0,1,42262,Aligarh
2025-01-10 20:00:00,8.0,94,0.0,,98,6.5,,1018.9,,0,1,42262,Aligarh
2025-01-10 20:00:00,8.0,94,0.0,,98,6.5,,1018.9,,0,1,42262,Aligarh
2025-01-10 21:00:00,7.8,95,0.0,,95,6.8,,1018.8,,0,1,42262,Aligarh
2025-01-10 21:00:00,7.8,95,0.0,,95,6.8,,1018.8,,0,1,42262,Aligarh
2025-01-10 22:00:00,7.6,95,0.0,,96,7.2,,1018.8,,0,1,42262,Aligarh
2025-01-10 22:00:00,7.6,95,0.0,,96,7.2,,1018.8,,0,1,42262,Aligarh
2025-01-10 23:00:00,7.4,96,0.0,,96,7.6,,1018.7,,0,1,42262,Aligarh
2025-01-10 23:00:00,7.4,96,0.0,,96,7.6,,1018.7,,0,1,42262,Aligarh
2025-01-11 00:00:00,7.6,96,0.0,,92,8.3,,1019.1,,0,1,42262,Aligarh
2025-01-11 00:00:00,7.6,96,0.0,,92,8.3,,1019.1,,0,1,42262,Aligarh
2025-01-11 01:00:00,7.7,97,0.0,,91,8.6,,1019.6,,0,1,42262,Aligarh
2025-01-11 01:00:00,7.7,97,0.0,,91,8.6,,1019.6,,0,1,42262,Aligarh
2025-01-11 02:00:00,7.9,97,0.0,,92,9.4,,1020.1,,0,1,42262,Aligarh
2025-01-11 02:00:00,7.9,97,0.0,,92,9.4,,1020.1,,0,1,42262,Aligarh
2025-01-11 03:00:00,8.2,100,0.0,,0,0.0,,1020.7,,0,1,42262,Aligarh
2025-01-11 03:00:00,8.2,100,0.0,,0,0.0,,1020.7,,0,1,42262,Aligarh
2025-01-11 04:00:00,12.1,88,0.0,,101,10.4,,1020.9,,0,1,42262,Aligarh
2025-01-11 04:00:00,12.1,88,0.0,,101,10.4,,1020.9,,0,1,42262,Aligarh
2025-01-11 05:00:00,14.7,81,0.0,,109,12.2,,1020.7,,0,1,42262,Aligarh
2025-01-11 05:00:00,14.7,81,0.0,,109,12.2,,1020.7,,0,1,42262,Aligarh
2025-01-11 06:00:00,16.6,72,0.0,,120,13.7,,1019.8,,0,1,42262,Aligarh
2025-01-11 06:00:00,16.6,72,0.0,,120,13.7,,1019.8,,0,1,42262,Aligarh
2025-01-11 07:00:00,17.9,66,0.0,,119,11.9,,1018.5,,2,1,42262,Aligarh
2025-01-11 07:00:00,17.9,66,0.0,,119,11.9,,1018.5,,2,1,42262,Aligarh
2025-01-11 08:00:00,18.7,64,0.0,,118,11.5,,1017.2,,8,2,42262,Aligarh
2025-01-11 08:00:00,18.7,64,0.0,,118,11.5,,1017.2,,8,2,42262,Aligarh
2025-01-11 09:00:00,19.0,61,0.0,,114,11.5,,1015.9,,8,3,42262,Aligarh
2025-01-11 09:00:00,19.0,61,0.0,,114,11.5,,1015.9,,8,3,42262,Aligarh
2025-01-11 10:00:00,18.7,61,0.0,,112,11.9,,1015.1,,8,3,42262,Aligarh
2025-01-11 10:00:00,18.7,61,0.0,,112,11.9,,1015.1,,8,3,42262,Aligarh
2025-01-11 11:00:00,18.2,69,0.0,,103,7.6,,1015.5,,8,3,42262,Aligarh
2025-01-11 11:00:00,18.2,69,0.0,,103,7.6,,1015.5,,8,3,42262,Aligarh
2025-01-11 12:00:00,17.2,74,0.0,,50,3.6,,1015.4,,6,3,42262,Aligarh
2025-01-11 12:00:00,17.2,74,0.0,,50,3.6,,1015.4,,6,3,42262,Aligarh
2025-01-11 13:00:00,14.5,85,0.0,,85,6.5,,1015.9,,8,3,42262,Aligarh
2025-01-11 13:00:00,14.5,85,0.0,,85,6.5,,1015.9,,8,3,42262,Aligarh
2025-01-11 14:00:00,14.4,85,0.0,,6,5.0,,1016.7,,7,3,42262,Aligarh
2025-01-11 14:00:00,14.4,85,0.0,,6,5.0,,1016.7,,7,3,42262,Aligarh
2025-01-11 15:00:00,13.6,88,0.0,,19,7.2,,1017.1,,7,3,42262,Aligarh
2025-01-11 15:00:00,13.6,88,0.0,,19,7.2,,1017.1,,7,3,42262,Aligarh
2025-01-11 16:00:00,13.3,90,0.0,,4,7.2,,1018.0,,8,3,42262,Aligarh
2025-01-11 16:00:00,13.3,90,0.0,,4,7.2,,1018.0,,8,3,42262,Aligarh
2025-01-11 17:00:00,13.2,93,1.9,,359,8.6,,1018.9,,8,9,42262,Aligarh
2025-01-11 17:00:00,13.2,93,1.9,,359,8.6,,1018.9,,8,9,42262,Aligarh
2025-01-11 18:00:00,13.4,94,0.5,,17,10.4,,1018.6,,8,8,42262,Aligarh
2025-01-11 18:00:00,13.4,94,0.5,,17,10.4,,1018.6,,8,8,42262,Aligarh
2025-01-11 19:00:00,13.4,93,1.4,,39,13.0,,1018.1,,7,9,42262,Aligarh
2025-01-11 19:00:00,13.4,93,1.4,,39,13.0,,1018.1,,7,9,42262,Aligarh
2025-01-11 20:00:00,13.3,93,3.0,,78,18.4,,1017.0,,8,9,42262,Aligarh
2025-01-11 20:00:00,13.3,93,3.0,,78,18.4,,1017.0,,8,9,42262,Aligarh
2025-01-11 21:00:00,13.8,90,1.1,,87,17.6,,1016.9,,5,9,42262,Aligarh
2025-01-11 21:00:00,13.8,90,1.1,,87,17.6,,1016.9,,5,9,42262,Aligarh
2025-01-11 22:00:00,12.7,93,0.0,,18,9.7,,1017.2,,0,3,42262,Aligarh
2025-01-11 22:00:00,12.7,93,0.0,,18,9.7,,1017.2,,0,3,42262,Aligarh
2025-01-11 23:00:00,11.1,96,0.0,,338,5.4,,1017.5,,0,1,42262,Aligarh
2025-01-11 23:00:00,11.1,96,0.0,,338,5.4,,1017.5,,0,1,42262,Aligarh
2025-01-12 00:00:00,10.6,96,0.0,,32,6.5,,1017.6,,0,1,42262,Aligarh
2025-01-12 00:00:00,10.6,96,0.0,,32,6.5,,1017.6,,0,1,42262,Aligarh
2025-01-12 01:00:00,10.7,96,0.0,,71,6.5,,1018.2,,0,1,42262,Aligarh
2025-01-12 01:00:00,10.7,96,0.0,,71,6.5,,1018.2,,0,1,42262,Aligarh
2025-01-12 02:00:00,11.6,94,0.0,,101,8.6,,1019.1,,0,1,42262,Aligarh
2025-01-12 02:00:00,11.6,94,0.0,,101,8.6,,1019.1,,0,1,42262,Aligarh
2025-01-12 03:00:00,13.4,96,0.0,,320,3.6,,1020.0,,7,1,42262,Aligarh
2025-01-12 03:00:00,13.4,96,0.0,,320,3.6,,1020.0,,7,1,42262,Aligarh
2025-01-12 04:00:00,14.9,87,0.0,,107,7.9,,1020.4,,0,1,42262,Aligarh
2025-01-12 04:00:00,14.9,87,0.0,,107,7.9,,1020.4,,0,1,42262,Aligarh
2025-01-12 05:00:00,16.8,73,0.0,,116,7.6,,1020.6,,0,1,42262,Aligarh
2025-01-12 05:00:00,16.8,73,0.0,,116,7.6,,1020.6,,0,1,42262,Aligarh
2025-01-12 06:00:00,18.3,63,0.0,,122,7.6,,1019.9,,0,1,42262,Aligarh
2025-01-12 06:00:00,18.3,63,0.0,,122,7.6,,1019.9,,0,1,42262,Aligarh
2025-01-12 07:00:00,19.2,62,0.0,,233,2.2,,1019.0,,3,1,42262,Aligarh
2025-01-12 07:00:00,19.2,62,0.0,,233,2.2,,1019.0,,3,1,42262,Aligarh
2025-01-12 08:00:00,19.6,60,0.0,,288,2.5,,1017.9,,2,2,42262,Aligarh
2025-01-12 08:00:00,19.6,60,0.0,,288,2.5,,1017.9,,2,2,42262,Aligarh
2025-01-12 09:00:00,19.7,59,0.0,,311,2.5,,1016.9,,2,2,42262,Aligarh
2025-01-12 09:00:00,19.7,59,0.0,,311,2.5,,1016.9,,2,2,42262,Aligarh
2025-01-12 10:00:00,19.6,59,0.0,,331,2.9,,1016.7,,2,2,42262,Aligarh
2025-01-12 10:00:00,19.6,59,0.0,,331,2.9,,1016.7,,2,2,42262,Aligarh
2025-01-12 11:00:00,19.0,65,0.0,,338,2.9,,1017.0,,2,2,42262,Aligarh
2025-01-12 11:00:00,19.0,65,0.0,,338,2.9,,1017.0,,2,2,42262,Aligarh
2025-01-12 12:00:00,17.6,71,0.0,,320,3.6,,1017.3,,6,2,42262,Aligarh
2025-01-12 12:00:00,17.6,71,0.0,,320,3.6,,1017.3,,6,2,42262,Aligarh
2025-01-12 13:00:00,15.2,82,0.0,,307,6.1,,1017.9,,1,2,42262,Aligarh
2025-01-12 13:00:00,15.2,82,0.0,,307,6.1,,1017.9,,1,2,42262,Aligarh
2025-01-12 14:00:00,14.1,87,0.0,,291,7.2,,1018.4,,1,2,42262,Aligarh
2025-01-12 14:00:00,14.1,87,0.0,,291,7.2,,1018.4,,1,2,42262,Aligarh
2025-01-12 15:00:00,13.5,90,0.0,,298,8.6,,1018.9,,2,2,42262,Aligarh
2025-01-12 15:00:00,13.5,90,0.0,,298,8.6,,1018.9,,2,2,42262,Aligarh
2025-01-12 16:00:00,13.2,90,0.0,,302,9.4,,1019.5,,3,2,42262,Aligarh
2025-01-12 16:00:00,13.2,90,0.0,,302,9.4,,1019.5,,3,2,42262,Aligarh
2025-01-12 17:00:00,12.9,91,0.0,,314,10.1,,1019.6,,2,2,42262,Aligarh
2025-01-12 17:00:00,12.9,91,0.0,,314,10.1,,1019.6,,2,2,42262,Aligarh
2025-01-12 18:00:00,11.3,95,0.0,,324,8.3,,1019.8,,1,2,42262,Aligarh
2025-01-12 18:00:00,11.3,95,0.0,,324,8.3,,1019.8,,1,2,42262,Aligarh
2025-01-12 19:00:00,10.9,96,0.0,,324,8.6,,1019.5,,1,2,42262,Aligarh
2025-01-12 19:00:00,10.9,96,0.0,,324,8.6,,1019.5,,1,2,42262,Aligarh
2025-01-12 20:00:00,10.5,96,0.0,,316,8.3,,1019.4,,1,1,42262,Aligarh
2025-01-12 20:00:00,10.5,96,0.0,,316,8.3,,1019.4,,1,1,42262,Aligarh
2025-01-12 21:00:00,10.2,97,0.0,,313,8.3,,1019.0,,1,2,42262,Aligarh
2025-01-12 21:00:00,10.2,97,0.0,,313,8.3,,1019.0,,1,2,42262,Aligarh
2025-01-12 22:00:00,9.9,98,0.0,,314,8.6,,1018.8,,0,1,42262,Aligarh
2025-01-12 22:00:00,9.9,98,0.0,,314,8.6,,1018.8,,0,1,42262,Aligarh
2025-01-12 23:00:00,9.8,98,0.0,,315,7.6,,1018.3,,0,1,42262,Aligarh
2025-01-12 23:00:00,9.8,98,0.0,,315,7.6,,1018.3,,0,1,42262,Aligarh
2025-01-13 00:00:00,9.6,98,0.0,,316,7.9,,1018.5,,0,1,42262,Aligarh
2025-01-13 00:00:00,9.6,98,0.0,,316,7.9,,1018.5,,0,1,42262,Aligarh
2025-01-13 01:00:00,9.3,97,0.0,,316,8.3,,1018.8,,0,1,42262,Aligarh
2025-01-13 01:00:00,9.3,97,0.0,,316,8.3,,1018.8,,0,1,42262,Aligarh
2025-01-13 02:00:00,9.2,98,0.0,,310,8.3,,1019.3,,0,1,42262,Aligarh
2025-01-13 02:00:00,9.2,98,0.0,,310,8.3,,1019.3,,0,1,42262,Aligarh
2025-01-13 03:00:00,10.0,87,0.0,,320,3.6,,1019.8,,5,1,42262,Aligarh
2025-01-13 03:00:00,10.0,87,0.0,,320,3.6,,1019.8,,5,1,42262,Aligarh
2025-01-13 04:00:00,12.6,91,0.0,,309,9.0,,1020.3,,1,1,42262,Aligarh
2025-01-13 04:00:00,12.6,91,0.0,,309,9.0,,1020.3,,1,1,42262,Aligarh
2025-01-13 05:00:00,14.6,86,0.0,,303,7.9,,1020.6,,0,2,42262,Aligarh
2025-01-13 05:00:00,14.6,86,0.0,,303,7.9,,1020.6,,0,2,42262,Aligarh
2025-01-13 06:00:00,16.4,78,0.0,,294,7.9,,1019.8,,0,1,42262,Aligarh
2025-01-13 06:00:00,16.4,78,0.0,,294,7.9,,1019.8,,0,1,42262,Aligarh
2025-01-13 07:00:00,17.8,71,0.0,,294,8.3,,1019.0,,0,1,42262,Aligarh
2025-01-13 07:00:00,17.8,71,0.0,,294,8.3,,1019.0,,0,1,42262,Aligarh
2025-01-13 08:00:00,18.7,67,0.0,,289,8.6,,1017.9,,0,1,42262,Aligarh
2025-01-13 08:00:00,18.7,67,0.0,,289,8.6,,1017.9,,0,1,42262,Aligarh
2025-01-13 09:00:00,19.6,64,0.0,,299,7.9,,1016.4,,0,1,42262,Aligarh
2025-01-13 09:00:00,19.6,64,0.0,,299,7.9,,1016.4,,0,1,42262,Aligarh
2025-01-13 10:00:00,19.5,64,0.0,,297,7.9,,1016.1,,0,1,42262,Aligarh
2025-01-13 10:00:00,19.5,64,0.0,,297,7.9,,1016.1,,0,1,42262,Aligarh
2025-01-13 11:00:00,18.8,69,0.0,,285,6.8,,1016.0,,0,1,42262,Aligarh
2025-01-13 11:00:00,18.8,69,0.0,,285,6.8,,1016.0,,0,1,42262,Aligarh
2025-01-13 12:00:00,18.0,88,0.0,,320,5.4,,1016.3,,0,1,42262,Aligarh
2025-01-13 12:00:00,18.0,88,0.0,,320,5.4,,1016.3,,0,1,42262,Aligarh
2025-01-13 13:00:00,15.1,89,0.0,,263,8.6,,1016.9,,0,1,42262,Aligarh
2025-01-13 13:00:00,15.1,89,0.0,,263,8.6,,1016.9,,0,1,42262,Aligarh
2025-01-13 14:00:00,14.4,91,0.0,,267,9.7,,1017.3,,0,1,42262,Aligarh
2025-01-13 14:00:00,14.4,91,0.0,,267,9.7,,1017.3,,0,1,42262,Aligarh
2025-01-13 15:00:00,13.7,92,0.0,,275,9.7,,1017.8,,0,1,42262,Aligarh
2025-01-13 15:00:00,13.7,92,0.0,,275,9.7,,1017.8,,0,1,42262,Aligarh
2025-01-13 16:00:00,13.1,93,0.0,,283,9.4,,1018.1,,0,1,42262,Aligarh
2025-01-13 16:00:00,13.1,93,0.0,,283,9.4,,1018.1,,0,1,42262,Aligarh
2025-01-13 17:00:00,12.5,93,0.0,,286,8.3,,1018.2,,0,1,42262,Aligarh
2025-01-13 17:00:00,12.5,93,0.0,,286,8.3,,1018.2,,0,1,42262,Aligarh
2025-01-13 18:00:00,12.0,94,0.0,,287,7.9,,1017.9,,0,1,42262,Aligarh
2025-01-13 18:00:00,12.0,94,0.0,,287,7.9,,1017.9,,0,1,42262,Aligarh
2025-01-13 19:00:00,11.2,94,0.0,,293,7.6,,1017.5,,0,1,42262,Aligarh
2025-01-13 19:00:00,11.2,94,0.0,,293,7.6,,1017.5,,0,1,42262,Aligarh
2025-01-13 20:00:00,10.6,95,0.0,,290,7.2,,1017.4,,0,1,42262,Aligarh
2025-01-13 20:00:00,10.6,95,0.0,,290,7.2,,1017.4,,0,1,42262,Aligarh
2025-01-13 21:00:00,10.1,97,0.0,,287,7.2,,1017.2,,0,1,42262,Aligarh
2025-01-13 21:00:00,10.1,97,0.0,,287,7.2,,1017.2,,0,1,42262,Aligarh
2025-01-13 22:00:00,9.6,97,0.0,,298,6.8,,1016.9,,0,1,42262,Aligarh
2025-01-13 22:00:00,9.6,97,0.0,,298,6.8,,1016.9,,0,1,42262,Aligarh
2025-01-13 23:00:00,9.2,98,0.0,,306,6.8,,1016.8,,0,1,42262,Aligarh
2025-01-13 23:00:00,9.2,98,0.0,,306,6.8,,1016.8,,0,1,42262,Aligarh
2025-01-14 00:00:00,8.6,98,0.0,,304,6.1,,1017.2,,0,1,42262,Aligarh
2025-01-14 00:00:00,8.6,98,0.0,,304,6.1,,1017.2,,0,1,42262,Aligarh
2025-01-14 01:00:00,8.1,98,0.0,,291,6.1,,1018.3,,0,1,42262,Aligarh
2025-01-14 01:00:00,8.1,98,0.0,,291,6.1,,1018.3,,0,1,42262,Aligarh
2025-01-14 02:00:00,8.0,99,0.0,,286,6.1,,1019.2,,0,1,42262,Aligarh
2025-01-14 02:00:00,8.0,99,0.0,,286,6.1,,1019.2,,0,1,42262,Aligarh
2025-01-14 03:00:00,9.6,87,0.0,,320,3.6,,1020.1,,0,1,42262,Aligarh
2025-01-14 03:00:00,9.6,87,0.0,,320,3.6,,1020.1,,0,1,42262,Aligarh
2025-01-14 04:00:00,12.3,90,0.0,,280,4.7,,1021.1,,0,1,42262,Aligarh
2025-01-14 04:00:00,12.3,90,0.0,,280,4.7,,1021.1,,0,1,42262,Aligarh
2025-01-14 05:00:00,14.8,85,0.0,,283,2.9,,1021.4,,0,1,42262,Aligarh
2025-01-14 05:00:00,14.8,85,0.0,,283,2.9,,1021.4,,0,1,42262,Aligarh
2025-01-14 06:00:00,16.6,78,0.0,,262,2.2,,1020.9,,0,1,42262,Aligarh
2025-01-14 06:00:00,16.6,78,0.0,,262,2.2,,1020.9,,0,1,42262,Aligarh
2025-01-14 07:00:00,18.1,73,0.0,,226,1.8,,1020.1,,0,1,42262,Aligarh
2025-01-14 07:00:00,18.1,73,0.0,,226,1.8,,1020.1,,0,1,42262,Aligarh
2025-01-14 08:00:00,19.1,68,0.0,,246,2.5,,1019.1,,0,1,42262,Aligarh
2025-01-14 08:00:00,19.1,68,0.0,,246,2.5,,1019.1,,0,1,42262,Aligarh
2025-01-14 09:00:00,19.5,65,0.0,,253,2.5,,1018.2,,0,1,42262,Aligarh
2025-01-14 09:00:00,19.5,65,0.0,,253,2.5,,1018.2,,0,1,42262,Aligarh
2025-01-14 10:00:00,19.2,63,0.0,,295,3.2,,1017.9,,0,1,42262,Aligarh
2025-01-14 10:00:00,19.2,63,0.0,,295,3.2,,1017.9,,0,1,42262,Aligarh
2025-01-14 11:00:00,18.6,68,0.0,,322,3.2,,1017.9,,0,1,42262,Aligarh
2025-01-14 11:00:00,18.6,68,0.0,,322,3.2,,1017.9,,0,1,42262,Aligarh
2025-01-14 12:00:00,18.2,62,0.0,,320,5.4,,1018.3,,0,1,42262,Aligarh
2025-01-14 12:00:00,18.2,62,0.0,,320,5.4,,1018.3,,0,1,42262,Aligarh
2025-01-14 13:00:00,14.9,81,0.0,,12,1.1,,1018.8,,0,1,42262,Aligarh
2025-01-14 13:00:00,14.9,81,0.0,,12,1.1,,1018.8,,0,1,42262,Aligarh
2025-01-14 14:00:00,13.3,87,0.0,,2,4.7,,1019.1,,0,1,42262,Aligarh
2025-01-14 14:00:00,13.3,87,0.0,,2,4.7,,1019.1,,0,1,42262,Aligarh
2025-01-14 15:00:00,12.6,91,0.0,,88,1.8,,1020.0,,0,1,42262,Aligarh
2025-01-14 15:00:00,12.6,91,0.0,,88,1.8,,1020.0,,0,1,42262,Aligarh
2025-01-14 16:00:00,11.9,93,0.0,,118,2.2,,1020.3,,6,1,42262,Aligarh
2025-01-14 16:00:00,11.9,93,0.0,,118,2.2,,1020.3,,6,1,42262,Aligarh
2025-01-14 17:00:00,11.1,96,0.0,,101,2.2,,1020.6,,7,3,42262,Aligarh
2025-01-14 17:00:00,11.1,96,0.0,,101,2.2,,1020.6,,7,3,42262,Aligarh
2025-01-14 18:00:00,10.6,99,0.0,,102,1.8,,1020.3,,8,3,42262,Aligarh
2025-01-14 18:00:00,10.6,99,0.0,,102,1.8,,1020.3,,8,3,42262,Aligarh
2025-01-14 19:00:00,10.3,100,0.0,,188,1.4,,1020.3,,0,3,42262,Aligarh
2025-01-14 19:00:00,10.3,100,0.0,,188,1.4,,1020.3,,0,3,42262,Aligarh
2025-01-14 20:00:00,9.8,100,0.0,,169,3.6,,1020.0,,0,1,42262,Aligarh
2025-01-14 20:00:00,9.8,100,0.0,,169,3.6,,1020.0,,0,1,42262,Aligarh
2025-01-14 21:00:00,9.3,100,0.0,,180,2.9,,1019.7,,6,1,42262,Aligarh
2025-01-14 21:00:00,9.3,100,0.0,,180,2.9,,1019.7,,6,1,42262,Aligarh
2025-01-14 22:00:00,9.1,100,0.0,,212,1.1,,1019.8,,8,5,42262,Aligarh
2025-01-14 22:00:00,9.1,100,0.0,,212,1.1,,1019.8,,8,5,42262,Aligarh
2025-01-14 23:00:00,8.0,100,0.0,,0,1.8,,1019.8,,8,5,42262,Aligarh
2025-01-14 23:00:00,8.0,100,0.0,,0,1.8,,1019.8,,8,5,42262,Aligarh
2025-01-15 00:00:00,7.1,99,0.0,,341,3.6,,1020.1,,8,5,42262,Aligarh
2025-01-15 00:00:00,7.1,99,0.0,,341,3.6,,1020.1,,8,5,42262,Aligarh
2025-01-15 01:00:00,7.3,100,0.0,,30,3.2,,1021.1,,8,5,42262,Aligarh
2025-01-15 01:00:00,7.3,100,0.0,,30,3.2,,1021.1,,8,5,42262,Aligarh
2025-01-15 02:00:00,7.4,100,0.0,,56,4.0,,1021.8,,8,5,42262,Aligarh
2025-01-15 02:00:00,7.4,100,0.0,,56,4.0,,1021.8,,8,5,42262,Aligarh
2025-01-15 03:00:00,10.6,87,0.0,,50,3.6,,1022.3,,3,5,42262,Aligarh
2025-01-15 03:00:00,10.6,87,0.0,,50,3.6,,1022.3,,3,5,42262,Aligarh
2025-01-15 04:00:00,11.0,98,0.0,,42,4.0,,1022.7,,8,5,42262,Aligarh
2025-01-15 04:00:00,11.0,98,0.0,,42,4.0,,1022.7,,8,5,42262,Aligarh
2025-01-15 05:00:00,13.0,96,0.0,,83,3.6,,1022.9,,8,5,42262,Aligarh
2025-01-15 05:00:00,13.0,96,0.0,,83,3.6,,1022.9,,8,5,42262,Aligarh
2025-01-15 06:00:00,15.8,88,0.0,,103,3.6,,1022.4,,4,5,42262,Aligarh
2025-01-15 06:00:00,15.8,88,0.0,,103,3.6,,1022.4,,4,5,42262,Aligarh
2025-01-15 07:00:00,17.9,71,0.0,,105,6.5,,1020.9,,2,3,42262,Aligarh
2025-01-15 07:00:00,17.9,71,0.0,,105,6.5,,1020.9,,2,3,42262,Aligarh
2025-01-15 08:00:00,18.7,65,0.0,,85,9.0,,1018.9,,3,2,42262,Aligarh
2025-01-15 08:00:00,18.7,65,0.0,,85,9.0,,1018.9,,3,2,42262,Aligarh
2025-01-15 09:00:00,18.9,64,0.0,,104,8.3,,1018.0,,8,2,42262,Aligarh
2025-01-15 09:00:00,18.9,64,0.0,,104,8.3,,1018.0,,8,2,42262,Aligarh
2025-01-15 10:00:00,18.2,67,0.0,,154,6.8,,1018.1,,8,3,42262,Aligarh
2025-01-15 10:00:00,18.2,67,0.0,,154,6.8,,1018.1,,8,3,42262,Aligarh
2025-01-15 11:00:00,17.1,76,0.0,,184,4.3,,1017.8,,8,3,42262,Aligarh
2025-01-15 11:00:00,17.1,76,0.0,,184,4.3,,1017.8,,8,3,42262,Aligarh
2025-01-15 12:00:00,15.4,68,0.6,,320,5.4,,1017.7,,6,8,42262,Aligarh
2025-01-15 12:00:00,15.4,68,0.6,,320,5.4,,1017.7,,6,8,42262,Aligarh
2025-01-15 13:00:00,15.4,85,0.3,,222,5.0,,1018.1,,7,8,42262,Aligarh
2025-01-15 13:00:00,15.4,85,0.3,,222,5.0,,1018.1,,7,8,42262,Aligarh
2025-01-15 14:00:00,15.1,86,1.2,,281,2.2,,1018.3,,7,9,42262,Aligarh
2025-01-15 14:00:00,15.1,86,1.2,,281,2.2,,1018.3,,7,9,42262,Aligarh
2025-01-15 15:00:00,14.2,91,2.1,,2,4.7,,1018.7,,6,9,42262,Aligarh
2025-01-15 15:00:00,14.2,91,2.1,,2,4.7,,1018.7,,6,9,42262,Aligarh
2025-01-15 16:00:00,12.9,90,0.0,,103,7.9,,1019.6,,3,3,42262,Aligarh
2025-01-15 16:00:00,12.9,90,0.0,,103,7.9,,1019.6,,3,3,42262,Aligarh
2025-01-15 17:00:00,11.9,89,0.0,,90,6.5,,1019.6,,2,2,42262,Aligarh
2025-01-15 17:00:00,11.9,89,0.0,,90,6.5,,1019.6,,2,2,42262,Aligarh
2025-01-15 18:00:00,11.6,91,0.0,,52,5.8,,1019.6,,6,2,42262,Aligarh
2025-01-15 18:00:00,11.6,91,0.0,,52,5.8,,1019.6,,6,2,42262,Aligarh
2025-01-15 19:00:00,12.3,88,0.0,,48,6.1,,1019.3,,6,3,42262,Aligarh
2025-01-15 19:00:00,12.3,88,0.0,,48,6.1,,1019.3,,6,3,42262,Aligarh
2025-01-15 20:00:00,11.4,92,1.0,,62,7.2,,1019.5,,5,18,42262,Aligarh
2025-01-15 20:00:00,11.4,92,1.0,,62,7.2,,1019.5,,5,18,42262,Aligarh
2025-01-15 21:00:00,11.6,87,2.1,,68,9.4,,1018.6,,5,18,42262,Aligarh
2025-01-15 21:00:00,11.6,87,2.1,,68,9.4,,1018.6,,5,18,42262,Aligarh
2025-01-15 22:00:00,11.3,88,0.0,,60,8.3,,1018.2,,8,3,42262,Aligarh
2025-01-15 22:00:00,11.3,88,0.0,,60,8.3,,1018.2,,8,3,42262,Aligarh
2025-01-15 23:00:00,11.1,89,0.0,,359,6.5,,1018.5,,8,3,42262,Aligarh
2025-01-15 23:00:00,11.1,89,0.0,,359,6.5,,1018.5,,8,3,42262,Aligarh
2025-01-16 00:00:00,11.2,89,0.4,,352,8.3,,1019.3,,7,8,42262,Aligarh
2025-01-16 00:00:00,11.2,89,0.4,,352,8.3,,1019.3,,7,8,42262,Aligarh
2025-01-16 01:00:00,10.8,92,0.3,,49,6.8,,1019.7,,8,8,42262,Aligarh
2025-01-16 01:00:00,10.8,92,0.3,,49,6.8,,1019.7,,8,8,42262,Aligarh
2025-01-16 02:00:00,11.2,86,0.4,,55,6.1,,1020.7,,8,8,42262,Aligarh
2025-01-16 02:00:00,11.2,86,0.4,,55,6.1,,1020.7,,8,8,42262,Aligarh
2025-01-16 03:00:00,12.0,97,0.2,,50,3.6,,1021.6,,7,7,42262,Aligarh
2025-01-16 03:00:00,12.0,97,0.2,,50,3.6,,1021.6,,7,7,42262,Aligarh
2025-01-16 04:00:00,12.2,86,0.5,,103,7.9,,1022.3,,8,8,42262,Aligarh
2025-01-16 04:00:00,12.2,86,0.5,,103,7.9,,1022.3,,8,8,42262,Aligarh
2025-01-16 05:00:00,14.0,76,0.0,,90,7.2,,1022.6,,8,3,42262,Aligarh
2025-01-16 05:00:00,14.0,76,0.0,,90,7.2,,1022.6,,8,3,42262,Aligarh
2025-01-16 06:00:00,15.1,68,0.0,,105,7.9,,1022.3,,8,3,42262,Aligarh
2025-01-16 06:00:00,15.1,68,0.0,,105,7.9,,1022.3,,8,3,42262,Aligarh
2025-01-16 07:00:00,14.7,79,0.0,,86,8.6,,1021.8,,8,3,42262,Aligarh
2025-01-16 07:00:00,14.7,79,0.0,,86,8.6,,1021.8,,8,3,42262,Aligarh
2025-01-16 08:00:00,15.4,76,0.0,,78,7.2,,1021.0,,5,3,42262,Aligarh
2025-01-16 08:00:00,15.4,76,0.0,,78,7.2,,1021.0,,5,3,42262,Aligarh
2025-01-16 09:00:00,16.4,72,0.0,,73,6.5,,1020.3,,1,3,42262,Aligarh
2025-01-16 09:00:00,16.4,72,0.0,,73,6.5,,1020.3,,1,3,42262,Aligarh
2025-01-16 10:00:00,16.7,70,0.0,,81,5.4,,1020.2,,0,2,42262,Aligarh
2025-01-16 10:00:00,16.7,70,0.0,,81,5.4,,1020.2,,0,2,42262,Aligarh
2025-01-16 11:00:00,16.3,71,0.0,,125,3.2,,1020.0,,0,1,42262,Aligarh
2025-01-16 11:00:00,16.3,71,0.0,,125,3.2,,1020.0,,0,1,42262,Aligarh
2025-01-16 12:00:00,14.4,82,0.0,,193,2.2,,1020.2,,0,1,42262,Aligarh
2025-01-16 12:00:00,14.4,82,0.0,,193,2.2,,1020.2,,0,1,42262,Aligarh
2025-01-16 13:00:00,13.0,85,0.0,,214,3.6,,1021.0,,0,1,42262,Aligarh
2025-01-16 13:00:00,13.0,85,0.0,,214,3.6,,1021.0,,0,1,42262,Aligarh
2025-01-16 14:00:00,12.3,87,0.0,,237,2.5,,1021.7,,0,1,42262,Aligarh
2025-01-16 14:00:00,12.3,87,0.0,,237,2.5,,1021.7,,0,1,42262,Aligarh
2025-01-16 15:00:00,11.4,90,0.0,,238,2.9,,1022.2,,0,1,42262,Aligarh
2025-01-16 15:00:00,11.4,90,0.0,,238,2.9,,1022.2,,0,1,42262,Aligarh
2025-01-16 16:00:00,10.5,94,0.0,,270,4.3,,1022.6,,0,1,42262,Aligarh
2025-01-16 16:00:00,10.5,94,0.0,,270,4.3,,1022.6,,0,1,42262,Aligarh
2025-01-16 17:00:00,10.1,96,0.0,,303,6.1,,1022.7,,0,1,42262,Aligarh
2025-01-16 17:00:00,10.1,96,0.0,,303,6.1,,1022.7,,0,1,42262,Aligarh
2025-01-16 18:00:00,10.2,95,0.0,,308,7.6,,1022.4,,0,1,42262,Aligarh
2025-01-16 18:00:00,10.2,95,0.0,,308,7.6,,1022.4,,0,1,42262,Aligarh
2025-01-16 19:00:00,10.6,94,0.0,,319,8.3,,1022.3,,0,1,42262,Aligarh
2025-01-16 19:00:00,10.6,94,0.0,,319,8.3,,1022.3,,0,1,42262,Aligarh
2025-01-16 20:00:00,10.5,94,0.0,,327,8.3,,1021.8,,0,1,42262,Aligarh
2025-01-16 20:00:00,10.5,94,0.0,,327,8.3,,1021.8,,0,1,42262,Aligarh
2025-01-16 21:00:00,9.8,96,0.0,,320,7.6,,1021.3,,0,1,42262,Aligarh
2025-01-16 21:00:00,9.8,96,0.0,,320,7.6,,1021.3,,0,1,42262,Aligarh
2025-01-16 22:00:00,9.3,96,0.0,,316,7.9,,1021.0,,0,1,42262,Aligarh
2025-01-16 22:00:00,9.3,96,0.0,,316,7.9,,1021.0,,0,1,42262,Aligarh
2025-01-16 23:00:00,8.9,95,0.0,,318,8.6,,1020.5,,0,1,42262,Aligarh
2025-01-16 23:00:00,8.9,95,0.0,,318,8.6,,1020.5,,0,1,42262,Aligarh
2025-01-17 00:00:00,9.0,95,0.0,,313,9.4,,1020.6,,0,1,42262,Aligarh
2025-01-17 00:00:00,9.0,95,0.0,,313,9.4,,1020.6,,0,1,42262,Aligarh
2025-01-17 01:00:00,8.9,95,0.0,,313,9.4,,1020.9,,0,1,42262,Aligarh
2025-01-17 01:00:00,8.9,95,0.0,,313,9.4,,1020.9,,0,1,42262,Aligarh
2025-01-17 02:00:00,8.8,95,0.0,,316,9.0,,1021.4,,0,1,42262,Aligarh
2025-01-17 02:00:00,8.8,95,0.0,,316,9.0,,1021.4,,0,1,42262,Aligarh
2025-01-17 03:00:00,11.2,92,0.0,,320,7.6,,1021.9,,0,1,42262,Aligarh
2025-01-17 03:00:00,11.2,92,0.0,,320,7.6,,1021.9,,0,1,42262,Aligarh
2025-01-17 04:00:00,12.9,85,0.0,,309,8.3,,1022.5,,0,1,42262,Aligarh
2025-01-17 04:00:00,12.9,85,0.0,,309,8.3,,1022.5,,0,1,42262,Aligarh
2025-01-17 05:00:00,15.2,79,0.0,,310,8.3,,1022.5,,0,1,42262,Aligarh
2025-01-17 05:00:00,15.2,79,0.0,,310,8.3,,1022.5,,0,1,42262,Aligarh
2025-01-17 06:00:00,17.3,71,0.0,,307,9.0,,1021.2,,0,1,42262,Aligarh
2025-01-17 06:00:00,17.3,71,0.0,,307,9.0,,1021.2,,0,1,42262,Aligarh
2025-01-17 07:00:00,18.7,64,0.0,,304,10.4,,1020.0,,0,1,42262,Aligarh
2025-01-17 07:00:00,18.7,64,0.0,,304,10.4,,1020.0,,0,1,42262,Aligarh
2025-01-17 08:00:00,19.5,62,0.0,,299,11.2,,1018.6,,0,1,42262,Aligarh
2025-01-17 08:00:00,19.5,62,0.0,,299,11.2,,1018.6,,0,1,42262,Aligarh
2025-01-17 09:00:00,19.6,61,0.0,,299,10.8,,1017.2,,0,1,42262,Aligarh
2025-01-17 09:00:00,19.6,61,0.0,,299,10.8,,1017.2,,0,1,42262,Aligarh
2025-01-17 10:00:00,19.4,61,0.0,,295,11.2,,1016.9,,0,1,42262,Aligarh
2025-01-17 10:00:00,19.4,61,0.0,,295,11.2,,1016.9,,0,1,42262,Aligarh
2025-01-17 11:00:00,18.5,67,0.0,,290,9.0,,1017.0,,0,1,42262,Aligarh
2025-01-17 11:00:00,18.5,67,0.0,,290,9.0,,1017.0,,0,1,42262,Aligarh
2025-01-17 12:00:00,16.2,72,0.0,,320,7.6,,1017.0,,0,1,42262,Aligarh
2025-01-17 12:00:00,16.2,72,0.0,,320,7.6,,1017.0,,0,1,42262,Aligarh
2025-01-17 13:00:00,13.7,86,0.0,,286,7.6,,1017.3,,0,1,42262,Aligarh
2025-01-17 13:00:00,13.7,86,0.0,,286,7.6,,1017.3,,0,1,42262,Aligarh
2025-01-17 14:00:00,12.4,87,0.0,,290,7.6,,1018.3,,0,1,42262,Aligarh
2025-01-17 14:00:00,12.4,87,0.0,,290,7.6,,1018.3,,0,1,42262,Aligarh
2025-01-17 15:00:00,11.6,89,0.0,,293,7.6,,1019.0,,0,1,42262,Aligarh
2025-01-17 15:00:00,11.6,89,0.0,,293,7.6,,1019.0,,0,1,42262,Aligarh
2025-01-17 16:00:00,10.7,91,0.0,,297,7.2,,1019.2,,0,1,42262,Aligarh
2025-01-17 16:00:00,10.7,91,0.0,,297,7.2,,1019.2,,0,1,42262,Aligarh
2025-01-17 17:00:00,10.5,92,0.0,,296,8.6,,1019.5,,0,1,42262,Aligarh
2025-01-17 17:00:00,10.5,92,0.0,,296,8.6,,1019.5,,0,1,42262,Aligarh
2025-01-17 18:00:00,9.8,93,0.0,,302,7.9,,1019.5,,0,1,42262,Aligarh
2025-01-17 18:00:00,9.8,93,0.0,,302,7.9,,1019.5,,0,1,42262,Aligarh
2025-01-17 19:00:00,9.5,94,0.0,,299,8.6,,1019.5,,0,1,42262,Aligarh
2025-01-17 19:00:00,9.5,94,0.0,,299,8.6,,1019.5,,0,1,42262,Aligarh
2025-01-17 20:00:00,8.8,94,0.0,,295,7.6,,1019.2,,0,1,42262,Aligarh
2025-01-17 20:00:00,8.8,94,0.0,,295,7.6,,1019.2,,0,1,42262,Aligarh
2025-01-17 21:00:00,7.9,96,0.0,,294,6.1,,1018.5,,0,1,42262,Aligarh
2025-01-17 21:00:00,7.9,96,0.0,,294,6.1,,1018.5,,0,1,42262,Aligarh
2025-01-17 22:00:00,7.1,97,0.0,,282,5.8,,1018.3,,0,1,42262,Aligarh
2025-01-17 22:00:00,7.1,97,0.0,,282,5.8,,1018.3,,0,1,42262,Aligarh
2025-01-17 23:00:00,6.7,98,0.0,,280,6.1,,1018.3,,0,1,42262,Aligarh
2025-01-17 23:00:00,6.7,98,0.0,,280,6.1,,1018.3,,0,1,42262,Aligarh
2025-01-18 00:00:00,6.5,99,0.0,,281,6.5,,1018.5,,1,1,42262,Aligarh
2025-01-18 00:00:00,6.5,99,0.0,,281,6.5,,1018.5,,1,1,42262,Aligarh
2025-01-18 01:00:00,6.3,99,0.0,,275,6.5,,1019.2,,3,1,42262,Aligarh
2025-01-18 01:00:00,6.3,99,0.0,,275,6.5,,1019.2,,3,1,42262,Aligarh
2025-01-18 02:00:00,6.5,99,0.0,,275,6.8,,1019.8,,2,3,42262,Aligarh
2025-01-18 02:00:00,6.5,99,0.0,,275,6.8,,1019.8,,2,3,42262,Aligarh
2025-01-18 03:00:00,9.8,95,0.0,,320,3.6,,1020.4,,0,2,42262,Aligarh
2025-01-18 03:00:00,9.8,95,0.0,,320,3.6,,1020.4,,0,2,42262,Aligarh
2025-01-18 04:00:00,11.0,91,0.0,,290,6.5,,1021.1,,0,1,42262,Aligarh
2025-01-18 04:00:00,11.0,91,0.0,,290,6.5,,1021.1,,0,1,42262,Aligarh
2025-01-18 05:00:00,12.1,88,0.0,,304,9.4,,1021.8,,5,1,42262,Aligarh
2025-01-18 05:00:00,12.1,88,0.0,,304,9.4,,1021.8,,5,1,42262,Aligarh
2025-01-18 06:00:00,14.8,83,0.0,,316,6.1,,1021.0,,4,3,42262,Aligarh
2025-01-18 06:00:00,14.8,83,0.0,,316,6.1,,1021.0,,4,3,42262,Aligarh
2025-01-18 07:00:00,16.7,73,0.0,,326,5.0,,1019.7,,1,3,42262,Aligarh
2025-01-18 07:00:00,16.7,73,0.0,,326,5.0,,1019.7,,1,3,42262,Aligarh
2025-01-18 08:00:00,18.0,65,0.0,,333,5.4,,1018.2,,7,1,42262,Aligarh
2025-01-18 08:00:00,18.0,65,0.0,,333,5.4,,1018.2,,7,1,42262,Aligarh
2025-01-18 09:00:00,18.4,63,0.0,,319,8.3,,1017.5,,1,3,42262,Aligarh
2025-01-18 09:00:00,18.4,63,0.0,,319,8.3,,1017.5,,1,3,42262,Aligarh
2025-01-18 10:00:00,18.6,63,0.0,,315,7.6,,1016.6,,0,2,42262,Aligarh
2025-01-18 10:00:00,18.6,63,0.0,,315,7.6,,1016.6,,0,2,42262,Aligarh
2025-01-18 11:00:00,17.8,69,0.0,,324,4.3,,1016.2,,0,1,42262,Aligarh
2025-01-18 11:00:00,17.8,69,0.0,,324,4.3,,1016.2,,0,1,42262,Aligarh
2025-01-18 12:00:00,17.2,70,0.0,,0,0.0,,1016.1,,2,1,42262,Aligarh
2025-01-18 12:00:00,17.2,70,0.0,,0,0.0,,1016.1,,2,1,42262,Aligarh
2025-01-18 13:00:00,12.9,85,0.0,,311,5.8,,1016.4,,1,1,42262,Aligarh
2025-01-18 13:00:00,12.9,85,0.0,,311,5.8,,1016.4,,1,1,42262,Aligarh
2025-01-18 14:00:00,11.8,87,0.0,,318,5.8,,1016.5,,0,2,42262,Aligarh
2025-01-18 14:00:00,11.8,87,0.0,,318,5.8,,1016.5,,0,2,42262,Aligarh
2025-01-18 15:00:00,10.4,92,0.0,,273,4.0,,1017.2,,0,1,42262,Aligarh
2025-01-18 15:00:00,10.4,92,0.0,,273,4.0,,1017.2,,0,1,42262,Aligarh
2025-01-18 16:00:00,9.3,96,0.0,,259,5.8,,1017.4,,0,1,42262,Aligarh
2025-01-18 16:00:00,9.3,96,0.0,,259,5.8,,1017.4,,0,1,42262,Aligarh
2025-01-18 17:00:00,8.9,96,0.0,,269,6.8,,1017.9,,0,1,42262,Aligarh
2025-01-18 17:00:00,8.9,96,0.0,,269,6.8,,1017.9,,0,1,42262,Aligarh
2025-01-18 18:00:00,8.9,95,0.0,,274,7.2,,1018.1,,0,1,42262,Aligarh
2025-01-18 18:00:00,8.9,95,0.0,,274,7.2,,1018.1,,0,1,42262,Aligarh
2025-01-18 19:00:00,8.2,96,0.0,,284,6.5,,1018.0,,0,1,42262,Aligarh
2025-01-18 19:00:00,8.2,96,0.0,,284,6.5,,1018.0,,0,1,42262,Aligarh
2025-01-18 20:00:00,8.1,98,0.0,,276,6.5,,1017.8,,6,1,42262,Aligarh
2025-01-18 20:00:00,8.1,98,0.0,,276,6.5,,1017.8,,6,1,42262,Aligarh
2025-01-18 21:00:00,7.9,100,0.0,,279,5.4,,1017.5,,8,5,42262,Aligarh
2025-01-18 21:00:00,7.9,100,0.0,,279,5.4,,1017.5,,8,5,42262,Aligarh
2025-01-18 22:00:00,7.8,100,0.0,,287,5.8,,1017.3,,8,5,42262,Aligarh
2025-01-18 22:00:00,7.8,100,0.0,,287,5.8,,1017.3,,8,5,42262,Aligarh
2025-01-18 23:00:00,7.6,100,0.0,,306,4.7,,1017.1,,8,5,42262,Aligarh
2025-01-18 23:00:00,7.6,100,0.0,,306,4.7,,1017.1,,8,5,42262,Aligarh
2025-01-19 00:00:00,7.4,100,0.0,,293,5.0,,1017.2,,8,5,42262,Aligarh
2025-01-19 00:00:00,7.4,100,0.0,,293,5.0,,1017.2,,8,5,42262,Aligarh
2025-01-19 01:00:00,7.9,100,0.0,,276,4.7,,1017.8,,8,5,42262,Aligarh
2025-01-19 01:00:00,7.9,100,0.0,,276,4.7,,1017.8,,8,5,42262,Aligarh
2025-01-19 02:00:00,8.4,100,0.0,,264,5.8,,1018.5,,8,5,42262,Aligarh
2025-01-19 02:00:00,8.4,100,0.0,,264,5.8,,1018.5,,8,5,42262,Aligarh
2025-01-19 03:00:00,9.6,95,0.0,,0,0.0,,1019.0,,8,5,42262,Aligarh
2025-01-19 03:00:00,9.6,95,0.0,,0,0.0,,1019.0,,8,5,42262,Aligarh
2025-01-19 04:00:00,11.9,98,0.0,,299,7.9,,1019.3,,8,5,42262,Aligarh
2025-01-19 04:00:00,11.9,98,0.0,,299,7.9,,1019.3,,8,5,42262,Aligarh
2025-01-19 05:00:00,15.5,93,0.0,,314,8.6,,1019.5,,8,5,42262,Aligarh
2025-01-19 05:00:00,15.5,93,0.0,,314,8.6,,1019.5,,8,5,42262,Aligarh
2025-01-19 06:00:00,17.1,83,0.0,,316,8.3,,1019.0,,4,3,42262,Aligarh
2025-01-19 06:00:00,17.1,83,0.0,,316,8.3,,1019.0,,4,3,42262,Aligarh
2025-01-19 07:00:00,20.4,69,0.0,,317,8.3,,1017.9,,0,3,42262,Aligarh
2025-01-19 07:00:00,20.4,69,0.0,,317,8.3,,1017.9,,0,3,42262,Aligarh
2025-01-19 08:00:00,22.0,63,0.0,,316,9.7,,1016.5,,0,1,42262,Aligarh
2025-01-19 08:00:00,22.0,63,0.0,,316,9.7,,1016.5,,0,1,42262,Aligarh
2025-01-19 09:00:00,22.5,63,0.0,,314,10.1,,1015.6,,0,1,42262,Aligarh
2025-01-19 09:00:00,22.5,63,0.0,,314,10.1,,1015.6,,0,1,42262,Aligarh
2025-01-19 10:00:00,22.4,65,0.0,,314,9.4,,1014.8,,0,1,42262,Aligarh
2025-01-19 10:00:00,22.4,65,0.0,,314,9.4,,1014.8,,0,1,42262,Aligarh
2025-01-19 11:00:00,21.2,73,0.0,,317,5.4,,1014.7,,0,1,42262,Aligarh
2025-01-19 11:00:00,21.2,73,0.0,,317,5.4,,1014.7,,0,1,42262,Aligarh
2025-01-19 12:00:00,22.6,62,0.0,,0,0.0,,1014.6,,0,1,42262,Aligarh
2025-01-19 12:00:00,22.6,62,0.0,,0,0.0,,1014.6,,0,1,42262,Aligarh
2025-01-19 13:00:00,16.6,88,0.0,,309,6.8,,1014.9,,0,1,42262,Aligarh
2025-01-19 13:00:00,16.6,88,0.0,,309,6.8,,1014.9,,0,1,42262,Aligarh
2025-01-19 14:00:00,15.5,92,0.0,,298,7.2,,1015.3,,0,1,42262,Aligarh
2025-01-19 14:00:00,15.5,92,0.0,,298,7.2,,1015.3,,0,1,42262,Aligarh
2025-01-19 15:00:00,14.7,94,0.0,,284,6.8,,1015.7,,0,1,42262,Aligarh
2025-01-19 15:00:00,14.7,94,0.0,,284,6.8,,1015.7,,0,1,42262,Aligarh
2025-01-19 16:00:00,14.4,95,0.0,,297,6.8,,1016.6,,0,1,42262,Aligarh
2025-01-19 16:00:00,14.4,95,0.0,,297,6.8,,1016.6,,0,1,42262,Aligarh
2025-01-19 17:00:00,13.9,96,0.0,,288,6.5,,1016.4,,0,1,42262,Aligarh
2025-01-19 17:00:00,13.9,96,0.0,,288,6.5,,1016.4,,0,1,42262,Aligarh
2025-01-19 18:00:00,13.4,97,0.0,,283,6.5,,1015.9,,0,1,42262,Aligarh
2025-01-19 18:00:00,13.4,97,0.0,,283,6.5,,1015.9,,0,1,42262,Aligarh
2025-01-19 19:00:00,13.5,96,0.0,,290,7.9,,1015.6,,0,1,42262,Aligarh
2025-01-19 19:00:00,13.5,96,0.0,,290,7.9,,1015.6,,0,1,42262,Aligarh
2025-01-19 20:00:00,13.7,94,0.0,,302,8.6,,1015.2,,0,1,42262,Aligarh
2025-01-19 20:00:00,13.7,94,0.0,,302,8.6,,1015.2,,0,1,42262,Aligarh
2025-01-19 21:00:00,13.7,92,0.0,,315,9.7,,1014.4,,0,1,42262,Aligarh
2025-01-19 21:00:00,13.7,92,0.0,,315,9.7,,1014.4,,0,1,42262,Aligarh
2025-01-19 22:00:00,13.3,92,0.0,,313,9.4,,1014.2,,0,1,42262,Aligarh
2025-01-19 22:00:00,13.3,92,0.0,,313,9.4,,1014.2,,0,1,42262,Aligarh
2025-01-19 23:00:00,13.0,92,0.0,,306,9.0,,1013.8,,0,1,42262,Aligarh
2025-01-19 23:00:00,13.0,92,0.0,,306,9.0,,1013.8,,0,1,42262,Aligarh
2025-01-20 00:00:00,12.6,93,0.0,,299,9.4,,1014.0,,0,1,42262,Aligarh
2025-01-20 00:00:00,12.6,93,0.0,,299,9.4,,1014.0,,0,1,42262,Aligarh
2025-01-20 01:00:00,12.3,93,0.0,,293,9.4,,1014.6,,0,1,42262,Aligarh
2025-01-20 01:00:00,12.3,93,0.0,,293,9.4,,1014.6,,0,1,42262,Aligarh
2025-01-20 02:00:00,12.4,93,0.0,,295,10.1,,1015.5,,0,1,42262,Aligarh
2025-01-20 02:00:00,12.4,93,0.0,,295,10.1,,1015.5,,0,1,42262,Aligarh
2025-01-20 03:00:00,14.4,89,0.0,,320,3.6,,1016.1,,0,1,42262,Aligarh
2025-01-20 03:00:00,14.4,89,0.0,,320,3.6,,1016.1,,0,1,42262,Aligarh
2025-01-20 04:00:00,16.3,85,0.0,,284,9.7,,1016.6,,0,1,42262,Aligarh
2025-01-20 04:00:00,16.3,85,0.0,,284,9.7,,1016.6,,0,1,42262,Aligarh
2025-01-20 05:00:00,18.9,77,0.0,,287,9.7,,1016.9,,0,1,42262,Aligarh
2025-01-20 05:00:00,18.9,77,0.0,,287,9.7,,1016.9,,0,1,42262,Aligarh
2025-01-20 06:00:00,21.0,71,0.0,,290,10.8,,1016.4,,0,1,42262,Aligarh
2025-01-20 06:00:00,21.0,71,0.0,,290,10.8,,1016.4,,0,1,42262,Aligarh
2025-01-20 07:00:00,22.1,67,0.0,,289,14.0,,1015.7,,0,1,42262,Aligarh
2025-01-20 07:00:00,22.1,67,0.0,,289,14.0,,1015.7,,0,1,42262,Aligarh
2025-01-20 08:00:00,22.9,63,0.0,,296,15.5,,1014.5,,0,1,42262,Aligarh
2025-01-20 08:00:00,22.9,63,0.0,,296,15.5,,1014.5,,0,1,42262,Aligarh
2025-01-20 09:00:00,23.2,61,0.0,,299,15.8,,1013.7,,0,1,42262,Aligarh
2025-01-20 09:00:00,23.2,61,0.0,,299,15.8,,1013.7,,0,1,42262,Aligarh
2025-01-20 10:00:00,22.8,63,0.0,,300,14.4,,1013.3,,0,1,42262,Aligarh
2025-01-20 10:00:00,22.8,63,0.0,,300,14.4,,1013.3,,0,1,42262,Aligarh
2025-01-20 11:00:00,21.8,70,0.0,,298,12.2,,1013.1,,0,1,42262,Aligarh
2025-01-20 11:00:00,21.8,70,0.0,,298,12.2,,1013.1,,0,1,42262,Aligarh
2025-01-20 12:00:00,19.6,78,0.0,,296,10.1,,1013.1,,0,1,42262,Aligarh
2025-01-20 12:00:00,19.6,78,0.0,,296,10.1,,1013.1,,0,1,42262,Aligarh
2025-01-20 13:00:00,17.6,84,0.0,,293,9.4,,1013.4,,0,1,42262,Aligarh
2025-01-20 13:00:00,17.6,84,0.0,,293,9.4,,1013.4,,0,1,42262,Aligarh
2025-01-20 14:00:00,16.5,87,0.0,,288,9.4,,1014.0,,0,1,42262,Aligarh
2025-01-20 14:00:00,16.5,87,0.0,,288,9.4,,1014.0,,0,1,42262,Aligarh
2025-01-20 15:00:00,15.8,89,0.0,,290,10.1,,1014.5,,0,1,42262,Aligarh
2025-01-20 15:00:00,15.8,89,0.0,,290,10.1,,1014.5,,0,1,42262,Aligarh
2025-01-20 16:00:00,15.1,91,0.0,,293,9.7,,1014.7,,0,1,42262,Aligarh
2025-01-20 16:00:00,15.1,91,0.0,,293,9.7,,1014.7,,0,1,42262,Aligarh
2025-01-20 17:00:00,14.7,91,0.0,,295,10.8,,1015.0,,0,1,42262,Aligarh
2025-01-20 17:00:00,14.7,91,0.0,,295,10.8,,1015.0,,0,1,42262,Aligarh
2025-01-20 18:00:00,14.4,91,0.0,,302,10.8,,1014.9,,0,1,42262,Aligarh
2025-01-20 18:00:00,14.4,91,0.0,,302,10.8,,1014.9,,0,1,42262,Aligarh
2025-01-20 19:00:00,14.1,92,0.0,,307,10.8,,1014.7,,0,1,42262,Aligarh
2025-01-20 19:00:00,14.1,92,0.0,,307,10.8,,1014.7,,0,1,42262,Aligarh
2025-01-20 20:00:00,13.8,92,0.0,,310,11.2,,1014.4,,0,1,42262,Aligarh
2025-01-20 20:00:00,13.8,92,0.0,,310,11.2,,1014.4,,0,1,42262,Aligarh
2025-01-20 21:00:00,13.5,93,0.0,,312,11.2,,1014.0,,0,1,42262,Aligarh
2025-01-20 21:00:00,13.5,93,0.0,,312,11.2,,1014.0,,0,1,42262,Aligarh
2025-01-20 22:00:00,13.2,94,0.0,,312,10.8,,1013.3,,0,1,42262,Aligarh
2025-01-20 22:00:00,13.2,94,0.0,,312,10.8,,1013.3,,0,1,42262,Aligarh
2025-01-20 23:00:00,12.8,93,0.0,,310,10.8,,1013.2,,0,1,42262,Aligarh
2025-01-20 23:00:00,12.8,93,0.0,,310,10.8,,1013.2,,0,1,42262,Aligarh
2025-01-21 00:00:00,12.3,94,0.0,,306,10.1,,1013.2,,0,1,42262,Aligarh
2025-01-21 00:00:00,12.3,94,0.0,,306,10.1,,1013.2,,0,1,42262,Aligarh
2025-01-21 01:00:00,11.8,94,0.0,,301,9.4,,1013.7,,0,1,42262,Aligarh
2025-01-21 01:00:00,11.8,94,0.0,,301,9.4,,1013.7,,0,1,42262,Aligarh
2025-01-21 02:00:00,11.7,94,0.0,,304,11.2,,1014.3,,0,1,42262,Aligarh
2025-01-21 02:00:00,11.7,94,0.0,,304,11.2,,1014.3,,0,1,42262,Aligarh
2025-01-21 03:00:00,12.6,86,0.0,,320,3.6,,1014.7,,0,1,42262,Aligarh
2025-01-21 03:00:00,12.6,86,0.0,,320,3.6,,1014.7,,0,1,42262,Aligarh
2025-01-21 04:00:00,15.4,85,0.0,,303,10.8,,1015.7,,0,1,42262,Aligarh
2025-01-21 04:00:00,15.4,85,0.0,,303,10.8,,1015.7,,0,1,42262,Aligarh
2025-01-21 05:00:00,17.7,77,0.0,,296,10.1,,1016.2,,0,1,42262,Aligarh
2025-01-21 05:00:00,17.7,77,0.0,,296,10.1,,1016.2,,0,1,42262,Aligarh
2025-01-21 06:00:00,20.0,70,0.0,,290,10.4,,1015.6,,0,1,42262,Aligarh
2025-01-21 06:00:00,20.0,70,0.0,,290,10.4,,1015.6,,0,1,42262,Aligarh
2025-01-21 07:00:00,21.8,62,0.0,,285,11.2,,1014.7,,0,1,42262,Aligarh
2025-01-21 07:00:00,21.8,62,0.0,,285,11.2,,1014.7,,0,1,42262,Aligarh
2025-01-21 08:00:00,22.8,54,0.0,,290,11.9,,1013.3,,0,1,42262,Aligarh
2025-01-21 08:00:00,22.8,54,0.0,,290,11.9,,1013.3,,0,1,42262,Aligarh
2025-01-21 09:00:00,22.6,55,0.0,,286,12.2,,1012.4,,0,1,42262,Aligarh
2025-01-21 09:00:00,22.6,55,0.0,,286,12.2,,1012.4,,0,1,42262,Aligarh
2025-01-21 10:00:00,22.3,58,0.0,,289,12.2,,1011.8,,0,1,42262,Aligarh
2025-01-21 10:00:00,22.3,58,0.0,,289,12.2,,1011.8,,0,1,42262,Aligarh
2025-01-21 11:00:00,21.3,66,0.0,,288,9.7,,1011.7,,0,1,42262,Aligarh
2025-01-21 11:00:00,21.3,66,0.0,,288,9.7,,1011.7,,0,1,42262,Aligarh
2025-01-21 12:00:00,18.9,75,0.0,,286,9.0,,1011.7,,0,1,42262,Aligarh
2025-01-21 12:00:00,18.9,75,0.0,,286,9.0,,1011.7,,0,1,42262,Aligarh
2025-01-21 13:00:00,17.0,80,0.0,,288,9.7,,1012.0,,0,1,42262,Aligarh
2025-01-21 13:00:00,17.0,80,0.0,,288,9.7,,1012.0,,0,1,42262,Aligarh
2025-01-21 14:00:00,16.0,79,0.0,,294,10.4,,1013.1,,0,1,42262,Aligarh
2025-01-21 14:00:00,16.0,79,0.0,,294,10.4,,1013.1,,0,1,42262,Aligarh
2025-01-21 15:00:00,15.2,80,0.0,,299,10.8,,1013.9,,0,1,42262,Aligarh
2025-01-21 15:00:00,15.2,80,0.0,,299,10.8,,1013.9,,0,1,42262,Aligarh
2025-01-21 16:00:00,14.4,81,0.0,,302,10.1,,1014.2,,0,1,42262,Aligarh
2025-01-21 16:00:00,14.4,81,0.0,,302,10.1,,1014.2,,0,1,42262,Aligarh
2025-01-21 17:00:00,13.8,83,0.0,,307,10.1,,1014.2,,0,1,42262,Aligarh
2025-01-21 17:00:00,13.8,83,0.0,,307,10.1,,1014.2,,0,1,42262,Aligarh
2025-01-21 18:00:00,13.4,85,0.0,,311,10.4,,1014.2,,0,1,42262,Aligarh
2025-01-21 18:00:00,13.4,85,0.0,,311,10.4,,1014.2,,0,1,42262,Aligarh
2025-01-21 19:00:00,12.9,87,0.0,,317,9.7,,1014.0,,0,1,42262,Aligarh
2025-01-21 19:00:00,12.9,87,0.0,,317,9.7,,1014.0,,0,1,42262,Aligarh
2025-01-21 20:00:00,12.4,88,0.0,,320,9.4,,1013.8,,0,1,42262,Aligarh
2025-01-21 20:00:00,12.4,88,0.0,,320,9.4,,1013.8,,0,1,42262,Aligarh
2025-01-21 21:00:00,12.1,89,0.0,,319,9.4,,1013.5,,0,1,42262,Aligarh
2025-01-21 21:00:00,12.1,89,0.0,,319,9.4,,1013.5,,0,1,42262,Aligarh
2025-01-21 22:00:00,11.7,90,0.0,,317,9.7,,1013.1,,0,1,42262,Aligarh
2025-01-21 22:00:00,11.7,90,0.0,,317,9.7,,1013.1,,0,1,42262,Aligarh
2025-01-21 23:00:00,11.5,91,0.0,,314,9.4,,1012.8,,0,1,42262,Aligarh
2025-01-21 23:00:00,11.5,91,0.0,,314,9.4,,1012.8,,0,1,42262,Aligarh
2025-01-22 00:00:00,11.0,93,0.0,,315,7.9,,1012.9,,0,1,42262,Aligarh
2025-01-22 00:00:00,11.0,93,0.0,,315,7.9,,1012.9,,0,1,42262,Aligarh
2025-01-22 01:00:00,10.7,94,0.0,,312,7.6,,1013.4,,0,1,42262,Aligarh
2025-01-22 01:00:00,10.7,94,0.0,,312,7.6,,1013.4,,0,1,42262,Aligarh
2025-01-22 02:00:00,10.7,94,0.0,,309,7.6,,1014.0,,0,1,42262,Aligarh
2025-01-22 02:00:00,10.7,94,0.0,,309,7.6,,1014.0,,0,1,42262,Aligarh
2025-01-22 03:00:00,12.4,91,0.0,,320,3.6,,1014.7,,0,1,42262,Aligarh
2025-01-22 03:00:00,12.4,91,0.0,,320,3.6,,1014.7,,0,1,42262,Aligarh
2025-01-22 04:00:00,15.1,84,0.0,,278,4.7,,1015.2,,0,1,42262,Aligarh
2025-01-22 04:00:00,15.1,84,0.0,,278,4.7,,1015.2,,0,1,42262,Aligarh
2025-01-22 05:00:00,17.8,76,0.0,,278,5.0,,1015.8,,0,1,42262,Aligarh
2025-01-22 05:00:00,17.8,76,0.0,,278,5.0,,1015.8,,0,1,42262,Aligarh
2025-01-22 06:00:00,20.3,69,0.0,,278,4.7,,1015.3,,0,1,42262,Aligarh
2025-01-22 06:00:00,20.3,69,0.0,,278,4.7,,1015.3,,0,1,42262,Aligarh
2025-01-22 07:00:00,22.3,60,0.0,,282,5.0,,1014.4,,0,1,42262,Aligarh
2025-01-22 07:00:00,22.3,60,0.0,,282,5.0,,1014.4,,0,1,42262,Aligarh
2025-01-22 08:00:00,23.3,52,0.0,,287,5.8,,1013.1,,0,1,42262,Aligarh
2025-01-22 08:00:00,23.3,52,0.0,,287,5.8,,1013.1,,0,1,42262,Aligarh
2025-01-22 09:00:00,23.6,49,0.0,,282,5.8,,1012.1,,0,1,42262,Aligarh
2025-01-22 09:00:00,23.6,49,0.0,,282,5.8,,1012.1,,0,1,42262,Aligarh
2025-01-22 10:00:00,23.2,50,0.0,,275,5.8,,1011.6,,0,1,42262,Aligarh
2025-01-22 10:00:00,23.2,50,0.0,,275,5.8,,1011.6,,0,1,42262,Aligarh
2025-01-22 11:00:00,22.2,62,0.0,,263,3.6,,1011.3,,0,1,42262,Aligarh
2025-01-22 11:00:00,22.2,62,0.0,,263,3.6,,1011.3,,0,1,42262,Aligarh
2025-01-22 12:00:00,22.4,69,0.0,,320,3.6,,1011.4,,0,1,42262,Aligarh
2025-01-22 12:00:00,22.4,69,0.0,,320,3.6,,1011.4,,0,1,42262,Aligarh
2025-01-22 13:00:00,17.5,79,0.0,,265,5.4,,1012.1,,0,1,42262,Aligarh
2025-01-22 13:00:00,17.5,79,0.0,,265,5.4,,1012.1,,0,1,42262,Aligarh
2025-01-22 14:00:00,16.6,81,0.0,,268,4.7,,1012.7,,1,1,42262,Aligarh
2025-01-22 14:00:00,16.6,81,0.0,,268,4.7,,1012.7,,1,1,42262,Aligarh
2025-01-22 15:00:00,15.9,82,0.0,,290,4.7,,1013.6,,1,1,42262,Aligarh
2025-01-22 15:00:00,15.9,82,0.0,,290,4.7,,1013.6,,1,1,42262,Aligarh
2025-01-22 16:00:00,15.0,86,0.0,,304,4.7,,1013.9,,1,1,42262,Aligarh
2025-01-22 16:00:00,15.0,86,0.0,,304,4.7,,1013.9,,1,1,42262,Aligarh
2025-01-22 17:00:00,14.4,87,0.0,,314,4.7,,1014.2,,3,1,42262,Aligarh
2025-01-22 17:00:00,14.4,87,0.0,,314,4.7,,1014.2,,3,1,42262,Aligarh
2025-01-22 18:00:00,13.9,89,0.0,,348,5.8,,1014.2,,1,2,42262,Aligarh
2025-01-22 18:00:00,13.9,89,0.0,,348,5.8,,1014.2,,1,2,42262,Aligarh
2025-01-22 19:00:00,13.7,88,0.0,,343,7.6,,1014.2,,1,2,42262,Aligarh
2025-01-22 19:00:00,13.7,88,0.0,,343,7.6,,1014.2,,1,2,42262,Aligarh
2025-01-22 20:00:00,13.4,84,0.0,,350,5.8,,1013.9,,6,2,42262,Aligarh
2025-01-22 20:00:00,13.4,84,0.0,,350,5.8,,1013.9,,6,2,42262,Aligarh
2025-01-22 21:00:00,14.1,81,0.0,,323,10.8,,1013.8,,2,3,42262,Aligarh
2025-01-22 21:00:00,14.1,81,0.0,,323,10.8,,1013.8,,2,3,42262,Aligarh
2025-01-22 22:00:00,13.9,82,0.0,,352,10.4,,1013.5,,3,2,42262,Aligarh
2025-01-22 22:00:00,13.9,82,0.0,,352,10.4,,1013.5,,3,2,42262,Aligarh
2025-01-22 23:00:00,14.0,82,0.0,,346,10.4,,1013.4,,3,3,42262,Aligarh
2025-01-22 23:00:00,14.0,82,0.0,,346,10.4,,1013.4,,3,3,42262,Aligarh
2025-01-23 00:00:00,13.4,85,0.0,,342,9.4,,1013.5,,3,2,42262,Aligarh
2025-01-23 00:00:00,13.4,85,0.0,,342,9.4,,1013.5,,3,2,42262,Aligarh
2025-01-23 01:00:00,12.8,85,0.0,,340,9.0,,1014.1,,2,2,42262,Aligarh
2025-01-23 01:00:00,12.8,85,0.0,,340,9.0,,1014.1,,2,2,42262,Aligarh
2025-01-23 02:00:00,13.1,84,0.0,,353,7.6,,1014.4,,6,2,42262,Aligarh
2025-01-23 02:00:00,13.1,84,0.0,,353,7.6,,1014.4,,6,2,42262,Aligarh
2025-01-23 03:00:00,14.4,84,0.3,,352,8.6,,1015.3,,6,17,42262,Aligarh
2025-01-23 03:00:00,14.4,84,0.3,,352,8.6,,1015.3,,6,17,42262,Aligarh
2025-01-23 04:00:00,15.9,82,0.0,,318,5.8,,1016.0,,8,3,42262,Aligarh
2025-01-23 04:00:00,15.9,82,0.0,,318,5.8,,1016.0,,8,3,42262,Aligarh
2025-01-23 05:00:00,17.1,79,0.0,,219,7.2,,1016.9,,8,3,42262,Aligarh
2025-01-23 05:00:00,17.1,79,0.0,,219,7.2,,1016.9,,8,3,42262,Aligarh
2025-01-23 06:00:00,18.2,75,0.0,,271,6.5,,1016.4,,8,3,42262,Aligarh
2025-01-23 06:00:00,18.2,75,0.0,,271,6.5,,1016.4,,8,3,42262,Aligarh
2025-01-23 07:00:00,19.0,73,0.0,,225,6.5,,1015.9,,8,3,42262,Aligarh
2025-01-23 07:00:00,19.0,73,0.0,,225,6.5,,1015.9,,8,3,42262,Aligarh
2025-01-23 08:00:00,19.2,73,0.0,,221,6.1,,1015.0,,6,3,42262,Aligarh
2025-01-23 08:00:00,19.2,73,0.0,,221,6.1,,1015.0,,6,3,42262,Aligarh
2025-01-23 09:00:00,20.5,69,0.0,,251,6.5,,1014.0,,3,3,42262,Aligarh
2025-01-23 09:00:00,20.5,69,0.0,,251,6.5,,1014.0,,3,3,42262,Aligarh
2025-01-23 10:00:00,21.1,64,0.0,,277,7.6,,1013.7,,2,3,42262,Aligarh
2025-01-23 10:00:00,21.1,64,0.0,,277,7.6,,1013.7,,2,3,42262,Aligarh
2025-01-23 11:00:00,20.6,69,0.0,,276,6.8,,1013.7,,0,2,42262,Aligarh
2025-01-23 11:00:00,20.6,69,0.0,,276,6.8,,1013.7,,0,2,42262,Aligarh
2025-01-23 12:00:00,20.8,75,0.0,,0,0.0,,1013.8,,5,1,42262,Aligarh
2025-01-23 12:00:00,20.8,75,0.0,,0,0.0,,1013.8,,5,1,42262,Aligarh
2025-01-23 13:00:00,16.5,86,0.0,,283,9.0,,1014.3,,1,1,42262,Aligarh
2025-01-23 13:00:00,16.5,86,0.0,,283,9.0,,1014.3,,1,1,42262,Aligarh
2025-01-23 14:00:00,16.0,75,0.0,,318,11.2,,1015.1,,0,1,42262,Aligarh
2025-01-23 14:00:00,16.0,75,0.0,,318,11.2,,1015.1,,0,1,42262,Aligarh
2025-01-23 15:00:00,15.3,66,0.0,,320,12.6,,1015.8,,0,1,42262,Aligarh
2025-01-23 15:00:00,15.3,66,0.0,,320,12.6,,1015.8,,0,1,42262,Aligarh
2025-01-23 16:00:00,14.8,66,0.0,,324,12.6,,1016.2,,0,1,42262,Aligarh
2025-01-23 16:00:00,14.8,66,0.0,,324,12.6,,1016.2,,0,1,42262,Aligarh
2025-01-23 17:00:00,13.9,69,0.0,,320,11.5,,1016.3,,0,1,42262,Aligarh
2025-01-23 17:00:00,13.9,69,0.0,,320,11.5,,1016.3,,0,1,42262,Aligarh
2025-01-23 18:00:00,13.2,73,0.0,,318,12.2,,1016.1,,0,1,42262,Aligarh
2025-01-23 18:00:00,13.2,73,0.0,,318,12.2,,1016.1,,0,1,42262,Aligarh
2025-01-23 19:00:00,12.8,75,0.0,,316,12.6,,1016.0,,0,1,42262,Aligarh
2025-01-23 19:00:00,12.8,75,0.0,,316,12.6,,1016.0,,0,1,42262,Aligarh
2025-01-23 20:00:00,12.5,76,0.0,,316,12.2,,1015.6,,0,1,42262,Aligarh
2025-01-23 20:00:00,12.5,76,0.0,,316,12.2,,1015.6,,0,1,42262,Aligarh
2025-01-23 21:00:00,11.9,76,0.0,,320,12.2,,1014.5,,0,1,42262,Aligarh
2025-01-23 21:00:00,11.9,76,0.0,,320,12.2,,1014.5,,0,1,42262,Aligarh
2025-01-23 22:00:00,11.5,77,0.0,,318,11.5,,1014.3,,0,1,42262,Aligarh
2025-01-23 22:00:00,11.5,77,0.0,,318,11.5,,1014.3,,0,1,42262,Aligarh
2025-01-23 23:00:00,10.7,82,0.0,,305,9.4,,1014.2,,0,1,42262,Aligarh
2025-01-23 23:00:00,10.7,82,0.0,,305,9.4,,1014.2,,0,1,42262,Aligarh
2025-01-24 00:00:00,9.9,86,0.0,,287,8.3,,1014.5,,0,1,42262,Aligarh
2025-01-24 00:00:00,9.9,86,0.0,,287,8.3,,1014.5,,0,1,42262,Aligarh
2025-01-24 01:00:00,9.4,87,0.0,,277,8.3,,1015.2,,0,1,42262,Aligarh
2025-01-24 01:00:00,9.4,87,0.0,,277,8.3,,1015.2,,0,1,42262,Aligarh
2025-01-24 02:00:00,9.9,89,0.0,,280,9.7,,1015.9,,0,1,42262,Aligarh
2025-01-24 02:00:00,9.9,89,0.0,,280,9.7,,1015.9,,0,1,42262,Aligarh
2025-01-24 03:00:00,12.2,86,0.0,,320,5.4,,1016.4,,0,1,42262,Aligarh
2025-01-24 03:00:00,12.2,86,0.0,,320,5.4,,1016.4,,0,1,42262,Aligarh
2025-01-24 04:00:00,14.2,75,0.0,,280,9.4,,1017.0,,0,1,42262,Aligarh
2025-01-24 04:00:00,14.2,75,0.0,,280,9.4,,1017.0,,0,1,42262,Aligarh
2025-01-24 05:00:00,16.6,68,0.0,,280,10.4,,1017.5,,0,1,42262,Aligarh
2025-01-24 05:00:00,16.6,68,0.0,,280,10.4,,1017.5,,0,1,42262,Aligarh
2025-01-24 06:00:00,18.5,63,0.0,,285,11.9,,1017.2,,0,1,42262,Aligarh
2025-01-24 06:00:00,18.5,63,0.0,,285,11.9,,1017.2,,0,1,42262,Aligarh
2025-01-24 07:00:00,19.9,59,0.0,,288,13.7,,1016.1,,0,1,42262,Aligarh
2025-01-24 07:00:00,19.9,59,0.0,,288,13.7,,1016.1,,0,1,42262,Aligarh
2025-01-24 08:00:00,20.8,51,0.0,,291,15.5,,1014.9,,0,1,42262,Aligarh
2025-01-24 08:00:00,20.8,51,0.0,,291,15.5,,1014.9,,0,1,42262,Aligarh
2025-01-24 09:00:00,21.0,46,0.0,,292,16.2,,1014.2,,0,1,42262,Aligarh
2025-01-24 09:00:00,21.0,46,0.0,,292,16.2,,1014.2,,0,1,42262,Aligarh
2025-01-24 10:00:00,20.5,50,0.0,,291,15.5,,1013.8,,0,1,42262,Aligarh
2025-01-24 10:00:00,20.5,50,0.0,,291,15.5,,1013.8,,0,1,42262,Aligarh
2025-01-24 11:00:00,19.6,57,0.0,,286,12.2,,1013.7,,0,1,42262,Aligarh
2025-01-24 11:00:00,19.6,57,0.0,,286,12.2,,1013.7,,0,1,42262,Aligarh
2025-01-24 12:00:00,17.4,64,0.0,,280,10.1,,1013.8,,0,1,42262,Aligarh
2025-01-24 12:00:00,17.4,64,0.0,,280,10.1,,1013.8,,0,1,42262,Aligarh
2025-01-24 13:00:00,15.6,68,0.0,,280,11.5,,1014.3,,0,1,42262,Aligarh
2025-01-24 13:00:00,15.6,68,0.0,,280,11.5,,1014.3,,0,1,42262,Aligarh
2025-01-24 14:00:00,14.7,69,0.0,,282,11.5,,1015.0,,0,1,42262,Aligarh
2025-01-24 14:00:00,14.7,69,0.0,,282,11.5,,1015.0,,0,1,42262,Aligarh
2025-01-24 15:00:00,13.9,69,0.0,,285,11.5,,1015.4,,0,1,42262,Aligarh
2025-01-24 15:00:00,13.9,69,0.0,,285,11.5,,1015.4,,0,1,42262,Aligarh
2025-01-24 16:00:00,13.2,71,0.0,,286,11.5,,1015.6,,0,1,42262,Aligarh
2025-01-24 16:00:00,13.2,71,0.0,,286,11.5,,1015.6,,0,1,42262,Aligarh
2025-01-24 17:00:00,12.7,70,0.0,,282,11.9,,1015.6,,0,1,42262,Aligarh
2025-01-24 17:00:00,12.7,70,0.0,,282,11.9,,1015.6,,0,1,42262,Aligarh
2025-01-24 18:00:00,12.1,72,0.0,,285,11.5,,1015.3,,0,1,42262,Aligarh
2025-01-24 18:00:00,12.1,72,0.0,,285,11.5,,1015.3,,0,1,42262,Aligarh
2025-01-24 19:00:00,11.7,72,0.0,,288,12.2,,1015.0,,0,1,42262,Aligarh
2025-01-24 19:00:00,11.7,72,0.0,,288,12.2,,1015.0,,0,1,42262,Aligarh
2025-01-24 20:00:00,11.2,72,0.0,,289,11.9,,1014.9,,0,1,42262,Aligarh
2025-01-24 20:00:00,11.2,72,0.0,,289,11.9,,1014.9,,0,1,42262,Aligarh
2025-01-24 21:00:00,10.7,72,0.0,,288,11.9,,1014.5,,0,1,42262,Aligarh
2025-01-24 21:00:00,10.7,72,0.0,,288,11.9,,1014.5,,0,1,42262,Aligarh
2025-01-24 22:00:00,10.2,77,0.0,,278,11.2,,1014.1,,0,1,42262,Aligarh
2025-01-24 22:00:00,10.2,77,0.0,,278,11.2,,1014.1,,0,1,42262,Aligarh
2025-01-24 23:00:00,9.7,77,0.0,,271,11.2,,1014.1,,0,1,42262,Aligarh
2025-01-24 23:00:00,9.7,77,0.0,,271,11.2,,1014.1,,0,1,42262,Aligarh
2025-01-25 00:00:00,9.2,76,0.0,,270,11.2,,1014.5,,0,1,42262,Aligarh
2025-01-25 00:00:00,9.2,76,0.0,,270,11.2,,1014.5,,0,1,42262,Aligarh
2025-01-25 01:00:00,8.9,75,0.0,,272,11.2,,1015.0,,0,1,42262,Aligarh
2025-01-25 01:00:00,8.9,75,0.0,,272,11.2,,1015.0,,0,1,42262,Aligarh
2025-01-25 02:00:00,8.8,74,0.0,,274,11.9,,1015.8,,0,1,42262,Aligarh
2025-01-25 02:00:00,8.8,74,0.0,,274,11.9,,1015.8,,0,1,42262,Aligarh
2025-01-25 03:00:00,11.2,64,0.0,,230,5.4,,1016.4,,0,1,42262,Aligarh
2025-01-25 03:00:00,11.2,64,0.0,,230,5.4,,1016.4,,0,1,42262,Aligarh
2025-01-25 04:00:00,13.1,67,0.0,,277,11.2,,1017.0,,0,1,42262,Aligarh
2025-01-25 04:00:00,13.1,67,0.0,,277,11.2,,1017.0,,0,1,42262,Aligarh
2025-01-25 05:00:00,15.5,62,0.0,,284,10.8,,1017.5,,0,1,42262,Aligarh
2025-01-25 05:00:00,15.5,62,0.0,,284,10.8,,1017.5,,0,1,42262,Aligarh
2025-01-25 06:00:00,17.7,57,0.0,,291,11.5,,1016.8,,0,1,42262,Aligarh
2025-01-25 06:00:00,17.7,57,0.0,,291,11.5,,1016.8,,0,1,42262,Aligarh
2025-01-25 07:00:00,19.4,53,0.0,,290,11.5,,1016.0,,0,1,42262,Aligarh
2025-01-25 07:00:00,19.4,53,0.0,,290,11.5,,1016.0,,0,1,42262,Aligarh
2025-01-25 08:00:00,20.5,50,0.0,,287,11.9,,1014.8,,0,1,42262,Aligarh
2025-01-25 08:00:00,20.5,50,0.0,,287,11.9,,1014.8,,0,1,42262,Aligarh
2025-01-25 09:00:00,20.8,48,0.0,,290,12.2,,1013.8,,0,1,42262,Aligarh
2025-01-25 09:00:00,20.8,48,0.0,,290,12.2,,1013.8,,0,1,42262,Aligarh
2025-01-25 10:00:00,20.6,49,0.0,,285,11.5,,1013.5,,0,1,42262,Aligarh
2025-01-25 10:00:00,20.6,49,0.0,,285,11.5,,1013.5,,0,1,42262,Aligarh
2025-01-25 11:00:00,19.6,57,0.0,,275,9.7,,1013.5,,0,1,42262,Aligarh
2025-01-25 11:00:00,19.6,57,0.0,,275,9.7,,1013.5,,0,1,42262,Aligarh
2025-01-25 12:00:00,21.0,52,0.0,,230,5.4,,1013.7,,0,1,42262,Aligarh
2025-01-25 12:00:00,21.0,52,0.0,,230,5.4,,1013.7,,0,1,42262,Aligarh
2025-01-25 13:00:00,15.0,73,0.0,,260,9.7,,1014.2,,0,1,42262,Aligarh
2025-01-25 13:00:00,15.0,73,0.0,,260,9.7,,1014.2,,0,1,42262,Aligarh
2025-01-25 14:00:00,14.6,69,0.0,,260,10.8,,1014.9,,0,1,42262,Aligarh
2025-01-25 14:00:00,14.6,69,0.0,,260,10.8,,1014.9,,0,1,42262,Aligarh
2025-01-25 15:00:00,13.8,67,0.0,,267,10.8,,1015.3,,0,1,42262,Aligarh
2025-01-25 15:00:00,13.8,67,0.0,,267,10.8,,1015.3,,0,1,42262,Aligarh
2025-01-25 16:00:00,12.8,68,0.0,,272,10.4,,1015.5,,0,1,42262,Aligarh
2025-01-25 16:00:00,12.8,68,0.0,,272,10.4,,1015.5,,0,1,42262,Aligarh
2025-01-25 17:00:00,12.0,70,0.0,,275,10.1,,1015.7,,0,1,42262,Aligarh
2025-01-25 17:00:00,12.0,70,0.0,,275,10.1,,1015.7,,0,1,42262,Aligarh
2025-01-25 18:00:00,11.3,72,0.0,,285,9.7,,1015.4,,0,1,42262,Aligarh
2025-01-25 18:00:00,11.3,72,0.0,,285,9.7,,1015.4,,0,1,42262,Aligarh
2025-01-25 19:00:00,10.5,75,0.0,,298,9.4,,1015.0,,0,1,42262,Aligarh
2025-01-25 19:00:00,10.5,75,0.0,,298,9.4,,1015.0,,0,1,42262,Aligarh
2025-01-25 20:00:00,10.0,76,0.0,,307,9.4,,1014.6,,0,1,42262,Aligarh
2025-01-25 20:00:00,10.0,76,0.0,,307,9.4,,1014.6,,0,1,42262,Aligarh
2025-01-25 21:00:00,9.4,75,0.0,,300,9.0,,1014.2,,0,1,42262,Aligarh
2025-01-25 21:00:00,9.4,75,0.0,,300,9.0,,1014.2,,0,1,42262,Aligarh
2025-01-25 22:00:00,8.8,76,0.0,,284,8.6,,1014.1,,0,1,42262,Aligarh
2025-01-25 22:00:00,8.8,76,0.0,,284,8.6,,1014.1,,0,1,42262,Aligarh
2025-01-25 23:00:00,8.2,78,0.0,,279,8.6,,1014.0,,0,1,42262,Aligarh
2025-01-25 23:00:00,8.2,78,0.0,,279,8.6,,1014.0,,0,1,42262,Aligarh
2025-01-26 00:00:00,7.8,78,0.0,,281,8.3,,1014.3,,0,1,42262,Aligarh
2025-01-26 00:00:00,7.8,78,0.0,,281,8.3,,1014.3,,0,1,42262,Aligarh
2025-01-26 01:00:00,7.5,78,0.0,,283,8.3,,1015.0,,0,1,42262,Aligarh
2025-01-26 01:00:00,7.5,78,0.0,,283,8.3,,1015.0,,0,1,42262,Aligarh
2025-01-26 02:00:00,7.6,78,0.0,,285,9.0,,1015.7,,0,1,42262,Aligarh
2025-01-26 02:00:00,7.6,78,0.0,,285,9.0,,1015.7,,0,1,42262,Aligarh
2025-01-26 03:00:00,11.0,63,0.0,,320,3.6,,1016.4,,0,1,42262,Aligarh
2025-01-26 03:00:00,11.0,63,0.0,,320,3.6,,1016.4,,0,1,42262,Aligarh
2025-01-26 04:00:00,12.7,69,0.0,,290,8.3,,1017.1,,0,1,42262,Aligarh
2025-01-26 04:00:00,12.7,69,0.0,,290,8.3,,1017.1,,0,1,42262,Aligarh
2025-01-26 05:00:00,15.3,64,0.0,,294,7.6,,1017.5,,0,1,42262,Aligarh
2025-01-26 05:00:00,15.3,64,0.0,,294,7.6,,1017.5,,0,1,42262,Aligarh
2025-01-26 06:00:00,17.5,58,0.0,,293,7.9,,1017.0,,0,1,42262,Aligarh
2025-01-26 06:00:00,17.5,58,0.0,,293,7.9,,1017.0,,0,1,42262,Aligarh
2025-01-26 07:00:00,19.1,53,0.0,,290,8.3,,1015.9,,0,1,42262,Aligarh
2025-01-26 07:00:00,19.1,53,0.0,,290,8.3,,1015.9,,0,1,42262,Aligarh
2025-01-26 08:00:00,20.0,50,0.0,,286,8.3,,1014.7,,0,1,42262,Aligarh
2025-01-26 08:00:00,20.0,50,0.0,,286,8.3,,1014.7,,0,1,42262,Aligarh
2025-01-26 09:00:00,20.4,49,0.0,,279,8.6,,1013.8,,0,1,42262,Aligarh
2025-01-26 09:00:00,20.4,49,0.0,,279,8.6,,1013.8,,0,1,42262,Aligarh
2025-01-26 10:00:00,20.3,49,0.0,,272,9.0,,1013.4,,0,1,42262,Aligarh
2025-01-26 10:00:00,20.3,49,0.0,,272,9.0,,1013.4,,0,1,42262,Aligarh
2025-01-26 11:00:00,19.4,56,0.0,,273,7.9,,1013.2,,0,1,42262,Aligarh
2025-01-26 11:00:00,19.4,56,0.0,,273,7.9,,1013.2,,0,1,42262,Aligarh
2025-01-26 12:00:00,20.0,51,0.0,,320,3.6,,1013.0,,0,1,42262,Aligarh
2025-01-26 12:00:00,20.0,51,0.0,,320,3.6,,1013.0,,0,1,42262,Aligarh
2025-01-26 13:00:00,14.4,78,0.0,,260,7.6,,1013.5,,0,1,42262,Aligarh
2025-01-26 13:00:00,14.4,78,0.0,,260,7.6,,1013.5,,0,1,42262,Aligarh
2025-01-26 14:00:00,13.5,77,0.0,,257,7.9,,1014.3,,0,1,42262,Aligarh
2025-01-26 14:00:00,13.5,77,0.0,,257,7.9,,1014.3,,0,1,42262,Aligarh
2025-01-26 15:00:00,12.9,76,0.0,,260,8.3,,1014.4,,0,1,42262,Aligarh
2025-01-26 15:00:00,12.9,76,0.0,,260,8.3,,1014.4,,0,1,42262,Aligarh
2025-01-26 16:00:00,11.9,76,0.0,,277,7.9,,1014.9,,0,1,42262,Aligarh
2025-01-26 16:00:00,11.9,76,0.0,,277,7.9,,1014.9,,0,1,42262,Aligarh
2025-01-26 17:00:00,10.9,81,0.0,,290,7.9,,1015.0,,0,1,42262,Aligarh
2025-01-26 17:00:00,10.9,81,0.0,,290,7.9,,1015.0,,0,1,42262,Aligarh
2025-01-26 18:00:00,10.3,84,0.0,,301,7.6,,1014.8,,0,1,42262,Aligarh
2025-01-26 18:00:00,10.3,84,0.0,,301,7.6,,1014.8,,0,1,42262,Aligarh
2025-01-26 19:00:00,9.6,86,0.0,,299,7.6,,1014.6,,0,1,42262,Aligarh
2025-01-26 19:00:00,9.6,86,0.0,,299,7.6,,1014.6,,0,1,42262,Aligarh
2025-01-26 20:00:00,9.0,87,0.0,,303,7.2,,1013.9,,0,1,42262,Aligarh
2025-01-26 20:00:00,9.0,87,0.0,,303,7.2,,1013.9,,0,1,42262,Aligarh
2025-01-26 21:00:00,8.5,87,0.0,,304,7.2,,1013.6,,0,1,42262,Aligarh
2025-01-26 21:00:00,8.5,87,0.0,,304,7.2,,1013.6,,0,1,42262,Aligarh
2025-01-26 22:00:00,8.1,88,0.0,,300,7.2,,1013.2,,0,1,42262,Aligarh
2025-01-26 22:00:00,8.1,88,0.0,,300,7.2,,1013.2,,0,1,42262,Aligarh
2025-01-26 23:00:00,7.8,88,0.0,,298,7.6,,1013.1,,0,1,42262,Aligarh
2025-01-26 23:00:00,7.8,88,0.0,,298,7.6,,1013.1,,0,1,42262,Aligarh
2025-01-27 00:00:00,7.6,87,0.0,,298,7.6,,1013.1,,0,1,42262,Aligarh
2025-01-27 00:00:00,7.6,87,0.0,,298,7.6,,1013.1,,0,1,42262,Aligarh
2025-01-27 01:00:00,7.0,91,0.0,,288,6.5,,1013.9,,0,1,42262,Aligarh
2025-01-27 01:00:00,7.0,91,0.0,,288,6.5,,1013.9,,0,1,42262,Aligarh
2025-01-27 02:00:00,7.0,91,0.0,,288,6.8,,1014.7,,0,1,42262,Aligarh
2025-01-27 02:00:00,7.0,91,0.0,,288,6.8,,1014.7,,0,1,42262,Aligarh
2025-01-27 03:00:00,10.2,77,0.0,,320,3.6,,1015.4,,0,1,42262,Aligarh
2025-01-27 03:00:00,10.2,77,0.0,,320,3.6,,1015.4,,0,1,42262,Aligarh
2025-01-27 04:00:00,12.7,75,0.0,,286,5.8,,1016.2,,0,1,42262,Aligarh
2025-01-27 04:00:00,12.7,75,0.0,,286,5.8,,1016.2,,0,1,42262,Aligarh
2025-01-27 05:00:00,15.8,64,0.0,,287,6.1,,1016.6,,0,1,42262,Aligarh
2025-01-27 05:00:00,15.8,64,0.0,,287,6.1,,1016.6,,0,1,42262,Aligarh
2025-01-27 06:00:00,18.0,55,0.0,,291,7.6,,1015.8,,0,1,42262,Aligarh
2025-01-27 06:00:00,18.0,55,0.0,,291,7.6,,1015.8,,0,1,42262,Aligarh
2025-01-27 07:00:00,19.4,48,0.0,,296,9.0,,1014.9,,0,1,42262,Aligarh
2025-01-27 07:00:00,19.4,48,0.0,,296,9.0,,1014.9,,0,1,42262,Aligarh
2025-01-27 08:00:00,20.1,46,0.0,,298,10.1,,1013.5,,0,1,42262,Aligarh
2025-01-27 08:00:00,20.1,46,0.0,,298,10.1,,1013.5,,0,1,42262,Aligarh
2025-01-27 09:00:00,20.4,45,0.0,,302,10.1,,1012.3,,0,1,42262,Aligarh
2025-01-27 09:00:00,20.4,45,0.0,,302,10.1,,1012.3,,0,1,42262,Aligarh
2025-01-27 10:00:00,20.2,47,0.0,,301,9.4,,1011.4,,0,1,42262,Aligarh
2025-01-27 10:00:00,20.2,47,0.0,,301,9.4,,1011.4,,0,1,42262,Aligarh
2025-01-27 11:00:00,19.4,53,0.0,,295,7.2,,1011.4,,0,1,42262,Aligarh
2025-01-27 11:00:00,19.4,53,0.0,,295,7.2,,1011.4,,0,1,42262,Aligarh
2025-01-27 12:00:00,20.0,54,0.0,,320,5.4,,1011.5,,0,1,42262,Aligarh
2025-01-27 12:00:00,20.0,54,0.0,,320,5.4,,1011.5,,0,1,42262,Aligarh
2025-01-27 13:00:00,14.7,74,0.0,,247,7.6,,1011.8,,0,1,42262,Aligarh
2025-01-27 13:00:00,14.7,74,0.0,,247,7.6,,1011.8,,0,1,42262,Aligarh
2025-01-27 14:00:00,13.8,77,0.0,,249,8.6,,1012.3,,0,1,42262,Aligarh
2025-01-27 14:00:00,13.8,77,0.0,,249,8.6,,1012.3,,0,1,42262,Aligarh
2025-01-27 15:00:00,12.9,76,0.0,,267,9.0,,1012.9,,0,1,42262,Aligarh
2025-01-27 15:00:00,12.9,76,0.0,,267,9.0,,1012.9,,0,1,42262,Aligarh
2025-01-27 16:00:00,12.0,78,0.0,,281,8.3,,1013.1,,0,1,42262,Aligarh
2025-01-27 16:00:00,12.0,78,0.0,,281,8.3,,1013.1,,0,1,42262,Aligarh
2025-01-27 17:00:00,10.9,81,0.0,,286,7.9,,1013.1,,0,1,42262,Aligarh
2025-01-27 17:00:00,10.9,81,0.0,,286,7.9,,1013.1,,0,1,42262,Aligarh
2025-01-27 18:00:00,10.2,83,0.0,,283,7.6,,1012.8,,0,1,42262,Aligarh
2025-01-27 18:00:00,10.2,83,0.0,,283,7.6,,1012.8,,0,1,42262,Aligarh
2025-01-27 19:00:00,9.7,83,0.0,,280,7.9,,1012.7,,0,1,42262,Aligarh
2025-01-27 19:00:00,9.7,83,0.0,,280,7.9,,1012.7,,0,1,42262,Aligarh
2025-01-27 20:00:00,9.2,84,0.0,,277,7.6,,1012.2,,0,1,42262,Aligarh
2025-01-27 20:00:00,9.2,84,0.0,,277,7.6,,1012.2,,0,1,42262,Aligarh
2025-01-27 21:00:00,9.1,84,0.0,,276,7.6,,1011.5,,0,1,42262,Aligarh
2025-01-27 21:00:00,9.1,84,0.0,,276,7.6,,1011.5,,0,1,42262,Aligarh
2025-01-27 22:00:00,8.6,85,0.0,,281,7.6,,1011.3,,0,1,42262,Aligarh
2025-01-27 22:00:00,8.6,85,0.0,,281,7.6,,1011.3,,0,1,42262,Aligarh
2025-01-27 23:00:00,8.0,86,0.0,,281,7.2,,1011.3,,0,1,42262,Aligarh
2025-01-27 23:00:00,8.0,86,0.0,,281,7.2,,1011.3,,0,1,42262,Aligarh
2025-01-28 00:00:00,7.4,87,0.0,,280,7.2,,1011.7,,0,1,42262,Aligarh
2025-01-28 00:00:00,7.4,87,0.0,,280,7.2,,1011.7,,0,1,42262,Aligarh
2025-01-28 01:00:00,6.9,88,0.0,,291,6.8,,1012.5,,0,1,42262,Aligarh
2025-01-28 01:00:00,6.9,88,0.0,,291,6.8,,1012.5,,0,1,42262,Aligarh
2025-01-28 02:00:00,6.7,90,0.0,,298,6.5,,1014.1,,0,1,42262,Aligarh
2025-01-28 02:00:00,6.7,90,0.0,,298,6.5,,1014.1,,0,1,42262,Aligarh
2025-01-28 03:00:00,10.0,79,0.0,,0,0.0,,1014.8,,0,1,42262,Aligarh
2025-01-28 03:00:00,10.0,79,0.0,,0,0.0,,1014.8,,0,1,42262,Aligarh
2025-01-28 04:00:00,12.8,72,0.0,,293,4.3,,1015.4,,0,1,42262,Aligarh
2025-01-28 04:00:00,12.8,72,0.0,,293,4.3,,1015.4,,0,1,42262,Aligarh
2025-01-28 05:00:00,15.9,63,0.0,,292,4.0,,1015.9,,0,1,42262,Aligarh
2025-01-28 05:00:00,15.9,63,0.0,,292,4.0,,1015.9,,0,1,42262,Aligarh
2025-01-28 06:00:00,18.3,54,0.0,,296,5.0,,1015.5,,0,1,42262,Aligarh
2025-01-28 06:00:00,18.3,54,0.0,,296,5.0,,1015.5,,0,1,42262,Aligarh
2025-01-28 07:00:00,20.2,48,0.0,,300,6.5,,1014.1,,0,1,42262,Aligarh
2025-01-28 07:00:00,20.2,48,0.0,,300,6.5,,1014.1,,0,1,42262,Aligarh
2025-01-28 08:00:00,21.0,44,0.0,,295,6.8,,1013.1,,0,1,42262,Aligarh
2025-01-28 08:00:00,21.0,44,0.0,,295,6.8,,1013.1,,0,1,42262,Aligarh
2025-01-28 09:00:00,21.4,42,0.0,,285,6.8,,1012.6,,0,1,42262,Aligarh
2025-01-28 09:00:00,21.4,42,0.0,,285,6.8,,1012.6,,0,1,42262,Aligarh
2025-01-28 10:00:00,21.2,43,0.0,,280,6.8,,1012.1,,0,1,42262,Aligarh
2025-01-28 10:00:00,21.2,43,0.0,,280,6.8,,1012.1,,0,1,42262,Aligarh
2025-01-28 11:00:00,20.3,49,0.0,,279,5.4,,1011.9,,0,1,42262,Aligarh
2025-01-28 11:00:00,20.3,49,0.0,,279,5.4,,1011.9,,0,1,42262,Aligarh
2025-01-28 12:00:00,20.8,52,0.0,,320,3.6,,1011.9,,0,1,42262,Aligarh
2025-01-28 12:00:00,20.8,52,0.0,,320,3.6,,1011.9,,0,1,42262,Aligarh
2025-01-28 13:00:00,15.1,72,0.0,,264,5.8,,1012.3,,0,1,42262,Aligarh
2025-01-28 13:00:00,15.1,72,0.0,,264,5.8,,1012.3,,0,1,42262,Aligarh
2025-01-28 14:00:00,13.9,77,0.0,,247,6.1,,1013.0,,0,1,42262,Aligarh
2025-01-28 14:00:00,13.9,77,0.0,,247,6.1,,1013.0,,0,1,42262,Aligarh
2025-01-28 15:00:00,12.7,82,0.0,,226,6.5,,1013.8,,0,1,42262,Aligarh
2025-01-28 15:00:00,12.7,82,0.0,,226,6.5,,1013.8,,0,1,42262,Aligarh
2025-01-28 16:00:00,12.0,84,0.0,,210,5.8,,1014.3,,0,1,42262,Aligarh
2025-01-28 16:00:00,12.0,84,0.0,,210,5.8,,1014.3,,0,1,42262,Aligarh
2025-01-28 17:00:00,12.0,82,0.0,,200,4.7,,1014.7,,0,1,42262,Aligarh
2025-01-28 17:00:00,12.0,82,0.0,,200,4.7,,1014.7,,0,1,42262,Aligarh
2025-01-28 18:00:00,11.8,81,0.0,,162,2.5,,1014.7,,0,1,42262,Aligarh
2025-01-28 18:00:00,11.8,81,0.0,,162,2.5,,1014.7,,0,1,42262,Aligarh
2025-01-28 19:00:00,11.1,83,0.0,,64,2.2,,1014.6,,0,1,42262,Aligarh
2025-01-28 19:00:00,11.1,83,0.0,,64,2.2,,1014.6,,0,1,42262,Aligarh
2025-01-28 20:00:00,9.6,90,0.0,,53,5.8,,1014.7,,0,1,42262,Aligarh
2025-01-28 20:00:00,9.6,90,0.0,,53,5.8,,1014.7,,0,1,42262,Aligarh
2025-01-28 21:00:00,9.0,93,0.0,,56,6.8,,1014.7,,0,1,42262,Aligarh
2025-01-28 21:00:00,9.0,93,0.0,,56,6.8,,1014.7,,0,1,42262,Aligarh
2025-01-28 22:00:00,8.8,95,0.0,,58,7.2,,1014.1,,0,1,42262,Aligarh
2025-01-28 22:00:00,8.8,95,0.0,,58,7.2,,1014.1,,0,1,42262,Aligarh
2025-01-28 23:00:00,8.6,95,0.0,,69,7.2,,1014.1,,0,1,42262,Aligarh
2025-01-28 23:00:00,8.6,95,0.0,,69,7.2,,1014.1,,0,1,42262,Aligarh
2025-01-29 00:00:00,8.6,95,0.0,,82,7.2,,1014.2,,1,1,42262,Aligarh
2025-01-29 00:00:00,8.6,95,0.0,,82,7.2,,1014.2,,1,1,42262,Aligarh
2025-01-29 01:00:00,8.7,94,0.0,,92,7.2,,1015.0,,2,2,42262,Aligarh
2025-01-29 01:00:00,8.7,94,0.0,,92,7.2,,1015.0,,2,2,42262,Aligarh
2025-01-29 02:00:00,9.1,94,0.0,,99,7.2,,1016.1,,3,2,42262,Aligarh
2025-01-29 02:00:00,9.1,94,0.0,,99,7.2,,1016.1,,3,2,42262,Aligarh
2025-01-29 03:00:00,10.6,84,0.0,,0,0.0,,1017.0,,3,3,42262,Aligarh
2025-01-29 03:00:00,10.6,84,0.0,,0,0.0,,1017.0,,3,3,42262,Aligarh
2025-01-29 04:00:00,15.0,80,0.0,,116,6.8,,1017.5,,3,2,42262,Aligarh
2025-01-29 04:00:00,15.0,80,0.0,,116,6.8,,1017.5,,3,2,42262,Aligarh
2025-01-29 05:00:00,17.8,71,0.0,,123,7.2,,1017.8,,2,3,42262,Aligarh
2025-01-29 05:00:00,17.8,71,0.0,,123,7.2,,1017.8,,2,3,42262,Aligarh
2025-01-29 06:00:00,20.0,60,0.0,,135,9.7,,1017.2,,1,2,42262,Aligarh
2025-01-29 06:00:00,20.0,60,0.0,,135,9.7,,1017.2,,1,2,42262,Aligarh
2025-01-29 07:00:00,21.3,51,0.0,,134,9.4,,1016.2,,1,2,42262,Aligarh
2025-01-29 07:00:00,21.3,51,0.0,,134,9.4,,1016.2,,1,2,42262,Aligarh
2025-01-29 08:00:00,22.2,47,0.0,,117,9.0,,1014.7,,0,1,42262,Aligarh
2025-01-29 08:00:00,22.2,47,0.0,,117,9.0,,1014.7,,0,1,42262,Aligarh
2025-01-29 09:00:00,22.4,46,0.0,,114,9.0,,1013.8,,0,1,42262,Aligarh
2025-01-29 09:00:00,22.4,46,0.0,,114,9.0,,1013.8,,0,1,42262,Aligarh
2025-01-29 10:00:00,22.2,48,0.0,,112,9.0,,1013.1,,0,1,42262,Aligarh
2025-01-29 10:00:00,22.2,48,0.0,,112,9.0,,1013.1,,0,1,42262,Aligarh
2025-01-29 11:00:00,21.4,52,0.0,,105,7.6,,1012.8,,0,1,42262,Aligarh
2025-01-29 11:00:00,21.4,52,0.0,,105,7.6,,1012.8,,0,1,42262,Aligarh
2025-01-29 12:00:00,21.2,62,0.0,,0,0.0,,1012.7,,0,1,42262,Aligarh
2025-01-29 12:00:00,21.2,62,0.0,,0,0.0,,1012.7,,0,1,42262,Aligarh
2025-01-29 13:00:00,16.5,75,0.0,,96,7.9,,1013.0,,0,1,42262,Aligarh
2025-01-29 13:00:00,16.5,75,0.0,,96,7.9,,1013.0,,0,1,42262,Aligarh
2025-01-29 14:00:00,15.5,80,0.0,,110,8.3,,1013.5,,0,1,42262,Aligarh
2025-01-29 14:00:00,15.5,80,0.0,,110,8.3,,1013.5,,0,1,42262,Aligarh
2025-01-29 15:00:00,14.7,80,0.0,,112,8.6,,1014.0,,0,1,42262,Aligarh
2025-01-29 15:00:00,14.7,80,0.0,,112,8.6,,1014.0,,0,1,42262,Aligarh
2025-01-29 16:00:00,14.0,80,0.0,,110,9.0,,1014.0,,0,1,42262,Aligarh
2025-01-29 16:00:00,14.0,80,0.0,,110,9.0,,1014.0,,0,1,42262,Aligarh
2025-01-29 17:00:00,13.2,82,0.0,,102,8.6,,1014.1,,0,1,42262,Aligarh
2025-01-29 17:00:00,13.2,82,0.0,,102,8.6,,1014.1,,0,1,42262,Aligarh
2025-01-29 18:00:00,12.5,85,0.0,,94,7.9,,1013.8,,0,1,42262,Aligarh
2025-01-29 18:00:00,12.5,85,0.0,,94,7.9,,1013.8,,0,1,42262,Aligarh
2025-01-29 19:00:00,11.9,88,0.0,,92,7.6,,1013.6,,0,1,42262,Aligarh
2025-01-29 19:00:00,11.9,88,0.0,,92,7.6,,1013.6,,0,1,42262,Aligarh
2025-01-29 20:00:00,11.4,90,0.0,,90,7.2,,1013.3,,0,1,42262,Aligarh
2025-01-29 20:00:00,11.4,90,0.0,,90,7.2,,1013.3,,0,1,42262,Aligarh
2025-01-29 21:00:00,11.0,91,0.0,,94,7.2,,1012.8,,0,1,42262,Aligarh
2025-01-29 21:00:00,11.0,91,0.0,,94,7.2,,1012.8,,0,1,42262,Aligarh
2025-01-29 22:00:00,10.7,93,0.0,,99,7.2,,1012.1,,0,1,42262,Aligarh
2025-01-29 22:00:00,10.7,93,0.0,,99,7.2,,1012.1,,0,1,42262,Aligarh
2025-01-29 23:00:00,10.2,94,0.0,,92,6.8,,1011.6,,0,1,42262,Aligarh
2025-01-29 23:00:00,10.2,94,0.0,,92,6.8,,1011.6,,0,1,42262,Aligarh
2025-01-30 00:00:00,9.8,96,0.0,,95,7.2,,1011.4,,0,1,42262,Aligarh
2025-01-30 00:00:00,9.8,96,0.0,,95,7.2,,1011.4,,0,1,42262,Aligarh
2025-01-30 01:00:00,9.7,95,0.0,,98,7.2,,1011.6,,0,1,42262,Aligarh
2025-01-30 01:00:00,9.7,95,0.0,,98,7.2,,1011.6,,0,1,42262,Aligarh
2025-01-30 02:00:00,9.7,95,0.0,,99,6.8,,1012.2,,0,1,42262,Aligarh
2025-01-30 02:00:00,9.7,95,0.0,,99,6.8,,1012.2,,0,1,42262,Aligarh
2025-01-30 03:00:00,13.2,86,0.0,,140,3.6,,1012.8,,0,1,42262,Aligarh
2025-01-30 03:00:00,13.2,86,0.0,,140,3.6,,1012.8,,0,1,42262,Aligarh
2025-01-30 04:00:00,15.7,78,0.0,,125,5.4,,1013.2,,0,1,42262,Aligarh
2025-01-30 04:00:00,15.7,78,0.0,,125,5.4,,1013.2,,0,1,42262,Aligarh
2025-01-30 05:00:00,18.7,69,0.0,,140,6.5,,1013.6,,0,1,42262,Aligarh
2025-01-30 05:00:00,18.7,69,0.0,,140,6.5,,1013.6,,0,1,42262,Aligarh
2025-01-30 06:00:00,20.9,57,0.0,,148,7.6,,1013.2,,0,1,42262,Aligarh
2025-01-30 06:00:00,20.9,57,0.0,,148,7.6,,1013.2,,0,1,42262,Aligarh
2025-01-30 07:00:00,22.2,51,0.0,,156,6.8,,1012.2,,0,1,42262,Aligarh
2025-01-30 07:00:00,22.2,51,0.0,,156,6.8,,1012.2,,0,1,42262,Aligarh
2025-01-30 08:00:00,23.0,49,0.0,,164,5.4,,1010.7,,0,1,42262,Aligarh
2025-01-30 08:00:00,23.0,49,0.0,,164,5.4,,1010.7,,0,1,42262,Aligarh
2025-01-30 09:00:00,23.4,49,0.0,,166,4.0,,1009.6,,0,1,42262,Aligarh
2025-01-30 09:00:00,23.4,49,0.0,,166,4.0,,1009.6,,0,1,42262,Aligarh
2025-01-30 10:00:00,23.3,48,0.0,,153,3.2,,1009.3,,0,1,42262,Aligarh
2025-01-30 10:00:00,23.3,48,0.0,,153,3.2,,1009.3,,0,1,42262,Aligarh
2025-01-30 11:00:00,22.8,51,0.0,,141,3.2,,1009.2,,0,1,42262,Aligarh
2025-01-30 11:00:00,22.8,51,0.0,,141,3.2,,1009.2,,0,1,42262,Aligarh
2025-01-30 12:00:00,22.2,60,0.0,,140,3.6,,1009.1,,0,1,42262,Aligarh
2025-01-30 12:00:00,22.2,60,0.0,,140,3.6,,1009.1,,0,1,42262,Aligarh
2025-01-30 13:00:00,17.9,73,0.0,,135,5.0,,1009.4,,0,1,42262,Aligarh
2025-01-30 13:00:00,17.9,73,0.0,,135,5.0,,1009.4,,0,1,42262,Aligarh
2025-01-30 14:00:00,16.9,76,0.0,,134,5.0,,1009.8,,0,1,42262,Aligarh
2025-01-30 14:00:00,16.9,76,0.0,,134,5.0,,1009.8,,0,1,42262,Aligarh
2025-01-30 15:00:00,16.3,80,0.0,,113,5.8,,1010.4,,0,1,42262,Aligarh
2025-01-30 15:00:00,16.3,80,0.0,,113,5.8,,1010.4,,0,1,42262,Aligarh
2025-01-30 16:00:00,15.4,83,0.0,,114,6.1,,1010.6,,0,1,42262,Aligarh
2025-01-30 16:00:00,15.4,83,0.0,,114,6.1,,1010.6,,0,1,42262,Aligarh
2025-01-30 17:00:00,14.5,85,0.0,,100,5.8,,1010.6,,0,1,42262,Aligarh
2025-01-30 17:00:00,14.5,85,0.0,,100,5.8,,1010.6,,0,1,42262,Aligarh
2025-01-30 18:00:00,13.7,87,0.0,,90,4.7,,1010.5,,0,1,42262,Aligarh
2025-01-30 18:00:00,13.7,87,0.0,,90,4.7,,1010.5,,0,1,42262,Aligarh
2025-01-30 19:00:00,13.2,89,0.0,,59,3.2,,1010.4,,0,1,42262,Aligarh
2025-01-30 19:00:00,13.2,89,0.0,,59,3.2,,1010.4,,0,1,42262,Aligarh
2025-01-30 20:00:00,12.6,88,0.0,,65,4.0,,1010.0,,0,1,42262,Aligarh
2025-01-30 20:00:00,12.6,88,0.0,,65,4.0,,1010.0,,0,1,42262,Aligarh
2025-01-30 21:00:00,11.5,92,0.0,,75,4.0,,1009.8,,0,1,42262,Aligarh
2025-01-30 21:00:00,11.5,92,0.0,,75,4.0,,1009.8,,0,1,42262,Aligarh
2025-01-30 22:00:00,10.9,93,0.0,,72,4.3,,1009.6,,0,1,42262,Aligarh
2025-01-30 22:00:00,10.9,93,0.0,,72,4.3,,1009.6,,0,1,42262,Aligarh
2025-01-30 23:00:00,10.6,94,0.0,,68,5.8,,1009.5,,0,1,42262,Aligarh
2025-01-30 23:00:00,10.6,94,0.0,,68,5.8,,1009.5,,0,1,42262,Aligarh
2025-01-31 00:00:00,10.5,94,0.0,,86,5.8,,1009.7,,0,1,42262,Aligarh
2025-01-31 00:00:00,10.5,94,0.0,,86,5.8,,1009.7,,0,1,42262,Aligarh
2025-01-31 01:00:00,10.3,95,0.0,,104,6.8,,1010.4,,0,1,42262,Aligarh
2025-01-31 01:00:00,10.3,95,0.0,,104,6.8,,1010.4,,0,1,42262,Aligarh
2025-01-31 02:00:00,10.5,95,0.0,,106,6.1,,1011.2,,0,1,42262,Aligarh
2025-01-31 02:00:00,10.5,95,0.0,,106,6.1,,1011.2,,0,1,42262,Aligarh
2025-01-31 03:00:00,15.2,76,0.0,,90,3.6,,1011.8,,0,1,42262,Aligarh
2025-01-31 03:00:00,15.2,76,0.0,,90,3.6,,1011.8,,0,1,42262,Aligarh
2025-01-31 04:00:00,16.7,78,0.0,,117,5.0,,1012.5,,0,1,42262,Aligarh
2025-01-31 04:00:00,16.7,78,0.0,,117,5.0,,1012.5,,0,1,42262,Aligarh
2025-01-31 05:00:00,19.8,70,0.0,,130,5.4,,1012.9,,0,1,42262,Aligarh
2025-01-31 05:00:00,19.8,70,0.0,,130,5.4,,1012.9,,0,1,42262,Aligarh
2025-01-31 06:00:00,22.1,62,0.0,,142,6.1,,1012.5,,0,1,42262,Aligarh
2025-01-31 06:00:00,22.1,62,0.0,,142,6.1,,1012.5,,0,1,42262,Aligarh
2025-01-31 07:00:00,23.6,57,0.0,,147,6.5,,1011.6,,0,1,42262,Aligarh
2025-01-31 07:00:00,23.6,57,0.0,,147,6.5,,1011.6,,0,1,42262,Aligarh
2025-01-31 08:00:00,24.5,53,0.0,,147,6.1,,1010.6,,0,1,42262,Aligarh
2025-01-31 08:00:00,24.5,53,0.0,,147,6.1,,1010.6,,0,1,42262,Aligarh
2025-01-31 09:00:00,24.9,49,0.0,,144,6.5,,1009.8,,0,1,42262,Aligarh
2025-01-31 09:00:00,24.9,49,0.0,,144,6.5,,1009.8,,0,1,42262,Aligarh
2025-01-31 10:00:00,24.8,47,0.0,,140,6.5,,1009.3,,0,1,42262,Aligarh
2025-01-31 10:00:00,24.8,47,0.0,,140,6.5,,1009.3,,0,1,42262,Aligarh
2025-01-31 11:00:00,24.0,49,0.0,,130,6.1,,1009.7,,0,1,42262,Aligarh
2025-01-31 11:00:00,24.0,49,0.0,,130,6.1,,1009.7,,0,1,42262,Aligarh
2025-01-31 12:00:00,23.4,60,0.0,,0,0.0,,1009.7,,0,1,42262,Aligarh
2025-01-31 12:00:00,23.4,60,0.0,,0,0.0,,1009.7,,0,1,42262,Aligarh
2025-01-31 13:00:00,19.6,67,0.0,,123,7.2,,1010.3,,0,1,42262,Aligarh
2025-01-31 13:00:00,19.6,67,0.0,,123,7.2,,1010.3,,0,1,42262,Aligarh
2025-01-31 14:00:00,18.5,71,0.0,,114,8.3,,1010.8,,0,1,42262,Aligarh
2025-01-31 14:00:00,18.5,71,0.0,,114,8.3,,1010.8,,0,1,42262,Aligarh
2025-01-31 15:00:00,17.5,74,0.0,,96,7.9,,1011.3,,0,1,42262,Aligarh
2025-01-31 15:00:00,17.5,74,0.0,,96,7.9,,1011.3,,0,1,42262,Aligarh
2025-01-31 16:00:00,16.7,76,0.0,,84,8.3,,1011.6,,0,1,42262,Aligarh
2025-01-31 16:00:00,16.7,76,0.0,,84,8.3,,1011.6,,0,1,42262,Aligarh
2025-01-31 17:00:00,15.9,78,0.0,,84,8.3,,1012.2,,0,1,42262,Aligarh
2025-01-31 17:00:00,15.9,78,0.0,,84,8.3,,1012.2,,0,1,42262,Aligarh
2025-01-31 18:00:00,15.2,80,0.0,,76,8.6,,1012.2,,0,1,42262,Aligarh
2025-01-31 18:00:00,15.2,80,0.0,,76,8.6,,1012.2,,0,1,42262,Aligarh
2025-01-31 19:00:00,14.7,77,0.0,,67,9.0,,1012.0,,0,1,42262,Aligarh
2025-01-31 19:00:00,14.7,77,0.0,,67,9.0,,1012.0,,0,1,42262,Aligarh
2025-01-31 20:00:00,14.2,78,0.0,,77,9.4,,1011.8,,0,1,42262,Aligarh
2025-01-31 20:00:00,14.2,78,0.0,,77,9.4,,1011.8,,0,1,42262,Aligarh
2025-01-31 21:00:00,14.1,87,0.0,,77,10.1,,1011.1,,0,1,42262,Aligarh
2025-01-31 21:00:00,14.1,87,0.0,,77,10.1,,1011.1,,0,1,42262,Aligarh
2025-01-31 22:00:00,14.1,91,0.0,,80,10.1,,1010.7,,0,1,42262,Aligarh
2025-01-31 22:00:00,14.1,91,0.0,,80,10.1,,1010.7,,0,1,42262,Aligarh
2025-01-31 23:00:00,13.9,92,0.0,,82,9.4,,1010.8,,1,1,42262,Aligarh
2025-01-31 23:00:00,13.9,92,0.0,,82,9.4,,1010.8,,1,1,42262,Aligarh
2025-02-01 00:00:00,13.5,94,0.0,,88,8.6,,1010.9,,0,1,42262,Aligarh
2025-02-01 00:00:00,13.5,94,0.0,,88,8.6,,1010.9,,0,1,42262,Aligarh
